user_id,product_id,rating,timestamp
U0001,A018,4.0,2024-11-04
U0001,A002,2.5,2024-08-06
U0001,A032,3.5,2024-03-26
U0001,A008,3.0,2024-12-19
U0001,A017,4.0,2024-08-15
U0001,A036,2.5,2024-06-28
U0001,A019,5.0,2024-08-16
U0001,A057,1.5,2024-01-22
U0001,A022,3.0,2024-06-29
U0001,A021,2.0,2024-11-10
U0001,A053,4.5,2024-08-10
U0001,A027,3.0,2024-05-20
U0001,A059,3.0,2024-11-23
U0001,A049,3.5,2024-01-30
U0001,A035,3.0,2024-02-08
U0002,A036,2.5,2024-07-09
U0002,A040,2.5,2024-08-15
U0002,A045,3.0,2024-02-09
U0002,A031,2.0,2024-10-20
U0002,A039,3.0,2024-03-11
U0002,A016,3.0,2024-09-28
U0002,A023,3.0,2024-07-06
U0002,A038,2.0,2024-07-22
U0002,A044,4.0,2024-06-09
U0002,A033,2.5,2024-11-28
U0002,A058,2.0,2024-05-22
U0002,A059,3.0,2024-05-07
U0002,A003,3.0,2024-02-28
U0002,A010,3.0,2024-01-14
U0003,A032,4.0,2024-03-03
U0003,A017,4.0,2024-03-10
U0003,A034,3.0,2024-02-07
U0003,A046,5.0,2024-08-19
U0003,A022,2.5,2024-03-29
U0003,A043,2.5,2024-08-15
U0003,A037,3.0,2024-02-14
U0003,A038,3.5,2024-12-15
U0003,A058,3.0,2024-06-12
U0003,A027,3.5,2024-12-07
U0004,A012,2.5,2024-09-09
U0004,A018,2.0,2024-01-14
U0004,A002,4.0,2024-07-03
U0004,A017,3.5,2024-10-10
U0004,A040,4.5,2024-10-20
U0004,A015,3.5,2024-07-07
U0004,A016,2.0,2024-08-27
U0004,A021,3.0,2024-10-09
U0004,A042,2.5,2024-03-07
U0004,A004,2.0,2024-11-09
U0004,A058,2.5,2024-02-14
U0004,A003,4.0,2024-02-03
U0004,A035,3.5,2024-06-07
U0005,A024,3.0,2024-01-29
U0005,A033,3.5,2024-03-04
U0005,A025,2.5,2024-09-22
U0005,A054,2.5,2024-03-19
U0005,A040,3.0,2024-06-04
U0005,A045,1.0,2024-03-25
U0005,A060,4.0,2024-03-23
U0005,A020,2.5,2024-06-14
U0005,A009,3.5,2024-12-29
U0005,A044,3.0,2024-04-25
U0005,A059,4.0,2024-06-26
U0005,A011,3.5,2024-09-22
U0005,A049,3.0,2024-05-25
U0005,A029,2.5,2024-02-10
U0006,A001,3.0,2024-11-24
U0006,A032,2.5,2024-10-22
U0006,A005,2.5,2024-05-15
U0006,A025,3.5,2024-11-29
U0006,A047,3.5,2024-04-17
U0006,A058,2.5,2024-10-19
U0006,A057,3.0,2024-08-01
U0006,A042,2.5,2024-11-12
U0006,A044,5.0,2024-11-23
U0006,A011,3.0,2024-01-16
U0006,A049,2.5,2024-09-11
U0006,A035,4.0,2024-11-17
U0007,A024,2.5,2024-08-25
U0007,A051,3.5,2024-04-14
U0007,A017,3.5,2024-06-23
U0007,A030,3.5,2024-11-06
U0007,A045,3.0,2024-03-14
U0007,A060,3.5,2024-06-09
U0007,A015,3.0,2024-06-12
U0007,A050,4.5,2024-06-25
U0007,A023,2.5,2024-07-23
U0007,A037,4.5,2024-03-07
U0007,A038,3.0,2024-07-08
U0007,A008,2.0,2024-09-20
U0008,A008,3.0,2024-05-28
U0008,A001,2.0,2024-07-15
U0008,A005,3.5,2024-11-11
U0008,A034,3.5,2024-08-02
U0008,A030,4.0,2024-05-07
U0008,A015,4.0,2024-03-22
U0008,A048,3.0,2024-06-16
U0008,A059,2.5,2024-10-22
U0008,A058,2.5,2024-06-09
U0009,A017,4.0,2024-10-25
U0009,A030,2.0,2024-06-29
U0009,A040,4.0,2024-01-25
U0009,A046,2.5,2024-01-26
U0009,A060,2.5,2024-05-24
U0009,A016,2.0,2024-09-10
U0009,A013,2.5,2024-11-01
U0009,A021,1.5,2024-11-30
U0009,A042,2.5,2024-12-10
U0009,A008,4.0,2024-08-28
U0009,A003,3.0,2024-05-26
U0010,A028,4.0,2024-07-24
U0010,A001,2.0,2024-01-27
U0010,A057,1.5,2024-10-18
U0010,A060,2.5,2024-10-14
U0010,A043,2.0,2024-04-09
U0010,A053,2.5,2024-07-04
U0010,A044,3.5,2024-10-10
U0010,A033,2.5,2024-05-27
U0011,A032,3.0,2024-10-12
U0011,A036,4.0,2024-07-06
U0011,A040,2.0,2024-03-14
U0011,A046,2.5,2024-04-11
U0011,A045,4.0,2024-11-04
U0011,A041,3.5,2024-09-17
U0011,A043,2.5,2024-07-24
U0011,A053,3.5,2024-09-13
U0011,A006,3.0,2024-01-21
U0012,A055,4.5,2024-03-12
U0012,A036,2.5,2024-06-16
U0012,A046,3.0,2024-11-09
U0012,A056,3.0,2024-06-12
U0012,A038,3.5,2024-03-24
U0012,A001,4.0,2024-07-20
U0012,A058,3.5,2024-11-11
U0012,A003,3.0,2024-06-02
U0013,A028,4.5,2024-05-15
U0013,A018,3.0,2024-12-01
U0013,A007,3.0,2024-10-23
U0013,A032,3.5,2024-10-22
U0013,A054,3.0,2024-04-26
U0013,A060,3.0,2024-01-27
U0013,A013,2.5,2024-10-25
U0013,A009,3.0,2024-09-02
U0013,A056,3.5,2024-03-28
U0013,A038,2.5,2024-09-25
U0013,A001,3.0,2024-11-18
U0013,A059,3.5,2024-11-13
U0013,A035,2.5,2024-07-13
U0014,A007,2.5,2024-09-13
U0014,A047,3.5,2024-11-09
U0014,A030,3.5,2024-08-29
U0014,A040,2.0,2024-02-01
U0014,A026,3.0,2024-12-27
U0014,A031,2.5,2024-03-11
U0014,A041,3.5,2024-09-22
U0014,A019,4.0,2024-04-16
U0014,A004,2.0,2024-10-14
U0014,A044,3.5,2024-06-15
U0015,A005,2.5,2024-06-27
U0015,A025,2.5,2024-10-13
U0015,A054,4.0,2024-05-20
U0015,A036,3.5,2024-05-27
U0015,A034,3.5,2024-03-03
U0015,A046,3.0,2024-10-20
U0015,A020,3.5,2024-12-12
U0015,A006,2.5,2024-10-05
U0015,A004,3.5,2024-07-13
U0015,A059,4.0,2024-07-21
U0015,A058,2.5,2024-06-25
U0015,A027,2.0,2024-03-15
U0015,A010,4.5,2024-05-28
U0015,A035,3.0,2024-01-22
U0015,A029,4.5,2024-05-27
U0016,A055,3.0,2024-02-25
U0016,A026,4.5,2024-11-11
U0016,A003,3.5,2024-10-27
U0016,A042,4.5,2024-05-02
U0016,A035,3.5,2024-05-04
U0016,A038,2.5,2024-01-26
U0016,A008,3.5,2024-12-08
U0016,A027,4.0,2024-09-28
U0016,A052,4.0,2024-04-25
U0017,A044,5.0,2024-11-29
U0017,A007,5.0,2024-04-12
U0017,A025,2.5,2024-05-27
U0017,A054,4.5,2024-06-13
U0017,A057,3.0,2024-05-26
U0017,A020,3.5,2024-11-26
U0017,A015,3.5,2024-01-31
U0017,A023,3.0,2024-02-15
U0017,A001,4.0,2024-11-29
U0017,A008,3.5,2024-10-20
U0017,A014,3.0,2024-04-28
U0018,A017,2.0,2024-01-20
U0018,A045,3.0,2024-01-05
U0018,A046,4.0,2024-06-01
U0018,A060,4.0,2024-10-17
U0018,A015,3.0,2024-11-04
U0018,A013,4.0,2024-02-24
U0018,A033,1.5,2024-06-20
U0018,A049,3.5,2024-05-25
U0019,A055,2.5,2024-10-17
U0019,A012,4.5,2024-12-11
U0019,A028,2.5,2024-04-08
U0019,A051,3.0,2024-03-30
U0019,A017,3.5,2024-11-08
U0019,A054,4.5,2024-11-23
U0019,A030,4.0,2024-07-26
U0019,A060,3.0,2024-08-06
U0019,A031,4.0,2024-09-20
U0019,A015,3.5,2024-06-16
U0019,A016,3.5,2024-02-14
U0019,A035,3.5,2024-07-24
U0019,A048,4.0,2024-12-08
U0019,A033,4.5,2024-02-18
U0019,A052,4.0,2024-04-04
U0020,A028,3.0,2024-10-25
U0020,A017,3.5,2024-10-20
U0020,A036,4.0,2024-01-06
U0020,A060,4.0,2024-05-13
U0020,A020,2.5,2024-11-30
U0020,A042,2.5,2024-07-03
U0020,A023,2.5,2024-12-20
U0020,A004,3.5,2024-04-30
U0020,A008,4.0,2024-02-01
U0020,A059,3.0,2024-12-07
U0021,A005,2.0,2024-11-10
U0021,A019,4.0,2024-04-23
U0021,A057,2.5,2024-04-22
U0021,A020,4.5,2024-03-09
U0021,A015,3.5,2024-09-01
U0021,A043,3.5,2024-03-19
U0021,A044,3.5,2024-08-20
U0021,A011,4.5,2024-11-06
U0021,A035,2.5,2024-07-10
U0022,A055,3.5,2024-03-25
U0022,A024,3.5,2024-06-16
U0022,A054,3.5,2024-09-23
U0022,A036,3.0,2024-08-14
U0022,A026,3.0,2024-02-29
U0022,A020,3.5,2024-12-14
U0022,A016,3.5,2024-04-15
U0022,A039,3.5,2024-10-25
U0022,A021,3.5,2024-09-07
U0022,A009,3.0,2024-02-16
U0022,A050,4.0,2024-09-18
U0022,A048,2.5,2024-08-16
U0022,A049,3.0,2024-01-29
U0022,A010,5.0,2024-08-20
U0023,A051,2.5,2024-01-24
U0023,A030,3.0,2024-08-04
U0023,A045,1.5,2024-06-25
U0023,A040,2.5,2024-12-24
U0023,A031,2.5,2024-02-02
U0023,A013,3.0,2024-10-04
U0023,A042,3.0,2024-01-31
U0023,A039,4.0,2024-02-05
U0023,A027,4.0,2024-08-29
U0023,A029,3.0,2024-01-17
U0024,A055,4.0,2024-03-01
U0024,A018,2.0,2024-04-01
U0024,A019,2.5,2024-10-02
U0024,A040,2.5,2024-07-20
U0024,A053,3.5,2024-09-27
U0024,A037,3.0,2024-03-06
U0024,A006,2.0,2024-04-24
U0024,A038,3.5,2024-01-02
U0024,A033,2.0,2024-01-12
U0024,A058,3.0,2024-06-01
U0024,A049,2.5,2024-08-25
U0024,A029,2.5,2024-12-10
U0025,A034,4.0,2024-05-03
U0025,A019,4.0,2024-04-15
U0025,A057,2.5,2024-02-04
U0025,A060,2.0,2024-02-21
U0025,A041,2.0,2024-10-31
U0025,A016,3.0,2024-01-18
U0025,A022,3.0,2024-08-16
U0025,A031,2.0,2024-11-02
U0025,A044,3.0,2024-12-10
U0025,A008,3.0,2024-12-26
U0025,A058,3.5,2024-01-25
U0025,A027,3.0,2024-05-05
U0025,A012,4.5,2024-01-23
U0025,A014,4.0,2024-07-24
U0026,A025,2.5,2024-10-29
U0026,A036,2.5,2024-03-30
U0026,A026,3.0,2024-11-16
U0026,A019,2.5,2024-12-13
U0026,A022,2.0,2024-08-06
U0026,A039,3.0,2024-10-11
U0026,A016,3.5,2024-09-10
U0026,A021,2.0,2024-01-25
U0026,A009,3.5,2024-06-25
U0026,A027,2.5,2024-11-25
U0026,A004,2.5,2024-12-09
U0026,A001,3.5,2024-07-14
U0026,A059,2.5,2024-09-25
U0026,A003,3.0,2024-06-12
U0026,A012,3.0,2024-12-22
U0027,A033,4.5,2024-10-12
U0027,A007,3.5,2024-09-28
U0027,A047,3.5,2024-03-09
U0027,A030,4.0,2024-07-17
U0027,A019,3.5,2024-05-04
U0027,A045,2.5,2024-05-10
U0027,A015,2.0,2024-04-14
U0027,A042,2.5,2024-06-18
U0027,A038,2.5,2024-11-27
U0027,A004,4.0,2024-02-10
U0027,A059,4.0,2024-08-18
U0027,A003,3.5,2024-07-08
U0027,A035,2.5,2024-02-17
U0027,A029,4.5,2024-10-01
U0028,A024,4.5,2024-01-08
U0028,A005,3.0,2024-04-18
U0028,A034,1.5,2024-04-07
U0028,A030,3.5,2024-03-01
U0028,A053,3.0,2024-09-02
U0028,A042,3.5,2024-05-04
U0028,A006,3.0,2024-12-22
U0028,A004,4.0,2024-11-05
U0028,A039,4.0,2024-12-26
U0028,A011,3.5,2024-04-14
U0028,A035,3.0,2024-07-22
U0029,A055,3.0,2024-08-28
U0029,A008,3.5,2024-06-12
U0029,A018,1.5,2024-04-14
U0029,A024,2.0,2024-07-08
U0029,A017,3.0,2024-06-09
U0029,A045,3.0,2024-07-30
U0029,A043,3.0,2024-01-24
U0029,A020,2.0,2024-10-15
U0029,A009,2.5,2024-04-23
U0029,A059,3.5,2024-03-15
U0029,A052,3.5,2024-01-09
U0030,A055,3.5,2024-09-07
U0030,A051,3.5,2024-11-24
U0030,A034,2.0,2024-09-08
U0030,A036,3.0,2024-08-23
U0030,A060,3.5,2024-03-27
U0030,A042,3.0,2024-06-29
U0030,A050,3.5,2024-03-27
U0030,A056,3.5,2024-03-12
U0030,A033,3.0,2024-10-06
U0030,A010,2.5,2024-09-07
U0030,A035,4.0,2024-04-04
U0030,A029,3.5,2024-10-04
U0031,A026,4.0,2024-02-04
U0031,A013,4.5,2024-12-28
U0031,A009,2.0,2024-03-18
U0031,A023,2.5,2024-01-05
U0031,A037,4.0,2024-04-21
U0031,A048,4.5,2024-09-15
U0031,A011,3.0,2024-08-21
U0031,A049,3.5,2024-07-10
U0032,A001,4.0,2024-01-09
U0032,A045,4.0,2024-09-28
U0032,A060,2.5,2024-05-20
U0032,A022,5.0,2024-10-01
U0032,A023,4.0,2024-05-26
U0032,A009,3.0,2024-01-09
U0032,A038,4.0,2024-09-14
U0032,A039,5.0,2024-12-23
U0033,A028,2.5,2024-07-26
U0033,A018,2.5,2024-08-23
U0033,A024,3.5,2024-10-16
U0033,A032,2.0,2024-05-04
U0033,A007,2.5,2024-12-22
U0033,A002,3.0,2024-04-25
U0033,A017,2.0,2024-06-02
U0033,A043,4.5,2024-12-16
U0033,A050,2.5,2024-02-11
U0033,A009,2.5,2024-11-30
U0033,A042,2.5,2024-11-28
U0033,A056,4.5,2024-01-17
U0033,A058,3.5,2024-02-17
U0033,A003,2.5,2024-07-26
U0034,A025,2.5,2024-01-24
U0034,A034,2.0,2024-02-08
U0034,A030,3.0,2024-12-16
U0034,A017,3.0,2024-05-23
U0034,A057,2.5,2024-10-05
U0034,A060,3.0,2024-10-15
U0034,A039,4.0,2024-12-02
U0034,A022,4.0,2024-01-17
U0034,A048,3.0,2024-04-01
U0034,A016,3.0,2024-06-10
U0034,A037,3.0,2024-01-09
U0034,A038,3.5,2024-04-16
U0034,A001,3.0,2024-10-27
U0034,A059,3.5,2024-03-14
U0035,A029,2.5,2024-04-28
U0035,A034,3.0,2024-02-08
U0035,A036,4.0,2024-06-23
U0035,A040,4.0,2024-11-05
U0035,A057,2.5,2024-11-10
U0035,A022,4.0,2024-10-31
U0035,A060,3.0,2024-07-22
U0035,A015,4.0,2024-06-16
U0035,A009,3.0,2024-01-16
U0035,A001,4.0,2024-11-20
U0035,A059,2.5,2024-05-19
U0035,A058,3.0,2024-08-18
U0035,A052,4.0,2024-09-08
U0035,A014,1.5,2024-04-26
U0036,A028,2.5,2024-02-16
U0036,A002,4.5,2024-01-03
U0036,A051,4.5,2024-06-06
U0036,A040,2.5,2024-08-15
U0036,A041,3.0,2024-07-03
U0036,A053,3.0,2024-05-18
U0036,A037,3.5,2024-02-22
U0036,A050,3.5,2024-03-08
U0036,A056,4.0,2024-02-14
U0036,A033,3.5,2024-04-05
U0036,A029,5.0,2024-08-08
U0036,A035,2.5,2024-08-17
U0036,A014,2.0,2024-10-12
U0037,A055,3.0,2024-10-19
U0037,A018,3.5,2024-09-23
U0037,A002,4.0,2024-03-27
U0037,A051,4.5,2024-12-16
U0037,A036,5.0,2024-07-13
U0037,A045,3.5,2024-03-27
U0037,A057,1.5,2024-03-12
U0037,A022,3.0,2024-05-17
U0037,A026,4.5,2024-06-03
U0037,A023,4.0,2024-05-17
U0037,A037,3.5,2024-09-09
U0037,A048,3.5,2024-03-15
U0037,A012,2.5,2024-02-02
U0037,A014,4.5,2024-03-26
U0038,A008,2.5,2024-06-04
U0038,A002,4.0,2024-01-04
U0038,A018,4.0,2024-07-21
U0038,A017,2.0,2024-06-19
U0038,A025,2.5,2024-11-13
U0038,A060,3.5,2024-07-13
U0038,A020,3.5,2024-06-17
U0038,A016,5.0,2024-08-13
U0038,A042,2.5,2024-06-20
U0038,A056,4.0,2024-08-08
U0038,A038,3.5,2024-11-29
U0038,A048,2.0,2024-10-31
U0038,A059,3.0,2024-03-10
U0038,A010,3.5,2024-06-02
U0039,A034,2.0,2024-02-28
U0039,A036,2.5,2024-10-15
U0039,A030,2.5,2024-04-12
U0039,A019,3.0,2024-10-30
U0039,A026,2.5,2024-10-06
U0039,A022,2.5,2024-04-02
U0039,A037,3.0,2024-12-15
U0039,A006,3.5,2024-10-08
U0039,A038,4.5,2024-01-14
U0039,A044,3.0,2024-08-24
U0039,A033,3.5,2024-12-28
U0039,A059,2.0,2024-04-17
U0039,A035,4.0,2024-08-12
U0040,A007,4.0,2024-09-02
U0040,A024,3.0,2024-10-25
U0040,A060,2.5,2024-07-24
U0040,A041,3.0,2024-09-30
U0040,A020,3.5,2024-09-16
U0040,A022,3.5,2024-12-20
U0040,A042,3.5,2024-08-02
U0040,A053,2.0,2024-10-05
U0040,A038,3.5,2024-01-19
U0040,A059,3.0,2024-07-03
U0040,A035,3.0,2024-12-25
U0040,A014,4.0,2024-10-01
U0041,A028,1.5,2024-08-08
U0041,A018,3.0,2024-02-24
U0041,A045,3.5,2024-01-06
U0041,A022,3.5,2024-02-20
U0041,A015,4.5,2024-05-12
U0041,A042,4.5,2024-04-23
U0041,A023,2.0,2024-09-18
U0041,A048,2.0,2024-09-22
U0041,A011,3.5,2024-10-12
U0042,A032,3.0,2024-05-31
U0042,A054,4.0,2024-07-31
U0042,A036,4.0,2024-02-13
U0042,A046,3.5,2024-02-29
U0042,A022,3.0,2024-03-13
U0042,A060,3.0,2024-06-27
U0042,A020,3.0,2024-06-08
U0042,A015,4.0,2024-06-24
U0042,A021,2.0,2024-08-21
U0042,A006,4.0,2024-04-15
U0042,A001,3.5,2024-09-23
U0043,A028,3.0,2024-09-21
U0043,A012,2.0,2024-03-30
U0043,A002,3.0,2024-10-09
U0043,A032,4.0,2024-03-22
U0043,A024,3.5,2024-06-18
U0043,A047,3.0,2024-10-13
U0043,A036,3.5,2024-08-06
U0043,A034,3.5,2024-08-24
U0043,A046,4.0,2024-04-28
U0043,A057,3.0,2024-07-26
U0043,A043,3.0,2024-11-18
U0043,A015,2.0,2024-04-04
U0043,A038,2.5,2024-04-05
U0043,A052,4.0,2024-11-23
U0043,A014,4.0,2024-12-02
U0044,A007,4.0,2024-10-01
U0044,A032,3.5,2024-04-05
U0044,A047,3.5,2024-07-06
U0044,A030,3.5,2024-06-15
U0044,A019,3.0,2024-04-10
U0044,A026,3.0,2024-08-22
U0044,A022,3.5,2024-02-28
U0044,A057,3.5,2024-05-14
U0044,A042,3.5,2024-12-09
U0044,A023,3.0,2024-09-07
U0044,A050,4.5,2024-09-27
U0044,A010,3.0,2024-11-23
U0044,A035,3.0,2024-06-09
U0044,A029,3.0,2024-11-01
U0045,A018,4.5,2024-07-10
U0045,A002,2.0,2024-12-21
U0045,A032,2.0,2024-03-13
U0045,A040,3.5,2024-09-18
U0045,A003,2.0,2024-07-17
U0045,A060,2.5,2024-08-02
U0045,A041,3.0,2024-11-01
U0045,A043,3.5,2024-03-11
U0045,A006,2.5,2024-10-21
U0045,A038,4.0,2024-07-15
U0045,A059,4.0,2024-08-04
U0045,A058,2.5,2024-04-05
U0045,A004,4.0,2024-09-06
U0045,A052,3.0,2024-11-21
U0046,A044,3.0,2024-09-05
U0046,A036,3.5,2024-03-10
U0046,A030,3.0,2024-04-09
U0046,A046,4.5,2024-07-15
U0046,A031,1.0,2024-10-14
U0046,A009,3.0,2024-09-15
U0046,A039,4.0,2024-11-30
U0046,A059,3.5,2024-09-10
U0046,A058,5.0,2024-07-28
U0046,A049,3.0,2024-12-16
U0047,A055,3.0,2024-09-18
U0047,A034,2.0,2024-02-27
U0047,A058,3.5,2024-10-20
U0047,A040,2.0,2024-02-28
U0047,A060,3.5,2024-05-17
U0047,A020,4.0,2024-10-05
U0047,A041,2.5,2024-07-06
U0047,A022,3.5,2024-10-04
U0047,A023,4.0,2024-01-22
U0047,A004,3.0,2024-08-13
U0047,A039,4.0,2024-10-06
U0047,A008,1.5,2024-04-21
U0047,A059,4.0,2024-08-05
U0047,A027,3.0,2024-02-22
U0047,A029,3.0,2024-11-30
U0048,A028,3.0,2024-12-29
U0048,A044,3.0,2024-11-08
U0048,A024,2.5,2024-11-19
U0048,A017,4.0,2024-08-07
U0048,A030,2.0,2024-03-25
U0048,A040,3.5,2024-11-11
U0048,A046,2.5,2024-03-12
U0048,A050,2.0,2024-04-15
U0048,A042,1.5,2024-04-15
U0048,A001,3.0,2024-01-31
U0048,A035,2.0,2024-10-18
U0049,A049,3.5,2024-03-08
U0049,A028,2.5,2024-05-07
U0049,A012,4.0,2024-03-15
U0049,A024,3.5,2024-12-30
U0049,A007,4.5,2024-06-13
U0049,A005,3.5,2024-05-06
U0049,A025,2.0,2024-12-12
U0049,A043,4.5,2024-07-20
U0049,A013,2.0,2024-09-07
U0049,A021,2.0,2024-03-13
U0049,A011,3.0,2024-10-22
U0049,A003,3.0,2024-11-19
U0049,A035,4.0,2024-05-17
U0050,A012,3.5,2024-08-22
U0050,A007,3.0,2024-11-21
U0050,A024,3.0,2024-12-06
U0050,A030,3.5,2024-12-23
U0050,A057,2.5,2024-07-02
U0050,A060,2.5,2024-02-02
U0050,A031,3.0,2024-09-30
U0050,A009,4.0,2024-07-22
U0050,A038,1.0,2024-04-21
U0050,A044,3.5,2024-08-07
U0050,A014,3.0,2024-04-18
U0050,A027,2.0,2024-09-10
U0050,A052,3.5,2024-05-17
U0050,A029,3.5,2024-06-14
U0051,A028,3.5,2024-08-07
U0051,A018,5.0,2024-04-13
U0051,A002,3.0,2024-12-18
U0051,A025,3.5,2024-03-08
U0051,A047,4.5,2024-11-28
U0051,A057,2.0,2024-06-03
U0051,A031,3.0,2024-03-22
U0051,A041,4.0,2024-05-20
U0051,A023,3.0,2024-02-17
U0051,A038,3.5,2024-12-01
U0051,A008,3.0,2024-07-03
U0051,A014,3.0,2024-05-08
U0052,A028,3.5,2024-04-19
U0052,A033,3.5,2024-09-01
U0052,A032,4.5,2024-02-09
U0052,A040,2.5,2024-03-08
U0052,A057,3.5,2024-10-30
U0052,A060,3.0,2024-04-25
U0052,A031,4.0,2024-09-22
U0052,A050,3.0,2024-12-14
U0052,A059,2.5,2024-08-15
U0053,A024,3.5,2024-07-15
U0053,A032,5.0,2024-02-15
U0053,A025,4.5,2024-02-22
U0053,A030,2.5,2024-02-22
U0053,A045,3.5,2024-06-09
U0053,A026,2.5,2024-07-07
U0053,A013,3.5,2024-06-02
U0053,A059,4.5,2024-03-11
U0054,A018,4.0,2024-04-21
U0054,A007,3.0,2024-02-14
U0054,A047,3.0,2024-02-21
U0054,A022,4.5,2024-03-12
U0054,A020,4.0,2024-03-04
U0054,A015,4.0,2024-10-28
U0054,A021,4.0,2024-07-15
U0054,A050,3.5,2024-06-28
U0054,A038,3.5,2024-08-07
U0054,A033,3.5,2024-06-10
U0054,A011,3.0,2024-03-12
U0054,A049,3.5,2024-05-06
U0054,A010,3.5,2024-05-21
U0054,A014,4.0,2024-11-26
U0055,A012,3.0,2024-07-16
U0055,A008,3.5,2024-02-27
U0055,A026,2.5,2024-05-03
U0055,A057,2.0,2024-09-12
U0055,A050,3.5,2024-11-22
U0055,A004,4.0,2024-10-31
U0055,A059,3.0,2024-02-06
U0055,A035,4.0,2024-09-27
U0055,A029,3.0,2024-01-07
U0056,A001,2.0,2024-01-31
U0056,A032,3.5,2024-07-22
U0056,A017,4.0,2024-09-16
U0056,A045,2.5,2024-05-26
U0056,A046,2.5,2024-11-17
U0056,A057,2.5,2024-12-30
U0056,A041,3.5,2024-09-13
U0056,A031,2.5,2024-07-31
U0056,A026,3.0,2024-08-04
U0056,A006,2.5,2024-12-25
U0056,A044,4.5,2024-07-24
U0056,A033,3.0,2024-02-12
U0056,A029,4.0,2024-11-23
U0057,A024,3.5,2024-08-11
U0057,A051,3.5,2024-05-02
U0057,A026,3.5,2024-01-30
U0057,A057,4.0,2024-05-05
U0057,A041,3.5,2024-02-14
U0057,A043,2.0,2024-08-10
U0057,A009,2.5,2024-02-29
U0057,A006,5.0,2024-08-20
U0057,A037,3.5,2024-11-09
U0057,A012,4.5,2024-11-07
U0058,A018,4.0,2024-09-24
U0058,A032,4.0,2024-09-21
U0058,A030,2.5,2024-05-12
U0058,A015,3.5,2024-03-26
U0058,A035,1.5,2024-07-09
U0058,A039,4.0,2024-03-05
U0058,A049,2.0,2024-05-17
U0058,A012,2.5,2024-03-01
U0059,A028,3.5,2024-01-29
U0059,A055,2.5,2024-09-12
U0059,A024,1.5,2024-10-17
U0059,A046,3.5,2024-03-26
U0059,A043,4.5,2024-07-07
U0059,A020,3.5,2024-03-21
U0059,A053,3.5,2024-05-10
U0059,A059,3.5,2024-02-22
U0060,A055,3.5,2024-03-17
U0060,A018,5.0,2024-04-01
U0060,A047,4.0,2024-01-19
U0060,A034,4.0,2024-10-10
U0060,A030,4.0,2024-12-01
U0060,A019,4.5,2024-08-02
U0060,A039,4.0,2024-04-24
U0060,A050,4.0,2024-06-13
U0060,A001,3.0,2024-05-07
U0061,A028,3.5,2024-06-08
U0061,A055,2.0,2024-06-16
U0061,A007,2.5,2024-02-14
U0061,A032,2.5,2024-10-10
U0061,A002,2.0,2024-08-21
U0061,A036,3.0,2024-01-05
U0061,A030,2.0,2024-07-07
U0061,A057,3.0,2024-04-12
U0061,A022,2.5,2024-05-29
U0061,A016,3.0,2024-10-15
U0061,A023,4.0,2024-06-04
U0061,A059,3.5,2024-11-14
U0061,A058,3.0,2024-05-04
U0061,A035,2.5,2024-08-25
U0062,A055,2.5,2024-06-06
U0062,A028,4.0,2024-02-23
U0062,A018,3.0,2024-04-15
U0062,A034,2.5,2024-09-28
U0062,A047,3.0,2024-05-01
U0062,A046,3.5,2024-08-02
U0062,A031,2.5,2024-09-08
U0062,A053,2.5,2024-01-31
U0062,A023,5.0,2024-03-13
U0062,A050,2.5,2024-12-30
U0062,A058,3.0,2024-05-23
U0062,A049,3.0,2024-02-17
U0062,A029,3.0,2024-01-23
U0063,A032,3.5,2024-05-13
U0063,A051,2.5,2024-06-10
U0063,A057,3.0,2024-07-20
U0063,A060,3.0,2024-12-24
U0063,A015,2.5,2024-06-16
U0063,A037,4.0,2024-06-11
U0063,A039,3.5,2024-08-19
U0063,A033,3.0,2024-05-19
U0063,A058,3.5,2024-04-29
U0063,A052,3.0,2024-02-08
U0063,A029,2.5,2024-04-13
U0064,A029,3.0,2024-04-16
U0064,A032,3.0,2024-08-19
U0064,A054,4.5,2024-06-06
U0064,A046,5.0,2024-08-25
U0064,A009,3.5,2024-05-15
U0064,A044,3.0,2024-03-02
U0064,A033,2.5,2024-02-16
U0064,A058,3.5,2024-03-21
U0064,A059,4.5,2024-12-17
U0064,A014,3.0,2024-06-04
U0065,A034,3.0,2024-12-12
U0065,A057,4.0,2024-06-02
U0065,A060,4.5,2024-05-13
U0065,A023,2.5,2024-03-30
U0065,A006,2.0,2024-01-16
U0065,A058,3.5,2024-07-26
U0065,A003,2.0,2024-08-19
U0065,A052,2.0,2024-10-11
U0066,A001,3.5,2024-12-17
U0066,A002,4.5,2024-11-18
U0066,A034,2.0,2024-11-26
U0066,A040,2.5,2024-02-13
U0066,A057,3.5,2024-10-25
U0066,A060,3.0,2024-10-27
U0066,A041,4.0,2024-05-12
U0066,A042,3.0,2024-02-08
U0066,A006,2.5,2024-01-12
U0066,A048,3.0,2024-02-03
U0066,A049,2.0,2024-04-11
U0067,A028,2.5,2024-04-19
U0067,A002,4.0,2024-04-05
U0067,A047,3.5,2024-05-20
U0067,A019,3.0,2024-05-23
U0067,A057,4.0,2024-08-16
U0067,A020,3.5,2024-03-17
U0067,A015,2.5,2024-01-18
U0067,A053,2.5,2024-11-10
U0067,A023,3.5,2024-11-13
U0067,A037,3.5,2024-11-11
U0067,A033,3.5,2024-05-05
U0067,A003,2.5,2024-11-27
U0067,A010,3.5,2024-05-31
U0067,A052,2.5,2024-09-12
U0067,A029,3.0,2024-07-29
U0068,A028,3.5,2024-07-17
U0068,A007,4.5,2024-05-18
U0068,A036,2.5,2024-04-02
U0068,A011,4.0,2024-01-14
U0068,A019,3.0,2024-06-12
U0068,A041,3.0,2024-11-01
U0068,A043,3.0,2024-04-22
U0068,A016,3.0,2024-01-16
U0068,A021,5.0,2024-05-23
U0068,A023,4.0,2024-01-30
U0068,A038,4.0,2024-08-29
U0068,A044,3.5,2024-09-28
U0068,A008,2.5,2024-07-02
U0068,A058,3.5,2024-10-26
U0068,A014,4.5,2024-04-29
U0069,A034,3.0,2024-05-01
U0069,A025,2.0,2024-10-30
U0069,A026,5.0,2024-06-11
U0069,A031,3.0,2024-12-23
U0069,A009,2.5,2024-07-02
U0069,A037,4.5,2024-10-29
U0069,A006,3.5,2024-01-15
U0069,A059,3.5,2024-12-26
U0069,A049,3.5,2024-12-24
U0069,A014,4.5,2024-06-29
U0070,A024,3.5,2024-04-22
U0070,A054,3.0,2024-01-11
U0070,A022,3.0,2024-09-26
U0070,A031,3.5,2024-09-01
U0070,A015,1.0,2024-01-01
U0070,A016,3.0,2024-06-18
U0070,A050,3.0,2024-11-10
U0070,A056,4.0,2024-04-13
U0070,A008,3.0,2024-03-07
U0070,A027,3.0,2024-06-23
U0071,A044,4.0,2024-12-26
U0071,A018,2.5,2024-12-05
U0071,A002,4.0,2024-07-21
U0071,A040,4.0,2024-10-27
U0071,A039,3.5,2024-02-21
U0071,A041,3.0,2024-06-21
U0071,A006,3.5,2024-06-03
U0071,A056,3.0,2024-06-14
U0071,A001,2.5,2024-03-10
U0071,A033,2.5,2024-03-21
U0072,A051,4.0,2024-10-17
U0072,A025,3.5,2024-01-17
U0072,A047,3.5,2024-04-03
U0072,A019,4.5,2024-11-04
U0072,A060,2.0,2024-06-11
U0072,A015,2.5,2024-11-09
U0072,A021,2.0,2024-04-23
U0072,A050,3.5,2024-11-23
U0072,A037,3.5,2024-10-16
U0072,A044,4.5,2024-02-23
U0072,A059,3.5,2024-09-11
U0072,A058,3.0,2024-03-13
U0072,A049,3.0,2024-06-18
U0072,A027,3.5,2024-02-09
U0073,A032,2.0,2024-06-28
U0073,A051,4.0,2024-05-11
U0073,A047,3.0,2024-02-25
U0073,A046,3.5,2024-01-01
U0073,A015,3.5,2024-01-25
U0073,A042,2.5,2024-07-16
U0073,A044,5.0,2024-08-12
U0073,A059,2.5,2024-08-02
U0073,A058,2.5,2024-03-26
U0073,A052,4.0,2024-07-30
U0073,A014,4.0,2024-09-09
U0074,A024,4.0,2024-03-28
U0074,A051,3.0,2024-07-11
U0074,A047,4.0,2024-03-23
U0074,A057,2.0,2024-02-08
U0074,A020,4.5,2024-10-07
U0074,A048,3.0,2024-02-17
U0074,A013,4.0,2024-06-22
U0074,A037,3.0,2024-10-31
U0074,A006,2.5,2024-11-10
U0074,A044,3.0,2024-09-04
U0074,A008,1.5,2024-12-26
U0074,A058,3.5,2024-01-16
U0074,A059,3.0,2024-08-08
U0074,A003,3.0,2024-11-30
U0075,A018,4.0,2024-12-04
U0075,A007,4.5,2024-05-24
U0075,A032,4.5,2024-06-01
U0075,A034,2.0,2024-05-01
U0075,A060,3.5,2024-02-19
U0075,A015,3.5,2024-01-26
U0075,A013,3.5,2024-07-20
U0075,A016,3.0,2024-10-19
U0075,A027,3.5,2024-10-08
U0075,A012,3.5,2024-09-08
U0076,A002,4.0,2024-04-15
U0076,A005,3.0,2024-03-28
U0076,A030,2.5,2024-11-22
U0076,A040,5.0,2024-05-29
U0076,A057,2.0,2024-02-11
U0076,A039,3.0,2024-08-30
U0076,A016,3.5,2024-02-29
U0076,A053,4.0,2024-06-06
U0076,A001,4.0,2024-07-22
U0076,A052,5.0,2024-08-29
U0077,A002,3.0,2024-05-17
U0077,A005,2.0,2024-10-15
U0077,A017,3.5,2024-02-01
U0077,A036,1.0,2024-03-18
U0077,A030,2.5,2024-12-22
U0077,A045,4.0,2024-12-07
U0077,A046,2.5,2024-02-19
U0077,A060,2.5,2024-02-13
U0077,A026,4.0,2024-12-08
U0077,A015,2.5,2024-06-25
U0077,A027,3.5,2024-10-04
U0077,A001,4.0,2024-07-30
U0077,A049,3.5,2024-10-28
U0077,A052,2.0,2024-04-26
U0077,A029,2.5,2024-10-10
U0078,A007,5.0,2024-09-14
U0078,A026,4.0,2024-10-19
U0078,A060,2.0,2024-09-21
U0078,A020,3.5,2024-10-19
U0078,A039,3.0,2024-12-12
U0078,A048,3.0,2024-11-13
U0078,A010,4.0,2024-03-16
U0078,A035,2.5,2024-03-02
U0079,A034,2.5,2024-10-11
U0079,A026,3.0,2024-07-22
U0079,A045,3.5,2024-10-09
U0079,A057,3.0,2024-06-15
U0079,A043,3.0,2024-05-21
U0079,A015,3.0,2024-09-23
U0079,A053,2.5,2024-08-22
U0079,A023,2.5,2024-01-07
U0079,A048,3.5,2024-12-24
U0079,A014,4.0,2024-11-15
U0079,A058,4.0,2024-10-27
U0079,A049,2.0,2024-09-24
U0079,A010,4.0,2024-08-02
U0079,A052,3.0,2024-02-27
U0079,A029,3.5,2024-07-31
U0080,A028,1.5,2024-05-15
U0080,A032,2.5,2024-07-15
U0080,A057,3.0,2024-12-01
U0080,A022,4.5,2024-09-05
U0080,A041,2.5,2024-10-19
U0080,A037,2.5,2024-11-07
U0080,A056,3.0,2024-08-30
U0080,A048,3.0,2024-01-20
U0080,A059,3.0,2024-03-29
U0080,A010,3.0,2024-05-21
U0081,A018,3.0,2024-12-22
U0081,A005,3.5,2024-12-16
U0081,A034,3.0,2024-02-20
U0081,A036,3.0,2024-04-26
U0081,A051,4.0,2024-03-09
U0081,A019,3.0,2024-06-02
U0081,A057,3.0,2024-08-14
U0081,A060,4.0,2024-06-13
U0081,A041,4.5,2024-05-17
U0081,A043,4.0,2024-08-01
U0081,A039,3.0,2024-11-05
U0081,A030,3.0,2024-11-26
U0081,A001,3.5,2024-02-15
U0081,A029,3.5,2024-04-06
U0082,A028,4.0,2024-04-08
U0082,A055,3.0,2024-04-12
U0082,A007,4.5,2024-01-30
U0082,A005,4.0,2024-05-07
U0082,A019,2.5,2024-01-17
U0082,A046,4.5,2024-08-21
U0082,A040,3.5,2024-01-26
U0082,A057,2.5,2024-07-03
U0082,A015,4.5,2024-12-26
U0082,A041,4.5,2024-04-11
U0082,A009,3.0,2024-05-20
U0082,A004,3.0,2024-07-07
U0082,A001,3.0,2024-08-25
U0082,A003,3.5,2024-09-15
U0082,A012,4.0,2024-07-22
U0083,A018,3.5,2024-06-25
U0083,A047,1.5,2024-03-24
U0083,A026,2.5,2024-05-12
U0083,A060,2.0,2024-12-18
U0083,A020,2.5,2024-02-16
U0083,A038,1.0,2024-05-25
U0083,A044,3.0,2024-01-15
U0083,A011,2.5,2024-07-16
U0083,A049,3.5,2024-01-26
U0084,A034,3.0,2024-11-03
U0084,A026,3.5,2024-01-05
U0084,A057,3.0,2024-04-24
U0084,A043,3.0,2024-05-09
U0084,A020,2.5,2024-11-07
U0084,A041,3.5,2024-06-05
U0084,A042,3.0,2024-12-30
U0084,A037,2.0,2024-12-29
U0084,A056,2.5,2024-11-25
U0084,A003,2.5,2024-05-20
U0085,A028,3.0,2024-11-23
U0085,A044,2.5,2024-06-15
U0085,A014,2.0,2024-05-21
U0085,A032,3.5,2024-05-13
U0085,A051,3.5,2024-12-01
U0085,A054,4.0,2024-12-30
U0085,A060,3.5,2024-11-29
U0085,A043,4.0,2024-06-01
U0085,A001,3.0,2024-04-06
U0085,A008,4.5,2024-03-17
U0085,A058,3.0,2024-09-21
U0085,A059,4.0,2024-05-03
U0085,A035,2.0,2024-01-30
U0085,A029,3.5,2024-11-03
U0086,A007,3.0,2024-04-23
U0086,A005,2.5,2024-12-17
U0086,A047,2.0,2024-09-30
U0086,A058,2.5,2024-11-22
U0086,A031,1.5,2024-08-31
U0086,A060,2.5,2024-12-09
U0086,A015,3.0,2024-07-02
U0086,A043,3.0,2024-09-16
U0086,A037,4.5,2024-06-02
U0086,A056,2.5,2024-03-28
U0086,A052,2.5,2024-12-02
U0086,A011,3.5,2024-10-12
U0086,A059,1.5,2024-04-02
U0086,A012,2.0,2024-05-30
U0087,A028,3.0,2024-06-30
U0087,A057,3.0,2024-04-24
U0087,A041,3.0,2024-06-06
U0087,A021,3.0,2024-08-03
U0087,A050,3.5,2024-06-18
U0087,A035,3.5,2024-07-09
U0087,A038,3.5,2024-05-13
U0087,A003,3.0,2024-10-26
U0087,A012,3.0,2024-05-30
U0088,A028,3.0,2024-07-28
U0088,A024,3.5,2024-10-18
U0088,A007,2.5,2024-08-22
U0088,A034,3.0,2024-03-14
U0088,A045,2.5,2024-06-10
U0088,A057,3.5,2024-04-02
U0088,A022,2.5,2024-02-11
U0088,A020,3.0,2024-09-06
U0088,A015,3.5,2024-06-19
U0088,A013,3.5,2024-11-19
U0088,A016,3.0,2024-03-31
U0088,A039,2.0,2024-06-09
U0088,A008,5.0,2024-11-20
U0088,A049,4.0,2024-01-30
U0088,A035,3.5,2024-01-03
U0089,A002,3.0,2024-07-10
U0089,A025,2.0,2024-01-08
U0089,A054,3.5,2024-06-13
U0089,A034,3.5,2024-09-28
U0089,A045,3.5,2024-04-07
U0089,A057,3.5,2024-01-10
U0089,A060,3.5,2024-12-12
U0089,A043,3.0,2024-01-03
U0089,A031,3.0,2024-11-16
U0089,A050,3.0,2024-05-07
U0089,A037,3.0,2024-04-25
U0089,A056,4.0,2024-12-21
U0089,A058,3.5,2024-06-25
U0089,A049,4.5,2024-06-08
U0089,A029,4.5,2024-03-07
U0090,A007,3.5,2024-09-23
U0090,A002,3.0,2024-11-01
U0090,A051,3.5,2024-09-25
U0090,A047,4.5,2024-06-21
U0090,A017,2.0,2024-08-10
U0090,A041,3.0,2024-12-17
U0090,A043,2.5,2024-03-09
U0090,A020,2.0,2024-06-24
U0090,A021,4.0,2024-09-07
U0091,A026,3.0,2024-10-31
U0091,A057,4.5,2024-01-25
U0091,A019,2.0,2024-12-04
U0091,A041,3.0,2024-02-25
U0091,A016,3.0,2024-11-30
U0091,A013,3.0,2024-01-11
U0091,A043,4.0,2024-01-25
U0091,A037,5.0,2024-12-19
U0091,A023,3.5,2024-02-29
U0091,A004,3.5,2024-08-01
U0091,A048,2.5,2024-08-15
U0091,A033,2.0,2024-07-13
U0091,A052,4.0,2024-03-04
U0092,A055,2.5,2024-08-02
U0092,A005,2.0,2024-02-23
U0092,A058,4.0,2024-09-18
U0092,A026,3.0,2024-11-12
U0092,A020,3.0,2024-03-01
U0092,A043,2.5,2024-05-24
U0092,A013,3.5,2024-02-28
U0092,A053,5.0,2024-02-24
U0092,A033,4.0,2024-09-11
U0092,A011,2.5,2024-04-11
U0092,A012,4.0,2024-11-07
U0092,A014,3.0,2024-04-12
U0093,A002,4.0,2024-10-20
U0093,A032,3.5,2024-12-08
U0093,A047,3.5,2024-09-09
U0093,A034,2.0,2024-03-17
U0093,A026,4.5,2024-02-16
U0093,A046,2.5,2024-09-18
U0093,A043,3.0,2024-02-08
U0093,A037,2.5,2024-02-21
U0093,A023,5.0,2024-05-11
U0093,A044,3.5,2024-11-25
U0093,A033,2.5,2024-04-28
U0093,A052,4.0,2024-08-21
U0094,A018,4.0,2024-01-24
U0094,A007,3.5,2024-01-05
U0094,A002,3.5,2024-03-11
U0094,A051,3.5,2024-12-05
U0094,A040,3.0,2024-11-27
U0094,A057,4.5,2024-03-28
U0094,A031,4.0,2024-06-17
U0094,A038,3.0,2024-07-02
U0094,A001,4.0,2024-08-12
U0094,A033,4.0,2024-11-14
U0094,A059,3.0,2024-05-17
U0094,A027,3.0,2024-02-17
U0095,A033,4.5,2024-03-22
U0095,A002,3.5,2024-02-23
U0095,A045,4.0,2024-08-01
U0095,A020,4.0,2024-10-29
U0095,A039,2.5,2024-09-04
U0095,A037,3.5,2024-10-18
U0095,A038,3.5,2024-12-13
U0095,A048,3.5,2024-08-12
U0095,A059,4.5,2024-04-02
U0095,A011,3.0,2024-11-08
U0095,A003,4.0,2024-07-13
U0095,A052,2.5,2024-07-02
U0095,A029,2.5,2024-11-09
U0096,A032,2.5,2024-12-01
U0096,A040,4.0,2024-06-09
U0096,A060,2.0,2024-01-07
U0096,A013,2.0,2024-12-26
U0096,A053,3.0,2024-12-13
U0096,A038,3.5,2024-09-25
U0096,A033,4.0,2024-10-22
U0096,A035,4.0,2024-10-16
U0097,A055,2.5,2024-09-10
U0097,A025,5.0,2024-03-25
U0097,A054,4.5,2024-02-08
U0097,A030,2.0,2024-09-08
U0097,A045,4.0,2024-06-13
U0097,A057,2.5,2024-05-03
U0097,A037,2.5,2024-06-18
U0097,A023,2.5,2024-05-22
U0097,A033,3.5,2024-01-26
U0097,A058,3.5,2024-09-16
U0097,A052,2.5,2024-04-24
U0098,A032,3.5,2024-10-12
U0098,A054,3.5,2024-10-08
U0098,A019,2.5,2024-01-01
U0098,A046,3.5,2024-02-16
U0098,A060,4.5,2024-11-05
U0098,A020,2.5,2024-11-12
U0098,A057,3.5,2024-11-22
U0098,A037,2.0,2024-06-04
U0098,A023,3.5,2024-09-17
U0098,A004,2.5,2024-10-14
U0098,A048,2.5,2024-04-15
U0098,A059,2.5,2024-12-01
U0098,A010,3.5,2024-12-09
U0098,A014,4.0,2024-08-21
U0099,A055,3.0,2024-06-30
U0099,A018,3.5,2024-11-20
U0099,A047,3.0,2024-05-29
U0099,A036,3.0,2024-10-07
U0099,A030,4.0,2024-09-24
U0099,A031,3.0,2024-07-10
U0099,A020,3.0,2024-12-25
U0099,A016,4.0,2024-02-24
U0099,A042,4.5,2024-01-24
U0099,A038,2.5,2024-03-25
U0099,A048,3.5,2024-09-09
U0099,A052,2.0,2024-03-12
U0099,A014,3.5,2024-07-28
U0100,A028,4.0,2024-01-24
U0100,A024,4.0,2024-11-20
U0100,A051,4.0,2024-12-10
U0100,A034,3.5,2024-10-28
U0100,A019,4.0,2024-03-04
U0100,A042,4.0,2024-08-18
U0100,A037,4.0,2024-08-22
U0100,A038,3.0,2024-12-03
U0100,A014,4.0,2024-10-28
U0101,A047,3.0,2024-07-17
U0101,A025,3.5,2024-12-02
U0101,A030,4.5,2024-11-03
U0101,A057,3.5,2024-11-06
U0101,A060,3.5,2024-06-13
U0101,A041,3.0,2024-09-15
U0101,A009,2.0,2024-07-15
U0101,A056,3.0,2024-08-02
U0101,A048,3.0,2024-11-07
U0101,A010,3.5,2024-12-20
U0102,A055,4.5,2024-12-30
U0102,A018,4.0,2024-10-10
U0102,A033,3.5,2024-11-19
U0102,A017,1.5,2024-04-21
U0102,A060,3.0,2024-04-12
U0102,A041,4.0,2024-04-17
U0102,A053,3.5,2024-11-15
U0102,A037,3.5,2024-05-28
U0102,A059,2.0,2024-12-17
U0102,A027,2.5,2024-06-25
U0102,A035,3.5,2024-12-10
U0103,A055,3.0,2024-08-04
U0103,A024,2.0,2024-01-07
U0103,A036,2.5,2024-09-24
U0103,A021,3.0,2024-02-24
U0103,A009,3.0,2024-01-13
U0103,A006,3.5,2024-07-14
U0103,A037,3.0,2024-03-15
U0103,A038,2.5,2024-01-28
U0103,A059,3.5,2024-12-09
U0103,A058,5.0,2024-01-29
U0104,A051,4.0,2024-08-19
U0104,A025,4.5,2024-02-22
U0104,A005,2.5,2024-11-11
U0104,A034,1.5,2024-12-11
U0104,A031,4.0,2024-10-14
U0104,A043,3.0,2024-04-24
U0104,A015,2.5,2024-11-27
U0104,A001,4.0,2024-10-14
U0104,A011,5.0,2024-07-18
U0104,A027,3.0,2024-05-01
U0104,A052,4.0,2024-09-18
U0105,A055,2.5,2024-11-20
U0105,A018,2.0,2024-12-26
U0105,A008,4.0,2024-12-29
U0105,A060,2.0,2024-11-27
U0105,A031,2.0,2024-07-07
U0105,A016,2.5,2024-10-28
U0105,A013,3.0,2024-10-06
U0105,A042,2.5,2024-11-04
U0105,A039,3.5,2024-04-10
U0105,A059,3.0,2024-04-09
U0105,A010,3.5,2024-05-30
U0105,A029,3.5,2024-08-17
U0106,A024,4.5,2024-03-07
U0106,A032,3.5,2024-03-23
U0106,A051,3.5,2024-10-26
U0106,A045,5.0,2024-05-10
U0106,A060,2.0,2024-01-03
U0106,A041,4.0,2024-06-18
U0106,A015,4.5,2024-08-26
U0106,A013,3.0,2024-12-29
U0106,A011,4.0,2024-03-20
U0106,A035,2.5,2024-01-21
U0107,A028,3.0,2024-09-23
U0107,A025,3.5,2024-02-04
U0107,A036,3.5,2024-09-15
U0107,A040,2.5,2024-03-22
U0107,A057,4.0,2024-07-31
U0107,A060,4.5,2024-10-05
U0107,A021,3.5,2024-10-01
U0107,A042,3.5,2024-07-25
U0107,A056,3.5,2024-02-17
U0107,A027,3.5,2024-06-27
U0108,A055,3.0,2024-05-03
U0108,A018,4.0,2024-11-24
U0108,A005,4.0,2024-11-10
U0108,A034,3.5,2024-11-14
U0108,A026,3.5,2024-05-04
U0108,A046,3.0,2024-01-21
U0108,A057,4.0,2024-12-15
U0108,A040,2.5,2024-06-13
U0108,A060,2.0,2024-07-14
U0108,A006,3.5,2024-02-28
U0108,A052,2.5,2024-07-16
U0109,A055,3.0,2024-02-19
U0109,A024,3.0,2024-03-26
U0109,A031,1.5,2024-10-02
U0109,A043,4.0,2024-09-30
U0109,A020,3.0,2024-01-04
U0109,A016,3.0,2024-11-16
U0109,A009,2.5,2024-02-03
U0109,A035,2.0,2024-04-17
U0109,A001,4.5,2024-12-09
U0109,A008,4.0,2024-11-18
U0109,A059,4.0,2024-04-19
U0109,A052,3.0,2024-12-16
U0110,A001,4.0,2024-10-12
U0110,A024,2.5,2024-02-06
U0110,A032,2.5,2024-10-21
U0110,A045,3.5,2024-04-26
U0110,A026,3.0,2024-05-12
U0110,A057,3.0,2024-07-27
U0110,A041,4.0,2024-07-17
U0110,A020,3.5,2024-08-18
U0110,A039,3.5,2024-11-18
U0110,A040,4.0,2024-07-26
U0110,A035,3.0,2024-08-09
U0110,A048,4.5,2024-06-10
U0110,A049,2.5,2024-01-09
U0110,A052,4.0,2024-07-18
U0111,A055,2.5,2024-11-06
U0111,A024,4.5,2024-02-14
U0111,A047,3.5,2024-05-24
U0111,A040,2.5,2024-08-12
U0111,A043,2.0,2024-07-14
U0111,A021,4.0,2024-07-21
U0111,A023,4.0,2024-12-04
U0111,A044,3.0,2024-01-16
U0111,A059,3.0,2024-08-30
U0112,A051,3.0,2024-10-10
U0112,A047,3.0,2024-10-11
U0112,A026,3.5,2024-03-13
U0112,A019,3.5,2024-03-04
U0112,A035,3.0,2024-01-22
U0112,A033,3.0,2024-01-03
U0112,A011,3.0,2024-10-20
U0112,A059,3.5,2024-11-01
U0112,A049,3.5,2024-07-20
U0112,A012,3.5,2024-10-02
U0113,A055,4.0,2024-04-23
U0113,A017,2.5,2024-11-11
U0113,A019,2.0,2024-05-09
U0113,A016,4.0,2024-04-09
U0113,A015,3.5,2024-02-28
U0113,A004,2.5,2024-04-02
U0113,A044,3.5,2024-12-09
U0113,A033,3.0,2024-10-17
U0113,A058,3.0,2024-01-28
U0114,A028,4.0,2024-06-17
U0114,A024,3.5,2024-11-11
U0114,A005,2.0,2024-12-03
U0114,A040,3.5,2024-06-05
U0114,A060,3.5,2024-12-21
U0114,A041,3.0,2024-10-26
U0114,A020,3.5,2024-03-19
U0114,A050,2.5,2024-10-16
U0114,A038,3.5,2024-10-17
U0114,A056,3.0,2024-07-05
U0114,A004,2.0,2024-06-10
U0114,A044,3.0,2024-08-07
U0114,A058,4.0,2024-03-27
U0114,A027,3.0,2024-01-03
U0114,A014,4.5,2024-06-09
U0115,A008,3.5,2024-10-09
U0115,A017,3.5,2024-02-25
U0115,A036,2.5,2024-03-30
U0115,A025,2.5,2024-11-26
U0115,A019,2.5,2024-11-06
U0115,A046,4.0,2024-02-11
U0115,A060,3.5,2024-05-23
U0115,A020,2.5,2024-03-12
U0115,A016,3.5,2024-10-02
U0115,A044,2.5,2024-04-10
U0115,A059,2.0,2024-05-14
U0116,A024,3.5,2024-11-30
U0116,A005,2.5,2024-03-17
U0116,A034,1.0,2024-07-06
U0116,A022,3.5,2024-07-19
U0116,A039,3.5,2024-04-24
U0116,A060,4.0,2024-10-28
U0116,A009,1.5,2024-05-28
U0116,A001,2.5,2024-03-09
U0116,A029,3.0,2024-08-25
U0117,A055,3.5,2024-03-22
U0117,A030,3.0,2024-04-01
U0117,A041,3.0,2024-10-16
U0117,A053,2.0,2024-10-16
U0117,A021,2.0,2024-12-03
U0117,A006,2.5,2024-03-15
U0117,A001,2.0,2024-09-04
U0117,A033,3.0,2024-07-02
U0117,A058,3.5,2024-01-21
U0118,A044,3.0,2024-01-21
U0118,A005,4.0,2024-11-28
U0118,A034,4.0,2024-06-14
U0118,A046,3.0,2024-02-22
U0118,A020,4.0,2024-12-26
U0118,A039,3.0,2024-09-23
U0118,A013,4.5,2024-11-20
U0118,A006,3.0,2024-05-20
U0118,A048,2.0,2024-05-14
U0118,A058,3.0,2024-10-23
U0118,A029,3.0,2024-10-05
U0119,A055,2.0,2024-06-29
U0119,A040,3.5,2024-06-25
U0119,A045,1.5,2024-09-06
U0119,A022,3.0,2024-09-03
U0119,A060,2.0,2024-11-05
U0119,A043,3.0,2024-01-04
U0119,A016,3.5,2024-09-13
U0119,A053,3.0,2024-03-12
U0119,A006,4.0,2024-08-13
U0119,A029,3.0,2024-03-25
U0120,A028,2.0,2024-02-28
U0120,A018,3.0,2024-09-03
U0120,A033,2.5,2024-12-11
U0120,A034,3.0,2024-09-02
U0120,A026,3.0,2024-09-02
U0120,A057,3.5,2024-04-17
U0120,A041,2.0,2024-10-29
U0120,A053,3.0,2024-03-23
U0120,A059,3.5,2024-11-27
U0120,A049,3.0,2024-07-29
U0120,A014,4.0,2024-01-12
U0121,A055,3.0,2024-04-02
U0121,A025,2.5,2024-09-21
U0121,A011,3.5,2024-07-26
U0121,A041,3.0,2024-11-02
U0121,A013,3.0,2024-10-15
U0121,A023,3.5,2024-11-22
U0121,A056,3.0,2024-01-10
U0121,A001,3.0,2024-12-04
U0121,A033,4.0,2024-05-25
U0121,A058,2.0,2024-02-13
U0121,A059,2.5,2024-04-20
U0122,A028,3.5,2024-04-13
U0122,A024,4.5,2024-09-24
U0122,A032,4.5,2024-09-15
U0122,A025,3.0,2024-12-16
U0122,A047,2.5,2024-08-02
U0122,A030,3.5,2024-03-17
U0122,A045,3.0,2024-11-06
U0122,A046,2.5,2024-02-19
U0122,A060,4.0,2024-03-31
U0122,A043,4.0,2024-08-31
U0122,A015,3.0,2024-11-10
U0122,A050,2.0,2024-11-03
U0122,A037,2.0,2024-01-20
U0122,A033,3.0,2024-09-29
U0122,A003,3.0,2024-09-14
U0123,A036,3.0,2024-01-23
U0123,A046,2.5,2024-12-23
U0123,A031,5.0,2024-09-28
U0123,A015,3.5,2024-08-07
U0123,A053,4.0,2024-04-27
U0123,A009,3.5,2024-09-03
U0123,A048,3.5,2024-07-14
U0123,A011,3.0,2024-06-28
U0123,A010,1.5,2024-10-28
U0124,A005,2.5,2024-04-06
U0124,A060,3.5,2024-01-03
U0124,A043,2.5,2024-12-29
U0124,A041,4.0,2024-01-04
U0124,A053,3.0,2024-10-22
U0124,A038,2.5,2024-09-24
U0124,A048,3.0,2024-03-01
U0124,A058,2.5,2024-09-23
U0124,A027,3.5,2024-01-04
U0125,A028,2.0,2024-12-14
U0125,A055,2.5,2024-07-22
U0125,A007,3.0,2024-04-14
U0125,A005,3.0,2024-07-30
U0125,A036,2.0,2024-10-09
U0125,A045,3.0,2024-10-12
U0125,A057,3.5,2024-09-04
U0125,A050,2.0,2024-04-01
U0125,A053,4.0,2024-07-08
U0125,A035,2.5,2024-10-13
U0125,A056,4.0,2024-10-11
U0125,A059,2.5,2024-09-04
U0125,A049,2.5,2024-05-09
U0125,A052,2.5,2024-06-06
U0126,A002,3.5,2024-11-21
U0126,A007,3.0,2024-01-03
U0126,A025,2.5,2024-02-16
U0126,A057,2.0,2024-03-15
U0126,A031,4.0,2024-08-29
U0126,A016,4.0,2024-11-03
U0126,A053,1.5,2024-08-10
U0126,A021,2.5,2024-02-15
U0126,A038,4.0,2024-02-02
U0126,A011,2.5,2024-05-14
U0126,A004,2.5,2024-04-23
U0126,A052,3.0,2024-07-08
U0126,A029,2.0,2024-02-10
U0127,A055,2.0,2024-05-26
U0127,A025,3.5,2024-04-09
U0127,A045,1.5,2024-01-18
U0127,A060,3.5,2024-11-02
U0127,A050,3.5,2024-09-18
U0127,A023,2.5,2024-09-21
U0127,A039,2.5,2024-12-23
U0127,A059,2.5,2024-04-28
U0128,A047,2.5,2024-07-26
U0128,A036,2.5,2024-10-27
U0128,A017,2.5,2024-04-12
U0128,A040,3.5,2024-09-22
U0128,A057,3.0,2024-01-08
U0128,A060,3.0,2024-12-26
U0128,A015,2.5,2024-02-05
U0128,A037,3.0,2024-02-16
U0128,A004,3.0,2024-10-08
U0128,A052,3.5,2024-05-25
U0129,A028,2.5,2024-02-07
U0129,A024,3.0,2024-09-14
U0129,A017,3.5,2024-05-30
U0129,A047,3.5,2024-06-23
U0129,A026,3.0,2024-02-29
U0129,A019,3.0,2024-09-19
U0129,A020,3.0,2024-05-11
U0129,A042,1.5,2024-10-02
U0129,A037,2.5,2024-10-21
U0129,A021,4.0,2024-05-08
U0129,A033,4.5,2024-12-21
U0129,A010,4.0,2024-08-14
U0129,A035,4.0,2024-07-12
U0130,A044,2.0,2024-06-29
U0130,A007,3.5,2024-09-21
U0130,A032,4.5,2024-10-01
U0130,A047,2.5,2024-01-05
U0130,A034,2.5,2024-12-24
U0130,A058,2.5,2024-05-14
U0130,A046,3.0,2024-05-07
U0130,A020,2.5,2024-05-27
U0130,A053,3.5,2024-02-17
U0130,A006,3.5,2024-07-23
U0130,A056,3.5,2024-12-10
U0130,A004,2.0,2024-06-24
U0130,A048,3.5,2024-02-08
U0130,A011,3.5,2024-10-10
U0130,A035,3.5,2024-04-01
U0131,A018,3.5,2024-11-10
U0131,A002,2.0,2024-01-04
U0131,A036,3.5,2024-10-04
U0131,A026,2.5,2024-01-22
U0131,A022,4.0,2024-09-03
U0131,A020,3.5,2024-07-09
U0131,A042,3.5,2024-11-13
U0131,A038,4.0,2024-06-10
U0131,A004,3.0,2024-09-09
U0131,A059,3.0,2024-10-21
U0131,A058,3.5,2024-05-20
U0131,A003,3.5,2024-09-08
U0131,A010,3.0,2024-04-03
U0131,A035,4.0,2024-09-18
U0131,A014,3.0,2024-05-23
U0132,A055,3.0,2024-06-10
U0132,A018,2.5,2024-12-18
U0132,A047,4.0,2024-01-05
U0132,A054,3.0,2024-01-07
U0132,A045,3.5,2024-12-11
U0132,A057,3.0,2024-04-17
U0132,A060,3.0,2024-07-13
U0132,A041,3.0,2024-10-24
U0132,A016,2.0,2024-02-21
U0132,A015,2.5,2024-06-15
U0132,A009,4.0,2024-07-04
U0132,A038,3.5,2024-11-09
U0132,A048,4.5,2024-05-12
U0132,A010,2.5,2024-04-05
U0133,A028,2.5,2024-05-23
U0133,A007,4.0,2024-08-18
U0133,A017,3.5,2024-04-02
U0133,A019,3.5,2024-10-19
U0133,A016,3.0,2024-03-08
U0133,A037,4.0,2024-10-21
U0133,A038,3.0,2024-12-17
U0133,A044,3.0,2024-04-27
U0133,A008,3.0,2024-02-21
U0133,A059,3.5,2024-05-18
U0133,A003,3.5,2024-04-30
U0133,A012,2.5,2024-10-11
U0134,A049,3.5,2024-10-17
U0134,A007,3.0,2024-01-25
U0134,A005,2.5,2024-07-22
U0134,A034,2.5,2024-02-20
U0134,A036,4.5,2024-12-19
U0134,A041,3.5,2024-03-24
U0134,A015,3.5,2024-01-31
U0134,A009,3.0,2024-04-20
U0134,A038,3.5,2024-05-10
U0134,A001,3.5,2024-08-31
U0134,A008,3.5,2024-11-18
U0134,A003,3.5,2024-02-19
U0134,A035,4.0,2024-08-18
U0134,A029,3.5,2024-06-20
U0135,A055,3.0,2024-08-16
U0135,A028,2.5,2024-02-10
U0135,A018,2.0,2024-07-14
U0135,A007,3.5,2024-11-10
U0135,A017,3.5,2024-05-26
U0135,A057,2.5,2024-08-25
U0135,A009,3.5,2024-11-19
U0135,A006,3.0,2024-03-15
U0135,A038,4.0,2024-03-26
U0135,A039,2.0,2024-11-23
U0135,A033,3.0,2024-06-21
U0135,A058,3.0,2024-08-03
U0136,A012,3.0,2024-10-27
U0136,A024,3.5,2024-09-23
U0136,A051,4.0,2024-08-18
U0136,A005,4.5,2024-07-30
U0136,A054,2.5,2024-03-26
U0136,A057,3.0,2024-04-04
U0136,A016,2.0,2024-01-12
U0136,A006,4.0,2024-03-05
U0136,A035,4.0,2024-04-30
U0136,A044,4.5,2024-12-04
U0136,A059,4.0,2024-05-08
U0136,A058,4.5,2024-12-24
U0136,A052,4.0,2024-02-10
U0136,A029,3.5,2024-04-17
U0137,A055,2.5,2024-11-12
U0137,A024,3.0,2024-03-20
U0137,A007,3.5,2024-02-13
U0137,A032,3.0,2024-12-01
U0137,A051,3.5,2024-07-18
U0137,A045,4.0,2024-06-07
U0137,A057,3.5,2024-04-27
U0137,A020,3.0,2024-05-06
U0137,A023,1.5,2024-05-25
U0137,A048,2.5,2024-08-14
U0138,A025,3.0,2024-05-19
U0138,A036,3.0,2024-10-07
U0138,A011,4.0,2024-08-15
U0138,A046,4.5,2024-03-10
U0138,A031,4.0,2024-12-23
U0138,A013,4.5,2024-10-03
U0138,A021,2.5,2024-03-31
U0138,A008,2.5,2024-10-29
U0138,A058,2.5,2024-11-01
U0138,A052,3.5,2024-08-21
U0139,A055,3.5,2024-01-01
U0139,A008,4.0,2024-09-24
U0139,A018,3.0,2024-03-10
U0139,A047,2.0,2024-06-25
U0139,A054,3.5,2024-05-26
U0139,A026,3.5,2024-08-28
U0139,A003,4.0,2024-09-30
U0139,A043,3.5,2024-01-05
U0139,A021,3.0,2024-12-18
U0139,A053,4.5,2024-09-08
U0139,A059,2.5,2024-09-01
U0139,A027,3.5,2024-06-02
U0139,A035,3.0,2024-01-05
U0139,A014,3.5,2024-08-08
U0140,A007,2.5,2024-02-10
U0140,A034,3.0,2024-08-04
U0140,A036,4.0,2024-11-16
U0140,A019,2.0,2024-05-02
U0140,A045,2.0,2024-09-21
U0140,A021,3.5,2024-11-09
U0140,A042,4.0,2024-12-21
U0140,A009,2.0,2024-12-16
U0140,A039,3.5,2024-05-19
U0140,A033,3.5,2024-05-25
U0140,A058,2.0,2024-11-28
U0140,A027,3.5,2024-09-29
U0141,A002,2.0,2024-01-10
U0141,A032,3.5,2024-03-18
U0141,A034,4.0,2024-01-26
U0141,A045,3.0,2024-09-30
U0141,A046,3.0,2024-01-12
U0141,A043,2.5,2024-04-05
U0141,A015,2.0,2024-02-22
U0141,A038,4.0,2024-05-24
U0141,A044,3.0,2024-05-17
U0141,A011,3.5,2024-03-05
U0141,A049,2.0,2024-08-12
U0141,A035,3.5,2024-01-05
U0142,A012,2.0,2024-01-17
U0142,A032,3.5,2024-06-18
U0142,A054,3.0,2024-02-11
U0142,A030,3.0,2024-03-15
U0142,A019,3.0,2024-01-29
U0142,A036,3.0,2024-05-16
U0142,A041,3.5,2024-07-19
U0142,A006,3.0,2024-02-06
U0142,A004,3.0,2024-10-05
U0142,A001,3.0,2024-08-28
U0142,A035,4.0,2024-04-02
U0143,A051,3.5,2024-08-23
U0143,A026,3.0,2024-02-18
U0143,A060,3.5,2024-09-23
U0143,A039,2.5,2024-12-06
U0143,A050,2.0,2024-04-16
U0143,A023,3.5,2024-08-30
U0143,A004,4.0,2024-07-18
U0143,A048,2.5,2024-12-14
U0143,A008,4.5,2024-06-08
U0143,A012,3.0,2024-06-14
U0143,A029,3.0,2024-03-22
U0144,A012,3.0,2024-02-27
U0144,A032,2.5,2024-04-30
U0144,A060,3.0,2024-11-20
U0144,A031,3.5,2024-08-10
U0144,A016,4.0,2024-06-15
U0144,A042,2.0,2024-01-08
U0144,A052,3.0,2024-03-26
U0144,A035,3.5,2024-05-21
U0145,A019,3.5,2024-02-15
U0145,A022,2.5,2024-05-07
U0145,A060,3.5,2024-03-21
U0145,A013,2.5,2024-09-12
U0145,A042,3.0,2024-02-16
U0145,A023,3.5,2024-12-17
U0145,A033,3.5,2024-11-12
U0145,A059,3.5,2024-06-22
U0145,A012,2.5,2024-11-16
U0146,A036,3.0,2024-06-11
U0146,A003,2.5,2024-10-12
U0146,A020,3.5,2024-11-26
U0146,A048,3.5,2024-06-26
U0146,A021,1.5,2024-08-12
U0146,A042,3.5,2024-04-08
U0146,A039,2.5,2024-01-11
U0146,A049,2.5,2024-12-18
U0147,A025,3.5,2024-08-27
U0147,A047,4.0,2024-05-20
U0147,A017,2.0,2024-11-02
U0147,A030,1.0,2024-10-10
U0147,A036,3.5,2024-03-23
U0147,A060,2.0,2024-02-05
U0147,A041,3.0,2024-09-28
U0147,A021,3.0,2024-03-20
U0147,A050,4.5,2024-08-18
U0147,A008,3.5,2024-05-31
U0147,A059,3.5,2024-05-14
U0147,A027,3.5,2024-10-04
U0147,A010,3.5,2024-07-06
U0147,A052,3.0,2024-08-20
U0148,A060,4.0,2024-02-02
U0148,A013,3.0,2024-12-03
U0148,A021,3.5,2024-10-02
U0148,A044,4.0,2024-07-17
U0148,A059,3.5,2024-04-07
U0148,A058,3.5,2024-09-25
U0148,A003,3.5,2024-12-15
U0148,A012,2.5,2024-09-11
U0149,A032,3.0,2024-04-13
U0149,A047,4.0,2024-02-24
U0149,A036,3.5,2024-09-05
U0149,A057,3.0,2024-04-08
U0149,A060,3.0,2024-02-20
U0149,A015,3.5,2024-01-17
U0149,A023,3.0,2024-10-19
U0149,A006,4.0,2024-11-24
U0149,A059,3.0,2024-07-17
U0149,A014,3.0,2024-12-02
U0150,A028,4.0,2024-12-28
U0150,A018,3.0,2024-01-30
U0150,A024,3.5,2024-11-11
U0150,A032,3.0,2024-05-16
U0150,A047,3.0,2024-09-27
U0150,A030,3.0,2024-01-21
U0150,A046,2.5,2024-02-06
U0150,A022,3.5,2024-06-04
U0150,A016,3.5,2024-02-09
U0150,A042,3.0,2024-04-20
U0150,A021,2.5,2024-09-22
U0150,A039,4.5,2024-02-19
U0150,A059,3.5,2024-02-21
U0150,A012,3.5,2024-04-28
U0150,A029,3.5,2024-09-29
U0151,A044,3.0,2024-09-30
U0151,A032,3.0,2024-11-03
U0151,A036,2.0,2024-08-14
U0151,A026,3.5,2024-06-29
U0151,A045,3.5,2024-06-10
U0151,A060,2.0,2024-10-08
U0151,A041,3.0,2024-06-15
U0151,A016,3.0,2024-07-09
U0151,A021,3.0,2024-07-30
U0151,A038,2.0,2024-11-20
U0151,A048,4.0,2024-08-08
U0151,A033,3.5,2024-06-14
U0151,A058,2.5,2024-11-07
U0151,A003,3.0,2024-05-03
U0152,A008,4.0,2024-04-23
U0152,A051,2.5,2024-04-19
U0152,A045,3.0,2024-06-10
U0152,A019,4.0,2024-01-12
U0152,A031,4.0,2024-12-19
U0152,A043,4.0,2024-05-21
U0152,A041,3.5,2024-10-10
U0152,A038,3.0,2024-09-18
U0152,A039,3.5,2024-10-11
U0152,A059,3.5,2024-10-19
U0152,A035,3.5,2024-10-19
U0153,A028,2.5,2024-05-11
U0153,A057,2.0,2024-06-02
U0153,A020,1.5,2024-02-17
U0153,A015,2.5,2024-10-19
U0153,A042,4.5,2024-07-23
U0153,A048,4.5,2024-10-18
U0153,A059,4.5,2024-04-21
U0153,A058,3.0,2024-02-09
U0153,A049,2.0,2024-06-15
U0153,A052,1.5,2024-09-04
U0154,A007,2.5,2024-06-27
U0154,A040,2.5,2024-08-10
U0154,A022,2.5,2024-08-01
U0154,A052,3.5,2024-03-02
U0154,A039,3.0,2024-04-26
U0154,A008,4.5,2024-11-30
U0154,A059,3.5,2024-11-04
U0154,A010,3.0,2024-01-06
U0154,A012,3.0,2024-11-20
U0154,A014,3.0,2024-11-19
U0155,A028,2.5,2024-08-09
U0155,A032,3.5,2024-05-28
U0155,A051,2.5,2024-07-20
U0155,A025,3.0,2024-03-16
U0155,A019,3.0,2024-03-08
U0155,A057,2.5,2024-06-21
U0155,A026,4.0,2024-02-12
U0155,A020,4.5,2024-08-31
U0155,A021,4.0,2024-10-19
U0155,A042,3.0,2024-01-26
U0155,A006,4.5,2024-10-07
U0155,A023,4.0,2024-07-23
U0155,A039,3.0,2024-05-14
U0155,A058,2.5,2024-02-13
U0156,A055,4.0,2024-12-16
U0156,A051,3.0,2024-10-21
U0156,A034,4.5,2024-02-15
U0156,A019,3.5,2024-02-27
U0156,A020,3.5,2024-12-09
U0156,A050,2.5,2024-07-30
U0156,A042,3.5,2024-08-04
U0156,A037,3.0,2024-07-06
U0156,A038,2.5,2024-06-27
U0156,A044,3.5,2024-04-07
U0156,A014,2.5,2024-06-13
U0156,A058,2.5,2024-06-25
U0156,A049,3.5,2024-10-31
U0156,A029,3.0,2024-12-01
U0157,A008,3.0,2024-01-23
U0157,A005,3.5,2024-04-29
U0157,A054,3.5,2024-04-12
U0157,A006,3.5,2024-12-16
U0157,A056,3.5,2024-07-10
U0157,A033,2.0,2024-03-20
U0157,A003,3.5,2024-02-13
U0157,A010,2.5,2024-02-27
U0158,A018,3.0,2024-08-29
U0158,A017,3.0,2024-01-12
U0158,A057,3.5,2024-06-18
U0158,A031,3.5,2024-04-17
U0158,A043,3.5,2024-10-02
U0158,A041,3.5,2024-04-18
U0158,A050,3.0,2024-04-14
U0158,A008,3.5,2024-10-06
U0159,A047,3.0,2024-01-28
U0159,A034,1.5,2024-08-26
U0159,A030,2.5,2024-12-01
U0159,A043,3.0,2024-01-05
U0159,A015,4.5,2024-02-04
U0159,A037,3.5,2024-07-17
U0159,A023,3.5,2024-12-04
U0159,A039,3.0,2024-05-18
U0159,A033,3.0,2024-12-05
U0159,A059,4.5,2024-12-03
U0159,A027,3.5,2024-07-03
U0159,A012,2.0,2024-02-25
U0160,A034,2.5,2024-11-01
U0160,A054,2.5,2024-09-29
U0160,A045,3.5,2024-02-15
U0160,A053,3.0,2024-04-05
U0160,A009,1.5,2024-04-11
U0160,A006,2.0,2024-09-13
U0160,A048,3.5,2024-08-22
U0160,A035,2.0,2024-10-14
U0161,A043,4.0,2024-03-21
U0161,A020,3.0,2024-01-10
U0161,A013,3.0,2024-06-26
U0161,A042,3.0,2024-12-16
U0161,A021,3.0,2024-06-29
U0161,A053,2.5,2024-06-30
U0161,A059,2.5,2024-11-16
U0161,A012,4.5,2024-06-03
U0162,A025,2.0,2024-09-23
U0162,A060,2.5,2024-12-13
U0162,A016,4.5,2024-11-09
U0162,A013,2.5,2024-11-16
U0162,A053,2.0,2024-12-17
U0162,A009,3.0,2024-04-26
U0162,A037,3.5,2024-08-01
U0162,A001,3.5,2024-05-03
U0162,A059,1.5,2024-10-20
U0162,A035,2.5,2024-03-19
U0162,A014,4.0,2024-08-06
U0163,A028,3.0,2024-02-04
U0163,A033,4.5,2024-10-12
U0163,A007,2.5,2024-09-29
U0163,A025,3.0,2024-03-01
U0163,A003,4.0,2024-04-04
U0163,A022,3.0,2024-06-11
U0163,A041,3.0,2024-03-15
U0163,A042,3.5,2024-01-16
U0163,A038,3.0,2024-06-12
U0163,A059,3.5,2024-07-30
U0163,A049,4.0,2024-07-29
U0163,A035,3.0,2024-06-04
U0164,A055,4.0,2024-12-30
U0164,A002,2.0,2024-11-28
U0164,A025,3.5,2024-07-10
U0164,A036,4.0,2024-04-04
U0164,A054,2.5,2024-07-17
U0164,A026,2.5,2024-09-08
U0164,A040,2.5,2024-08-30
U0164,A031,3.5,2024-03-11
U0164,A013,3.0,2024-03-24
U0164,A042,1.5,2024-04-08
U0164,A038,3.0,2024-04-25
U0164,A033,3.0,2024-01-17
U0164,A058,3.0,2024-07-28
U0164,A027,2.5,2024-01-08
U0164,A035,3.0,2024-05-18
U0165,A002,4.0,2024-11-07
U0165,A034,3.5,2024-07-13
U0165,A046,3.0,2024-06-09
U0165,A060,3.0,2024-07-20
U0165,A020,2.5,2024-11-09
U0165,A016,4.0,2024-10-19
U0165,A015,3.0,2024-10-31
U0165,A050,3.0,2024-10-01
U0165,A038,3.0,2024-09-25
U0165,A053,3.5,2024-11-24
U0165,A023,4.0,2024-12-26
U0165,A004,3.5,2024-01-20
U0165,A044,3.0,2024-09-23
U0165,A012,4.0,2024-02-25
U0166,A051,3.5,2024-01-28
U0166,A054,2.5,2024-12-19
U0166,A045,2.5,2024-09-21
U0166,A057,2.5,2024-03-13
U0166,A046,2.0,2024-08-25
U0166,A043,2.5,2024-11-26
U0166,A021,3.0,2024-08-19
U0166,A042,3.0,2024-02-16
U0166,A038,3.0,2024-09-13
U0166,A039,1.5,2024-02-27
U0166,A059,4.0,2024-04-02
U0166,A058,4.0,2024-10-26
U0166,A010,3.5,2024-12-22
U0166,A035,4.5,2024-10-06
U0166,A029,2.5,2024-03-10
U0167,A008,4.0,2024-02-13
U0167,A033,4.5,2024-09-25
U0167,A002,3.0,2024-12-28
U0167,A018,3.5,2024-07-15
U0167,A051,3.5,2024-09-18
U0167,A034,3.0,2024-11-09
U0167,A030,3.0,2024-03-22
U0167,A057,2.0,2024-07-12
U0167,A020,3.0,2024-10-08
U0167,A037,3.5,2024-07-13
U0167,A044,3.5,2024-01-23
U0167,A059,3.5,2024-03-28
U0167,A049,2.5,2024-06-20
U0167,A014,2.5,2024-10-16
U0168,A007,3.5,2024-05-09
U0168,A032,4.0,2024-01-07
U0168,A005,3.5,2024-08-22
U0168,A025,3.0,2024-09-11
U0168,A020,3.0,2024-09-12
U0168,A015,2.0,2024-10-05
U0168,A013,3.0,2024-01-03
U0168,A016,2.5,2024-11-07
U0168,A056,3.5,2024-09-09
U0168,A059,5.0,2024-05-01
U0169,A007,3.0,2024-04-04
U0169,A032,3.0,2024-03-16
U0169,A034,3.5,2024-01-29
U0169,A022,3.0,2024-11-30
U0169,A020,3.5,2024-06-27
U0169,A016,3.5,2024-01-19
U0169,A043,4.0,2024-03-15
U0169,A023,4.0,2024-01-17
U0169,A038,3.0,2024-12-07
U0169,A039,3.0,2024-10-22
U0169,A008,5.0,2024-11-04
U0170,A001,4.0,2024-02-17
U0170,A024,3.5,2024-06-02
U0170,A032,2.5,2024-06-14
U0170,A051,3.5,2024-07-07
U0170,A025,3.5,2024-07-13
U0170,A036,3.0,2024-02-04
U0170,A020,3.5,2024-08-06
U0170,A015,5.0,2024-10-08
U0170,A053,5.0,2024-02-03
U0170,A023,2.0,2024-05-29
U0170,A044,3.5,2024-08-29
U0170,A049,5.0,2024-03-09
U0171,A034,3.5,2024-10-19
U0171,A026,2.5,2024-11-18
U0171,A060,2.0,2024-09-27
U0171,A043,3.0,2024-02-14
U0171,A048,4.0,2024-09-04
U0171,A021,3.0,2024-12-18
U0171,A009,2.0,2024-11-05
U0171,A006,3.0,2024-12-27
U0171,A039,3.5,2024-05-27
U0172,A028,2.5,2024-03-01
U0172,A051,4.0,2024-01-13
U0172,A017,2.0,2024-08-26
U0172,A054,2.5,2024-11-16
U0172,A030,2.5,2024-03-01
U0172,A026,2.5,2024-04-16
U0172,A031,3.0,2024-11-11
U0172,A020,2.5,2024-07-31
U0172,A042,2.5,2024-07-30
U0172,A009,4.0,2024-01-24
U0172,A056,4.0,2024-06-19
U0172,A059,3.5,2024-06-28
U0172,A058,3.5,2024-10-13
U0172,A049,3.0,2024-11-22
U0173,A055,2.0,2024-12-17
U0173,A032,2.5,2024-06-19
U0173,A051,3.0,2024-06-23
U0173,A036,2.0,2024-07-21
U0173,A040,3.0,2024-10-18
U0173,A031,2.5,2024-11-11
U0173,A013,2.5,2024-01-15
U0173,A042,4.0,2024-03-30
U0173,A009,3.0,2024-04-09
U0173,A027,2.5,2024-06-18
U0173,A035,3.0,2024-06-22
U0174,A018,2.5,2024-03-17
U0174,A024,3.5,2024-05-23
U0174,A036,2.0,2024-01-16
U0174,A054,3.5,2024-06-22
U0174,A046,4.5,2024-07-11
U0174,A031,4.0,2024-11-16
U0174,A020,4.0,2024-09-30
U0174,A015,3.0,2024-03-25
U0174,A042,2.5,2024-10-19
U0174,A037,4.0,2024-11-06
U0174,A039,3.0,2024-07-18
U0174,A033,3.5,2024-04-05
U0174,A011,3.5,2024-10-31
U0174,A027,3.5,2024-02-29
U0174,A010,4.5,2024-06-06
U0175,A007,2.5,2024-07-10
U0175,A024,3.5,2024-01-20
U0175,A047,3.5,2024-04-13
U0175,A017,3.5,2024-02-17
U0175,A025,4.0,2024-08-15
U0175,A026,3.0,2024-09-16
U0175,A043,3.0,2024-01-13
U0175,A020,4.5,2024-09-04
U0175,A048,4.0,2024-09-13
U0175,A008,3.5,2024-03-19
U0175,A058,3.5,2024-04-07
U0175,A027,3.5,2024-06-23
U0175,A052,3.0,2024-09-04
U0176,A001,3.5,2024-12-17
U0176,A002,3.0,2024-10-31
U0176,A032,1.5,2024-02-14
U0176,A005,2.5,2024-06-19
U0176,A025,2.5,2024-08-27
U0176,A047,4.0,2024-01-24
U0176,A019,3.5,2024-02-22
U0176,A031,3.5,2024-09-23
U0176,A016,3.0,2024-12-03
U0176,A015,3.0,2024-06-08
U0176,A044,3.0,2024-01-12
U0176,A008,3.5,2024-10-22
U0177,A028,3.5,2024-05-20
U0177,A033,3.0,2024-02-28
U0177,A051,3.0,2024-01-08
U0177,A017,3.5,2024-11-14
U0177,A025,3.5,2024-10-13
U0177,A026,1.5,2024-09-20
U0177,A057,2.5,2024-02-22
U0177,A020,3.0,2024-04-15
U0177,A042,3.0,2024-10-04
U0177,A050,2.5,2024-06-28
U0177,A059,3.5,2024-10-08
U0177,A027,3.0,2024-06-12
U0178,A028,4.0,2024-03-07
U0178,A055,4.0,2024-01-15
U0178,A051,3.5,2024-08-29
U0178,A025,3.0,2024-12-11
U0178,A046,2.5,2024-01-26
U0178,A022,3.5,2024-02-24
U0178,A031,2.5,2024-07-15
U0178,A004,3.0,2024-01-28
U0178,A059,2.5,2024-02-14
U0178,A058,3.0,2024-08-06
U0178,A010,3.0,2024-07-19
U0178,A014,3.5,2024-04-01
U0179,A024,3.5,2024-04-03
U0179,A005,3.0,2024-12-24
U0179,A054,4.5,2024-12-06
U0179,A030,3.5,2024-06-18
U0179,A046,5.0,2024-06-15
U0179,A060,2.0,2024-08-20
U0179,A016,5.0,2024-09-06
U0179,A015,3.5,2024-01-16
U0179,A042,4.0,2024-02-03
U0179,A037,3.0,2024-08-31
U0179,A044,2.5,2024-02-27
U0179,A059,3.0,2024-06-28
U0179,A003,3.5,2024-09-02
U0179,A010,3.5,2024-08-24
U0179,A035,4.0,2024-03-28
U0180,A028,4.0,2024-07-24
U0180,A018,3.0,2024-10-29
U0180,A024,4.5,2024-07-30
U0180,A032,5.0,2024-05-02
U0180,A051,4.0,2024-11-13
U0180,A025,1.5,2024-05-04
U0180,A022,3.0,2024-10-07
U0180,A060,3.5,2024-03-22
U0180,A021,3.0,2024-09-03
U0180,A053,4.0,2024-07-15
U0180,A009,3.5,2024-02-03
U0180,A048,3.0,2024-06-23
U0181,A032,3.0,2024-10-11
U0181,A036,1.5,2024-02-19
U0181,A019,3.5,2024-08-15
U0181,A060,3.0,2024-03-31
U0181,A037,3.5,2024-06-06
U0181,A038,2.5,2024-07-26
U0181,A052,3.0,2024-02-05
U0181,A058,2.0,2024-11-02
U0181,A049,1.5,2024-02-25
U0181,A012,2.5,2024-12-16
U0181,A014,2.0,2024-11-01
U0182,A018,3.0,2024-10-22
U0182,A007,2.0,2024-08-16
U0182,A054,3.0,2024-04-10
U0182,A030,3.5,2024-04-15
U0182,A026,4.0,2024-12-14
U0182,A015,1.5,2024-06-11
U0182,A023,2.5,2024-06-02
U0182,A009,2.5,2024-10-18
U0182,A056,3.0,2024-12-13
U0182,A039,3.0,2024-06-04
U0182,A033,3.0,2024-08-10
U0182,A027,3.5,2024-06-25
U0182,A010,2.5,2024-02-15
U0182,A014,3.5,2024-10-25
U0183,A044,3.5,2024-05-24
U0183,A036,4.0,2024-01-16
U0183,A031,4.0,2024-04-30
U0183,A043,2.5,2024-08-09
U0183,A041,2.5,2024-12-25
U0183,A037,3.0,2024-10-29
U0183,A039,4.5,2024-07-20
U0183,A014,5.0,2024-11-16
U0184,A055,3.5,2024-08-01
U0184,A007,2.5,2024-03-19
U0184,A025,3.5,2024-05-27
U0184,A036,3.0,2024-12-09
U0184,A045,3.0,2024-03-05
U0184,A019,3.5,2024-03-09
U0184,A060,2.5,2024-01-06
U0184,A026,2.5,2024-02-06
U0184,A053,3.0,2024-11-27
U0184,A038,2.5,2024-01-09
U0184,A058,3.5,2024-03-14
U0184,A049,2.5,2024-09-06
U0184,A012,3.0,2024-12-02
U0185,A055,2.5,2024-11-05
U0185,A008,3.5,2024-01-04
U0185,A007,2.5,2024-10-22
U0185,A032,3.5,2024-09-12
U0185,A045,2.5,2024-05-01
U0185,A026,2.5,2024-12-30
U0185,A060,3.0,2024-09-13
U0185,A020,3.0,2024-05-17
U0185,A021,3.5,2024-07-29
U0185,A037,3.5,2024-10-06
U0185,A056,3.0,2024-10-22
U0185,A033,3.5,2024-07-06
U0185,A003,2.5,2024-01-18
U0185,A052,3.5,2024-01-20
U0186,A055,2.5,2024-06-24
U0186,A032,3.5,2024-09-30
U0186,A030,4.0,2024-01-06
U0186,A057,3.5,2024-08-28
U0186,A043,3.5,2024-08-20
U0186,A015,3.5,2024-09-19
U0186,A021,4.0,2024-08-28
U0186,A038,1.5,2024-10-20
U0186,A035,3.5,2024-06-18
U0186,A004,4.0,2024-08-03
U0186,A039,2.0,2024-06-29
U0186,A011,2.5,2024-05-30
U0186,A010,2.5,2024-05-28
U0186,A052,2.5,2024-03-26
U0186,A014,3.0,2024-01-19
U0187,A008,3.0,2024-02-09
U0187,A024,3.0,2024-05-22
U0187,A051,3.0,2024-05-09
U0187,A011,3.0,2024-03-08
U0187,A046,2.0,2024-11-11
U0187,A057,2.5,2024-05-23
U0187,A031,2.5,2024-05-20
U0187,A015,4.5,2024-05-11
U0187,A021,3.0,2024-01-08
U0187,A056,3.0,2024-02-27
U0187,A059,3.0,2024-11-05
U0187,A058,4.0,2024-03-30
U0188,A055,2.0,2024-02-13
U0188,A033,3.0,2024-03-15
U0188,A025,3.0,2024-10-31
U0188,A054,3.0,2024-03-19
U0188,A036,3.0,2024-09-10
U0188,A046,3.0,2024-07-30
U0188,A043,5.0,2024-07-15
U0188,A001,2.5,2024-05-01
U0188,A059,3.5,2024-12-04
U0188,A058,3.5,2024-08-13
U0189,A028,2.5,2024-06-03
U0189,A047,4.0,2024-08-31
U0189,A054,3.0,2024-09-29
U0189,A026,3.5,2024-04-29
U0189,A057,2.0,2024-07-13
U0189,A019,3.0,2024-12-15
U0189,A041,4.0,2024-12-27
U0189,A046,3.0,2024-07-18
U0189,A013,2.5,2024-08-30
U0189,A027,4.0,2024-05-14
U0190,A044,2.5,2024-08-09
U0190,A032,2.5,2024-11-08
U0190,A005,3.5,2024-11-29
U0190,A045,4.0,2024-05-19
U0190,A046,3.0,2024-06-20
U0190,A057,4.0,2024-05-18
U0190,A053,3.5,2024-05-16
U0190,A021,1.5,2024-02-20
U0190,A001,3.5,2024-05-10
U0190,A052,3.0,2024-12-01
U0191,A002,4.0,2024-12-16
U0191,A024,2.5,2024-08-16
U0191,A034,3.5,2024-06-28
U0191,A054,4.0,2024-04-22
U0191,A011,4.0,2024-05-25
U0191,A047,4.0,2024-05-08
U0191,A045,3.0,2024-04-08
U0191,A031,3.0,2024-01-18
U0191,A057,2.5,2024-01-13
U0191,A015,3.5,2024-11-13
U0191,A009,3.0,2024-02-17
U0191,A006,3.5,2024-01-30
U0191,A001,3.0,2024-10-31
U0191,A058,3.5,2024-12-02
U0192,A024,3.0,2024-12-04
U0192,A025,3.5,2024-02-08
U0192,A019,4.5,2024-11-23
U0192,A040,3.5,2024-08-20
U0192,A057,2.0,2024-05-21
U0192,A043,4.0,2024-08-06
U0192,A060,3.5,2024-12-20
U0192,A033,3.0,2024-12-07
U0192,A059,4.0,2024-06-14
U0192,A049,2.0,2024-05-11
U0192,A012,4.0,2024-03-23
U0193,A007,3.5,2024-02-05
U0193,A017,3.0,2024-09-08
U0193,A060,1.5,2024-04-12
U0193,A043,3.0,2024-11-08
U0193,A006,3.0,2024-07-20
U0193,A001,3.0,2024-04-01
U0193,A033,3.0,2024-11-26
U0193,A035,2.5,2024-09-08
U0193,A029,4.0,2024-02-25
U0194,A002,3.5,2024-02-06
U0194,A047,2.5,2024-10-19
U0194,A057,2.5,2024-05-08
U0194,A022,2.0,2024-08-16
U0194,A016,4.0,2024-01-10
U0194,A021,4.0,2024-09-11
U0194,A053,3.0,2024-03-17
U0194,A008,3.0,2024-11-30
U0194,A059,3.5,2024-11-23
U0194,A014,4.5,2024-01-01
U0195,A018,4.0,2024-09-20
U0195,A019,4.5,2024-12-28
U0195,A003,3.0,2024-09-08
U0195,A060,2.0,2024-09-01
U0195,A039,4.0,2024-08-11
U0195,A011,3.5,2024-07-25
U0195,A027,4.0,2024-02-05
U0195,A010,3.0,2024-10-03
U0196,A044,4.0,2024-09-30
U0196,A018,3.0,2024-06-23
U0196,A036,2.5,2024-02-11
U0196,A054,2.0,2024-08-23
U0196,A040,3.0,2024-05-28
U0196,A057,2.5,2024-11-27
U0196,A060,2.5,2024-04-13
U0196,A001,4.0,2024-03-31
U0196,A029,3.0,2024-10-10
U0196,A027,3.5,2024-01-21
U0196,A014,3.0,2024-07-15
U0197,A024,2.5,2024-01-13
U0197,A054,3.5,2024-10-30
U0197,A030,2.0,2024-05-02
U0197,A026,3.0,2024-09-07
U0197,A060,2.5,2024-07-18
U0197,A043,2.0,2024-02-02
U0197,A041,3.0,2024-10-03
U0197,A050,3.0,2024-11-25
U0197,A023,4.0,2024-06-06
U0197,A048,2.0,2024-09-12
U0197,A052,4.0,2024-09-30
U0198,A018,2.5,2024-09-07
U0198,A034,3.0,2024-11-30
U0198,A040,3.5,2024-01-10
U0198,A031,4.0,2024-08-29
U0198,A039,4.0,2024-11-12
U0198,A015,2.5,2024-01-24
U0198,A013,3.0,2024-05-04
U0198,A042,4.0,2024-12-25
U0198,A023,3.5,2024-11-28
U0198,A037,3.5,2024-03-07
U0198,A038,4.0,2024-01-08
U0198,A044,3.0,2024-03-29
U0198,A033,3.5,2024-11-19
U0198,A012,1.0,2024-01-26
U0198,A014,3.0,2024-06-06
U0199,A054,3.0,2024-02-02
U0199,A040,3.5,2024-04-13
U0199,A057,1.5,2024-08-06
U0199,A022,4.5,2024-06-21
U0199,A016,3.5,2024-12-13
U0199,A008,3.0,2024-07-24
U0199,A058,4.0,2024-06-15
U0199,A010,2.0,2024-03-02
U0199,A014,2.5,2024-12-16
U0200,A032,3.0,2024-07-31
U0200,A034,3.0,2024-03-27
U0200,A040,4.0,2024-12-22
U0200,A057,2.5,2024-07-08
U0200,A056,2.5,2024-10-10
U0200,A044,4.5,2024-03-25
U0200,A059,3.0,2024-08-12
U0200,A058,3.0,2024-05-04
U0200,A049,3.5,2024-10-24
U0200,A052,5.0,2024-01-21
U0201,A029,5.0,2024-12-20
U0201,A054,3.5,2024-03-05
U0201,A057,4.5,2024-04-15
U0201,A031,3.5,2024-03-14
U0201,A060,4.0,2024-11-23
U0201,A001,4.0,2024-05-18
U0201,A059,4.0,2024-09-24
U0201,A058,3.5,2024-08-18
U0201,A049,4.0,2024-07-29
U0201,A014,3.5,2024-05-02
U0202,A018,2.5,2024-10-12
U0202,A024,3.0,2024-04-30
U0202,A017,4.0,2024-04-08
U0202,A030,3.0,2024-03-01
U0202,A019,3.5,2024-09-28
U0202,A022,4.0,2024-02-18
U0202,A031,4.0,2024-11-12
U0202,A023,4.5,2024-07-04
U0202,A056,2.5,2024-10-03
U0202,A033,2.5,2024-09-16
U0203,A002,3.5,2024-01-28
U0203,A051,2.5,2024-11-26
U0203,A034,2.5,2024-07-05
U0203,A046,4.5,2024-05-25
U0203,A015,2.5,2024-04-17
U0203,A013,4.0,2024-08-10
U0203,A042,3.0,2024-05-08
U0203,A038,2.5,2024-06-20
U0203,A001,3.5,2024-11-11
U0203,A008,3.0,2024-08-20
U0203,A003,3.0,2024-01-23
U0204,A024,3.0,2024-10-30
U0204,A026,3.0,2024-10-23
U0204,A057,2.0,2024-06-15
U0204,A020,3.0,2024-08-02
U0204,A015,2.5,2024-04-11
U0204,A009,3.0,2024-12-12
U0204,A038,2.0,2024-06-15
U0204,A001,3.0,2024-04-27
U0204,A012,2.5,2024-02-26
U0205,A007,3.0,2024-07-10
U0205,A047,3.5,2024-03-10
U0205,A025,3.5,2024-08-22
U0205,A046,3.0,2024-04-09
U0205,A060,3.0,2024-11-19
U0205,A042,3.5,2024-07-02
U0205,A037,3.5,2024-05-18
U0205,A053,3.5,2024-04-13
U0205,A050,4.0,2024-06-20
U0205,A056,2.5,2024-03-06
U0205,A004,2.5,2024-01-17
U0205,A048,3.5,2024-12-20
U0205,A058,2.5,2024-10-18
U0206,A007,4.5,2024-04-22
U0206,A033,2.0,2024-05-31
U0206,A003,3.5,2024-11-05
U0206,A038,4.0,2024-03-21
U0206,A048,3.5,2024-11-22
U0206,A008,2.5,2024-11-09
U0206,A027,4.0,2024-03-28
U0206,A052,4.0,2024-10-22
U0207,A024,3.0,2024-06-16
U0207,A047,4.5,2024-08-10
U0207,A058,2.5,2024-10-23
U0207,A026,4.0,2024-04-23
U0207,A046,3.0,2024-10-29
U0207,A053,2.0,2024-03-17
U0207,A038,3.5,2024-10-20
U0207,A008,3.0,2024-01-03
U0207,A059,2.5,2024-08-01
U0207,A004,2.0,2024-01-23
U0207,A012,3.0,2024-01-21
U0208,A018,3.5,2024-01-09
U0208,A054,3.5,2024-09-02
U0208,A011,1.5,2024-12-08
U0208,A019,2.5,2024-06-05
U0208,A057,2.5,2024-03-23
U0208,A020,3.0,2024-12-26
U0208,A041,2.5,2024-08-23
U0208,A053,3.0,2024-10-19
U0208,A023,3.0,2024-10-25
U0208,A009,3.0,2024-01-13
U0208,A004,2.5,2024-08-20
U0208,A048,2.5,2024-08-25
U0208,A059,2.0,2024-03-11
U0208,A058,3.5,2024-12-26
U0208,A029,3.5,2024-07-26
U0209,A007,3.0,2024-12-16
U0209,A032,3.5,2024-02-11
U0209,A036,3.0,2024-11-13
U0209,A054,2.5,2024-06-20
U0209,A058,3.0,2024-01-29
U0209,A057,2.5,2024-09-20
U0209,A060,3.5,2024-12-11
U0209,A043,3.5,2024-07-05
U0209,A011,4.5,2024-01-27
U0209,A027,3.0,2024-02-26
U0210,A055,2.5,2024-10-03
U0210,A012,2.5,2024-02-28
U0210,A018,1.5,2024-11-28
U0210,A033,2.5,2024-09-01
U0210,A034,4.5,2024-10-24
U0210,A030,3.5,2024-12-25
U0210,A040,4.5,2024-04-17
U0210,A031,3.5,2024-04-25
U0210,A015,2.5,2024-06-13
U0210,A021,2.5,2024-06-29
U0210,A050,3.5,2024-05-16
U0210,A006,3.5,2024-09-14
U0210,A059,2.5,2024-12-14
U0210,A052,2.0,2024-08-04
U0211,A028,3.0,2024-02-11
U0211,A024,2.0,2024-07-19
U0211,A002,3.0,2024-04-01
U0211,A047,2.5,2024-05-27
U0211,A054,4.0,2024-02-09
U0211,A060,2.5,2024-02-25
U0211,A020,3.0,2024-03-25
U0211,A006,2.0,2024-05-21
U0211,A056,3.0,2024-02-27
U0211,A038,2.5,2024-12-22
U0211,A059,2.5,2024-03-16
U0211,A058,5.0,2024-09-11
U0212,A044,4.0,2024-11-26
U0212,A051,4.0,2024-01-11
U0212,A054,3.5,2024-05-29
U0212,A045,3.0,2024-04-06
U0212,A041,3.0,2024-02-02
U0212,A021,2.0,2024-01-12
U0212,A038,3.0,2024-04-28
U0212,A004,4.0,2024-09-23
U0212,A039,3.0,2024-11-26
U0212,A029,3.5,2024-06-20
U0213,A017,2.5,2024-05-27
U0213,A025,4.0,2024-01-25
U0213,A054,3.0,2024-03-16
U0213,A046,3.5,2024-06-29
U0213,A022,3.0,2024-05-25
U0213,A020,4.0,2024-08-21
U0213,A043,3.0,2024-03-26
U0213,A041,2.0,2024-11-12
U0213,A050,4.0,2024-03-23
U0213,A035,2.5,2024-12-30
U0213,A044,4.0,2024-10-01
U0213,A059,3.0,2024-05-26
U0213,A010,4.0,2024-04-03
U0213,A052,4.0,2024-03-30
U0214,A028,4.0,2024-10-14
U0214,A032,3.0,2024-12-28
U0214,A005,4.0,2024-01-18
U0214,A054,3.5,2024-12-06
U0214,A016,3.0,2024-06-11
U0214,A015,3.5,2024-06-25
U0214,A004,3.0,2024-03-16
U0214,A039,3.5,2024-07-09
U0214,A033,3.0,2024-08-17
U0214,A052,4.0,2024-10-03
U0215,A030,3.5,2024-10-06
U0215,A019,3.0,2024-09-16
U0215,A046,5.0,2024-06-18
U0215,A031,3.5,2024-11-27
U0215,A043,2.0,2024-12-27
U0215,A015,3.0,2024-05-31
U0215,A023,3.0,2024-08-30
U0215,A059,2.5,2024-05-28
U0215,A003,3.0,2024-10-20
U0215,A014,2.5,2024-12-07
U0216,A024,3.5,2024-08-16
U0216,A040,4.5,2024-07-01
U0216,A057,3.5,2024-02-17
U0216,A046,3.0,2024-06-16
U0216,A020,4.0,2024-01-29
U0216,A060,3.5,2024-11-07
U0216,A006,2.5,2024-11-24
U0216,A058,3.0,2024-04-09
U0216,A049,2.0,2024-10-25
U0216,A035,1.5,2024-09-26
U0217,A055,2.5,2024-11-04
U0217,A032,1.5,2024-11-05
U0217,A030,3.0,2024-09-18
U0217,A040,4.0,2024-01-29
U0217,A031,4.0,2024-12-07
U0217,A060,3.0,2024-07-03
U0217,A050,2.5,2024-07-22
U0217,A004,3.5,2024-03-16
U0217,A008,3.0,2024-08-06
U0217,A059,2.5,2024-07-08
U0217,A027,2.0,2024-07-16
U0218,A018,5.0,2024-07-31
U0218,A024,4.0,2024-03-12
U0218,A005,2.5,2024-10-27
U0218,A017,3.0,2024-11-02
U0218,A060,2.0,2024-02-14
U0218,A043,2.0,2024-03-14
U0218,A020,3.5,2024-04-16
U0218,A042,2.5,2024-06-04
U0218,A053,4.5,2024-08-31
U0218,A037,2.0,2024-09-25
U0218,A039,3.0,2024-06-20
U0218,A003,3.5,2024-02-03
U0218,A052,3.0,2024-10-29
U0219,A034,3.5,2024-10-26
U0219,A017,2.0,2024-06-04
U0219,A030,3.5,2024-09-09
U0219,A040,3.5,2024-10-13
U0219,A041,2.0,2024-08-25
U0219,A013,4.0,2024-04-24
U0219,A053,3.5,2024-01-14
U0219,A037,3.5,2024-01-02
U0219,A027,2.5,2024-03-19
U0219,A038,3.5,2024-05-14
U0219,A039,4.0,2024-06-02
U0219,A033,3.0,2024-11-23
U0219,A049,4.5,2024-11-21
U0219,A035,3.0,2024-08-29
U0220,A024,3.5,2024-09-09
U0220,A051,4.5,2024-02-04
U0220,A030,3.0,2024-11-02
U0220,A043,3.5,2024-07-04
U0220,A016,2.5,2024-10-24
U0220,A023,5.0,2024-09-03
U0220,A011,4.0,2024-10-16
U0220,A003,3.0,2024-08-11
U0220,A029,2.5,2024-05-12
U0221,A032,3.0,2024-08-02
U0221,A005,2.0,2024-11-21
U0221,A030,4.5,2024-07-01
U0221,A041,3.0,2024-01-25
U0221,A013,3.0,2024-05-28
U0221,A023,4.5,2024-05-29
U0221,A006,2.5,2024-09-28
U0221,A009,4.5,2024-11-23
U0221,A035,3.5,2024-02-09
U0221,A044,3.5,2024-09-20
U0221,A033,5.0,2024-04-09
U0221,A052,3.0,2024-11-17
U0221,A003,3.0,2024-04-03
U0221,A010,2.5,2024-02-18
U0221,A012,3.0,2024-11-02
U0222,A055,3.5,2024-09-05
U0222,A028,2.0,2024-07-29
U0222,A018,4.0,2024-06-23
U0222,A002,3.0,2024-03-24
U0222,A051,4.0,2024-02-22
U0222,A036,2.0,2024-04-21
U0222,A057,3.5,2024-03-20
U0222,A052,4.0,2024-09-14
U0222,A003,4.0,2024-04-23
U0222,A035,4.0,2024-04-06
U0223,A018,4.5,2024-12-19
U0223,A024,5.0,2024-07-04
U0223,A032,3.5,2024-03-12
U0223,A005,2.5,2024-08-14
U0223,A030,3.0,2024-11-01
U0223,A031,4.0,2024-09-24
U0223,A020,4.5,2024-06-24
U0223,A058,3.0,2024-03-29
U0223,A029,4.5,2024-12-29
U0224,A032,3.0,2024-08-08
U0224,A034,3.0,2024-01-22
U0224,A040,3.5,2024-04-10
U0224,A019,4.5,2024-02-25
U0224,A031,3.5,2024-01-17
U0224,A041,3.5,2024-12-03
U0224,A016,2.5,2024-09-19
U0224,A020,4.0,2024-10-30
U0224,A039,3.0,2024-01-31
U0224,A003,3.5,2024-08-28
U0224,A035,3.0,2024-03-01
U0224,A014,4.0,2024-05-09
U0225,A032,2.0,2024-04-04
U0225,A034,4.0,2024-12-09
U0225,A057,3.5,2024-06-28
U0225,A031,2.0,2024-01-15
U0225,A016,3.0,2024-02-16
U0225,A048,1.5,2024-03-15
U0225,A027,2.5,2024-05-22
U0225,A010,4.0,2024-10-23
U0226,A018,3.0,2024-02-20
U0226,A002,2.5,2024-04-19
U0226,A025,3.0,2024-09-15
U0226,A017,2.5,2024-12-28
U0226,A040,3.0,2024-08-31
U0226,A057,4.0,2024-07-06
U0226,A041,2.5,2024-12-23
U0226,A016,1.5,2024-10-28
U0226,A009,2.5,2024-04-04
U0226,A039,3.0,2024-08-13
U0226,A058,2.5,2024-12-10
U0226,A010,3.0,2024-02-24
U0226,A012,2.5,2024-04-02
U0227,A007,4.0,2024-07-03
U0227,A002,3.5,2024-12-26
U0227,A034,3.5,2024-05-27
U0227,A036,3.5,2024-10-12
U0227,A025,3.5,2024-01-21
U0227,A046,4.0,2024-02-12
U0227,A060,4.5,2024-06-16
U0227,A042,5.0,2024-09-09
U0227,A037,3.5,2024-02-29
U0227,A009,3.0,2024-07-16
U0227,A048,2.5,2024-05-25
U0227,A014,4.0,2024-08-21
U0227,A029,4.0,2024-11-03
U0228,A028,2.0,2024-07-21
U0228,A017,3.5,2024-08-12
U0228,A054,3.5,2024-09-24
U0228,A019,4.5,2024-12-03
U0228,A057,3.0,2024-12-12
U0228,A046,3.5,2024-02-13
U0228,A041,2.0,2024-03-02
U0228,A053,2.5,2024-03-14
U0228,A009,2.0,2024-07-21
U0228,A042,4.0,2024-07-24
U0228,A004,1.0,2024-12-21
U0228,A048,2.5,2024-10-29
U0229,A028,1.0,2024-04-29
U0229,A024,3.0,2024-08-05
U0229,A002,4.0,2024-09-12
U0229,A026,3.5,2024-05-22
U0229,A045,1.0,2024-10-24
U0229,A050,3.0,2024-10-30
U0229,A059,2.0,2024-05-19
U0229,A049,2.5,2024-11-25
U0229,A012,2.5,2024-07-23
U0230,A005,4.0,2024-01-16
U0230,A025,3.0,2024-02-20
U0230,A054,3.0,2024-01-28
U0230,A011,3.0,2024-02-04
U0230,A060,3.5,2024-09-12
U0230,A020,3.0,2024-12-13
U0230,A037,3.5,2024-01-14
U0230,A038,2.5,2024-04-01
U0230,A048,3.5,2024-07-14
U0230,A033,3.0,2024-11-05
U0230,A058,2.5,2024-12-13
U0230,A035,3.0,2024-06-16
U0230,A014,1.5,2024-03-19
U0231,A055,2.5,2024-10-03
U0231,A018,3.5,2024-10-06
U0231,A034,4.0,2024-01-10
U0231,A017,4.0,2024-01-17
U0231,A054,3.5,2024-08-08
U0231,A046,2.0,2024-03-01
U0231,A022,5.0,2024-07-15
U0231,A020,2.0,2024-08-18
U0231,A048,3.5,2024-06-10
U0231,A008,3.5,2024-07-11
U0231,A059,2.5,2024-08-14
U0231,A014,3.0,2024-08-23
U0232,A033,3.0,2024-07-18
U0232,A025,3.5,2024-09-06
U0232,A054,3.5,2024-02-26
U0232,A060,3.0,2024-10-18
U0232,A039,3.5,2024-12-11
U0232,A059,3.5,2024-09-08
U0232,A058,3.5,2024-12-03
U0232,A035,2.0,2024-10-10
U0233,A001,4.0,2024-06-23
U0233,A007,3.0,2024-07-13
U0233,A025,3.5,2024-02-19
U0233,A036,4.5,2024-08-07
U0233,A047,4.0,2024-06-25
U0233,A060,2.5,2024-07-01
U0233,A043,3.5,2024-07-29
U0233,A020,3.5,2024-06-28
U0233,A015,4.0,2024-01-29
U0233,A006,3.5,2024-12-04
U0233,A056,4.5,2024-05-05
U0233,A039,3.0,2024-05-06
U0233,A059,2.0,2024-04-30
U0233,A011,3.5,2024-11-27
U0233,A052,3.0,2024-06-08
U0234,A002,2.0,2024-10-17
U0234,A047,2.5,2024-09-20
U0234,A036,3.0,2024-08-03
U0234,A057,4.0,2024-05-16
U0234,A046,3.5,2024-01-11
U0234,A041,2.0,2024-12-22
U0234,A043,3.0,2024-08-28
U0234,A060,4.5,2024-10-28
U0234,A014,3.0,2024-01-12
U0235,A018,3.0,2024-11-10
U0235,A025,4.0,2024-06-02
U0235,A054,2.5,2024-07-05
U0235,A030,4.5,2024-08-11
U0235,A022,3.0,2024-04-13
U0235,A060,2.5,2024-09-11
U0235,A048,3.5,2024-11-21
U0235,A053,2.5,2024-02-08
U0235,A050,3.5,2024-10-01
U0235,A044,3.0,2024-04-19
U0235,A059,3.0,2024-05-27
U0235,A012,2.5,2024-05-15
U0235,A014,3.5,2024-01-25
U0236,A028,3.5,2024-02-09
U0236,A024,2.0,2024-11-29
U0236,A032,3.0,2024-06-03
U0236,A019,3.0,2024-09-15
U0236,A026,2.5,2024-06-02
U0236,A046,4.0,2024-08-09
U0236,A043,3.0,2024-12-05
U0236,A060,2.0,2024-10-03
U0236,A042,2.5,2024-06-09
U0236,A056,4.5,2024-04-12
U0236,A044,2.5,2024-07-31
U0236,A014,1.5,2024-07-24
U0237,A055,4.0,2024-09-24
U0237,A051,4.0,2024-04-12
U0237,A054,4.0,2024-07-05
U0237,A030,4.5,2024-08-24
U0237,A026,3.5,2024-03-16
U0237,A045,2.5,2024-05-03
U0237,A022,3.5,2024-03-18
U0237,A057,3.0,2024-12-16
U0237,A038,3.5,2024-06-02
U0237,A039,3.5,2024-08-10
U0237,A033,4.0,2024-07-29
U0237,A003,2.5,2024-06-12
U0238,A002,2.5,2024-04-08
U0238,A017,4.5,2024-01-15
U0238,A045,3.5,2024-05-05
U0238,A026,3.5,2024-06-07
U0238,A003,3.5,2024-08-25
U0238,A053,3.5,2024-09-05
U0238,A033,3.0,2024-10-13
U0238,A027,1.5,2024-08-11
U0238,A035,3.0,2024-08-04
U0239,A005,2.5,2024-10-08
U0239,A051,3.5,2024-03-31
U0239,A011,3.5,2024-11-25
U0239,A026,4.0,2024-01-22
U0239,A023,5.0,2024-09-05
U0239,A033,3.0,2024-01-11
U0239,A058,2.5,2024-01-29
U0239,A035,3.5,2024-02-12
U0240,A055,3.0,2024-09-11
U0240,A007,3.0,2024-02-16
U0240,A024,3.5,2024-05-01
U0240,A034,3.5,2024-11-03
U0240,A045,2.5,2024-03-03
U0240,A040,2.5,2024-06-09
U0240,A043,2.5,2024-06-17
U0240,A044,3.0,2024-10-26
U0240,A059,2.0,2024-07-18
U0240,A049,2.5,2024-04-30
U0240,A010,2.5,2024-08-04
U0240,A012,3.5,2024-04-21
U0240,A014,3.0,2024-03-14
U0241,A030,2.5,2024-09-30
U0241,A019,3.0,2024-07-10
U0241,A020,3.0,2024-12-24
U0241,A013,3.0,2024-02-27
U0241,A050,4.0,2024-06-11
U0241,A059,3.5,2024-10-06
U0241,A049,2.5,2024-08-04
U0241,A010,3.5,2024-08-31
U0241,A035,2.5,2024-12-15
U0242,A017,3.0,2024-05-09
U0242,A046,3.5,2024-10-09
U0242,A039,2.0,2024-07-15
U0242,A015,2.0,2024-06-07
U0242,A013,2.0,2024-11-23
U0242,A023,3.5,2024-12-24
U0242,A035,3.5,2024-07-04
U0242,A056,3.0,2024-12-16
U0242,A044,4.5,2024-03-03
U0242,A058,4.0,2024-09-30
U0242,A052,2.0,2024-05-01
U0243,A051,3.5,2024-02-11
U0243,A005,2.5,2024-09-08
U0243,A034,3.5,2024-08-29
U0243,A047,2.5,2024-07-30
U0243,A045,2.5,2024-06-19
U0243,A017,2.0,2024-08-04
U0243,A020,2.0,2024-02-21
U0243,A048,2.5,2024-03-23
U0243,A015,3.0,2024-12-23
U0243,A053,2.5,2024-05-13
U0243,A001,4.0,2024-09-16
U0243,A059,2.5,2024-02-03
U0243,A058,3.0,2024-06-29
U0243,A035,4.0,2024-08-03
U0243,A029,3.0,2024-11-04
U0244,A025,3.0,2024-02-12
U0244,A054,4.0,2024-02-26
U0244,A030,5.0,2024-03-21
U0244,A047,3.5,2024-05-07
U0244,A057,3.0,2024-09-21
U0244,A022,4.5,2024-11-28
U0244,A053,3.5,2024-03-07
U0244,A050,4.0,2024-10-31
U0244,A006,5.0,2024-12-17
U0244,A039,2.5,2024-07-29
U0244,A059,3.5,2024-06-12
U0244,A011,3.5,2024-08-19
U0244,A003,3.0,2024-09-01
U0245,A028,4.5,2024-10-19
U0245,A002,3.0,2024-04-24
U0245,A007,2.5,2024-01-11
U0245,A005,3.0,2024-01-12
U0245,A011,4.0,2024-10-12
U0245,A053,3.5,2024-11-27
U0245,A037,3.0,2024-11-09
U0245,A059,4.0,2024-11-16
U0245,A058,1.5,2024-04-27
U0245,A049,3.5,2024-02-15
U0246,A028,3.5,2024-04-24
U0246,A007,2.0,2024-04-14
U0246,A024,3.5,2024-04-07
U0246,A011,4.5,2024-05-16
U0246,A030,2.5,2024-05-27
U0246,A057,2.0,2024-09-10
U0246,A040,3.0,2024-07-14
U0246,A042,3.0,2024-03-07
U0246,A021,3.5,2024-08-08
U0246,A039,3.0,2024-04-15
U0246,A008,3.0,2024-11-03
U0246,A058,3.0,2024-04-20
U0246,A049,2.0,2024-05-24
U0246,A010,3.5,2024-12-12
U0246,A035,4.0,2024-04-06
U0247,A001,2.5,2024-03-09
U0247,A032,3.0,2024-06-14
U0247,A051,3.5,2024-12-20
U0247,A015,3.5,2024-07-22
U0247,A013,3.0,2024-12-17
U0247,A053,3.0,2024-04-18
U0247,A038,4.5,2024-07-15
U0247,A016,4.0,2024-12-28
U0247,A004,4.0,2024-08-04
U0247,A044,3.5,2024-11-01
U0247,A008,4.0,2024-05-11
U0247,A003,3.0,2024-02-07
U0247,A010,3.5,2024-02-18
U0247,A027,2.5,2024-10-12
U0248,A047,3.0,2024-05-09
U0248,A036,2.5,2024-09-15
U0248,A057,2.0,2024-11-13
U0248,A031,3.5,2024-07-14
U0248,A056,3.0,2024-06-03
U0248,A038,4.0,2024-07-21
U0248,A059,4.0,2024-12-09
U0248,A058,3.5,2024-07-08
U0249,A018,2.5,2024-12-29
U0249,A005,3.0,2024-09-28
U0249,A031,4.0,2024-08-09
U0249,A038,3.0,2024-03-13
U0249,A048,3.5,2024-05-13
U0249,A033,4.0,2024-02-29
U0249,A058,5.0,2024-06-09
U0249,A059,4.0,2024-01-23
U0249,A003,3.5,2024-03-06
U0249,A010,3.5,2024-09-12
U0250,A028,3.0,2024-03-18
U0250,A012,3.0,2024-10-11
U0250,A007,3.0,2024-12-02
U0250,A051,3.0,2024-11-21
U0250,A030,3.0,2024-08-13
U0250,A045,3.0,2024-01-28
U0250,A043,3.0,2024-04-06
U0250,A021,4.0,2024-03-17
U0250,A006,4.0,2024-01-28
U0250,A059,2.5,2024-04-27
U0250,A058,3.0,2024-04-03
U0250,A035,4.5,2024-01-19
U0251,A028,3.5,2024-04-02
U0251,A002,3.5,2024-03-27
U0251,A014,2.5,2024-09-17
U0251,A005,4.0,2024-05-19
U0251,A025,3.0,2024-10-15
U0251,A036,2.5,2024-12-05
U0251,A030,2.5,2024-10-26
U0251,A057,3.5,2024-04-18
U0251,A020,3.0,2024-10-25
U0251,A016,3.0,2024-01-03
U0251,A035,4.0,2024-09-26
U0251,A008,3.0,2024-10-19
U0251,A058,3.0,2024-04-02
U0251,A012,4.0,2024-08-01
U0251,A029,3.5,2024-02-09
U0252,A047,3.5,2024-02-11
U0252,A036,4.0,2024-08-23
U0252,A040,2.0,2024-12-28
U0252,A057,3.5,2024-12-03
U0252,A046,3.5,2024-09-02
U0252,A041,4.5,2024-08-20
U0252,A053,2.0,2024-11-17
U0252,A006,4.5,2024-05-17
U0252,A056,3.5,2024-10-31
U0252,A035,3.5,2024-12-02
U0252,A014,4.5,2024-01-03
U0253,A028,3.5,2024-04-01
U0253,A017,3.0,2024-05-02
U0253,A026,3.5,2024-07-23
U0253,A057,2.5,2024-02-15
U0253,A013,3.0,2024-01-11
U0253,A053,4.0,2024-04-16
U0253,A037,3.0,2024-03-24
U0253,A006,4.5,2024-07-17
U0253,A038,3.0,2024-07-25
U0253,A001,2.5,2024-05-25
U0253,A033,3.5,2024-11-27
U0253,A059,3.0,2024-11-30
U0253,A014,3.5,2024-03-19
U0254,A028,4.0,2024-04-12
U0254,A007,3.5,2024-09-07
U0254,A030,3.0,2024-08-16
U0254,A058,4.0,2024-07-17
U0254,A040,4.0,2024-08-31
U0254,A043,3.5,2024-05-17
U0254,A021,3.5,2024-10-15
U0254,A059,3.5,2024-11-03
U0254,A011,2.5,2024-08-04
U0255,A047,3.0,2024-06-23
U0255,A019,3.0,2024-08-25
U0255,A060,3.0,2024-12-12
U0255,A015,2.0,2024-04-24
U0255,A021,3.5,2024-11-27
U0255,A037,3.5,2024-12-17
U0255,A006,3.5,2024-03-20
U0255,A048,3.5,2024-09-10
U0255,A010,3.5,2024-09-26
U0256,A033,3.0,2024-06-02
U0256,A032,4.0,2024-05-07
U0256,A054,4.5,2024-09-24
U0256,A043,3.5,2024-08-06
U0256,A038,2.5,2024-05-31
U0256,A059,3.0,2024-10-18
U0256,A011,3.5,2024-01-25
U0256,A003,4.0,2024-10-09
U0256,A029,3.0,2024-02-09
U0257,A024,2.5,2024-09-14
U0257,A032,4.5,2024-01-09
U0257,A017,2.5,2024-02-28
U0257,A060,2.0,2024-12-04
U0257,A037,3.0,2024-08-24
U0257,A006,2.5,2024-04-01
U0257,A048,3.0,2024-04-03
U0257,A059,4.0,2024-07-20
U0258,A018,4.0,2024-06-23
U0258,A024,2.0,2024-04-05
U0258,A017,1.5,2024-04-18
U0258,A046,3.0,2024-04-04
U0258,A043,4.0,2024-02-10
U0258,A038,3.0,2024-11-05
U0258,A012,3.0,2024-05-12
U0258,A029,3.0,2024-12-10
U0259,A047,3.5,2024-08-23
U0259,A057,3.5,2024-12-20
U0259,A041,3.5,2024-07-26
U0259,A020,4.0,2024-12-02
U0259,A021,4.5,2024-11-04
U0259,A037,4.5,2024-09-06
U0259,A001,3.5,2024-06-04
U0259,A014,3.5,2024-11-12
U0259,A029,3.0,2024-11-11
U0260,A024,3.0,2024-11-16
U0260,A017,1.5,2024-10-02
U0260,A025,2.5,2024-04-07
U0260,A034,3.5,2024-02-14
U0260,A040,3.5,2024-06-03
U0260,A060,4.0,2024-08-25
U0260,A042,4.0,2024-03-16
U0260,A023,3.0,2024-08-30
U0260,A050,5.0,2024-08-04
U0260,A001,3.0,2024-01-12
U0260,A058,2.5,2024-02-29
U0260,A049,2.5,2024-03-26
U0260,A029,1.5,2024-03-19
U0261,A018,4.5,2024-09-10
U0261,A047,2.5,2024-10-23
U0261,A045,2.0,2024-11-01
U0261,A046,3.5,2024-10-10
U0261,A057,3.0,2024-05-28
U0261,A020,4.0,2024-01-19
U0261,A060,3.5,2024-09-06
U0261,A031,3.0,2024-07-23
U0261,A042,3.0,2024-09-05
U0261,A037,2.0,2024-09-19
U0261,A056,3.0,2024-10-29
U0261,A004,2.0,2024-11-09
U0261,A008,4.0,2024-12-13
U0261,A027,3.5,2024-09-06
U0261,A010,3.5,2024-04-28
U0262,A024,4.5,2024-08-30
U0262,A017,3.0,2024-02-29
U0262,A019,4.5,2024-09-10
U0262,A060,2.0,2024-11-14
U0262,A021,2.0,2024-11-26
U0262,A023,2.0,2024-06-26
U0262,A056,4.0,2024-08-17
U0262,A052,4.0,2024-12-23
U0263,A012,3.5,2024-12-30
U0263,A018,3.5,2024-07-18
U0263,A034,3.5,2024-08-01
U0263,A054,2.5,2024-12-10
U0263,A017,3.5,2024-11-30
U0263,A046,3.5,2024-07-03
U0263,A060,3.5,2024-08-29
U0263,A015,3.5,2024-03-23
U0263,A013,2.5,2024-11-14
U0263,A050,2.5,2024-04-16
U0263,A056,2.0,2024-05-24
U0263,A059,4.0,2024-12-19
U0263,A058,4.0,2024-02-14
U0263,A035,4.0,2024-12-07
U0264,A055,2.0,2024-05-13
U0264,A028,4.0,2024-07-01
U0264,A002,3.0,2024-12-12
U0264,A051,3.0,2024-03-22
U0264,A030,4.0,2024-03-30
U0264,A026,3.5,2024-09-14
U0264,A060,2.0,2024-01-17
U0264,A041,2.0,2024-02-02
U0264,A016,3.0,2024-06-21
U0264,A037,2.5,2024-08-08
U0264,A023,3.5,2024-02-28
U0264,A001,3.5,2024-11-12
U0264,A033,3.5,2024-04-26
U0264,A058,2.5,2024-03-02
U0264,A003,4.5,2024-10-14
U0265,A028,5.0,2024-02-26
U0265,A012,3.5,2024-02-24
U0265,A054,3.0,2024-11-08
U0265,A030,3.0,2024-11-08
U0265,A057,3.5,2024-02-22
U0265,A031,3.0,2024-10-14
U0265,A043,2.0,2024-01-22
U0265,A020,3.0,2024-09-16
U0265,A006,3.5,2024-02-23
U0265,A058,4.0,2024-03-26
U0265,A035,3.5,2024-11-18
U0266,A018,2.0,2024-06-20
U0266,A036,4.0,2024-03-11
U0266,A046,4.0,2024-03-03
U0266,A043,3.5,2024-04-13
U0266,A015,2.5,2024-08-12
U0266,A042,2.5,2024-07-31
U0266,A038,4.0,2024-01-04
U0266,A033,4.0,2024-05-05
U0266,A014,4.0,2024-08-30
U0267,A049,4.0,2024-07-28
U0267,A051,3.5,2024-08-22
U0267,A019,2.5,2024-09-21
U0267,A057,2.0,2024-12-15
U0267,A003,3.5,2024-07-04
U0267,A060,2.5,2024-01-16
U0267,A045,4.0,2024-08-14
U0267,A050,4.0,2024-03-15
U0267,A042,2.0,2024-01-06
U0267,A006,2.5,2024-09-21
U0267,A059,2.5,2024-02-05
U0267,A058,3.0,2024-02-13
U0267,A027,3.5,2024-06-22
U0268,A028,3.0,2024-05-23
U0268,A018,3.5,2024-09-27
U0268,A007,3.5,2024-11-08
U0268,A025,4.0,2024-03-16
U0268,A045,2.0,2024-12-24
U0268,A057,2.5,2024-07-25
U0268,A013,4.0,2024-08-16
U0268,A037,2.0,2024-11-25
U0268,A023,2.0,2024-04-15
U0268,A027,2.5,2024-10-05
U0268,A010,4.5,2024-11-15
U0268,A035,2.5,2024-11-12
U0268,A029,4.0,2024-11-29
U0269,A024,3.5,2024-01-12
U0269,A033,4.5,2024-01-15
U0269,A034,3.5,2024-10-03
U0269,A036,3.5,2024-10-30
U0269,A025,3.0,2024-05-12
U0269,A043,3.5,2024-05-03
U0269,A016,4.5,2024-06-04
U0269,A053,3.5,2024-08-04
U0269,A037,5.0,2024-09-15
U0269,A009,2.5,2024-02-26
U0269,A039,3.5,2024-01-31
U0269,A059,3.5,2024-07-09
U0269,A052,2.5,2024-05-12
U0269,A027,3.0,2024-11-17
U0269,A035,3.5,2024-09-16
U0270,A028,4.5,2024-07-12
U0270,A012,3.0,2024-09-23
U0270,A032,4.5,2024-05-06
U0270,A005,3.5,2024-02-23
U0270,A030,2.5,2024-06-16
U0270,A057,4.0,2024-09-21
U0270,A043,3.0,2024-10-25
U0270,A016,3.0,2024-04-08
U0270,A056,2.0,2024-07-03
U0270,A038,2.0,2024-08-20
U0270,A059,3.5,2024-02-20
U0270,A058,4.0,2024-03-16
U0270,A052,4.5,2024-12-30
U0271,A028,2.5,2024-08-13
U0271,A029,4.0,2024-12-18
U0271,A032,3.0,2024-09-07
U0271,A034,3.5,2024-08-01
U0271,A017,3.0,2024-03-24
U0271,A030,5.0,2024-03-14
U0271,A045,2.5,2024-09-15
U0271,A057,4.0,2024-03-06
U0271,A011,3.0,2024-09-05
U0271,A020,2.0,2024-12-30
U0271,A060,3.5,2024-08-22
U0271,A039,3.0,2024-03-07
U0271,A058,2.5,2024-12-26
U0271,A014,2.5,2024-09-19
U0272,A024,3.0,2024-02-26
U0272,A054,3.5,2024-03-02
U0272,A026,3.0,2024-07-08
U0272,A031,3.0,2024-10-19
U0272,A022,4.0,2024-05-28
U0272,A038,3.0,2024-01-21
U0272,A059,3.0,2024-09-24
U0272,A058,2.5,2024-03-19
U0272,A029,3.5,2024-03-01
U0273,A001,2.5,2024-01-02
U0273,A017,2.5,2024-03-03
U0273,A054,3.5,2024-10-07
U0273,A025,2.0,2024-06-27
U0273,A003,2.5,2024-02-04
U0273,A060,5.0,2024-01-23
U0273,A039,2.5,2024-08-01
U0273,A041,4.0,2024-09-03
U0273,A042,2.5,2024-10-20
U0273,A044,3.5,2024-06-07
U0273,A059,3.5,2024-10-16
U0273,A027,4.0,2024-08-19
U0273,A029,3.0,2024-06-21
U0274,A028,4.5,2024-05-22
U0274,A025,4.0,2024-11-26
U0274,A054,2.0,2024-02-15
U0274,A036,3.5,2024-03-25
U0274,A019,3.5,2024-12-28
U0274,A046,4.5,2024-01-13
U0274,A057,3.5,2024-10-19
U0274,A060,3.5,2024-11-18
U0274,A016,3.5,2024-12-28
U0274,A030,3.0,2024-06-07
U0274,A023,3.5,2024-10-14
U0274,A038,4.0,2024-11-26
U0274,A008,3.0,2024-03-04
U0274,A058,4.0,2024-11-25
U0275,A055,5.0,2024-12-03
U0275,A024,3.5,2024-09-29
U0275,A026,4.0,2024-04-02
U0275,A046,3.0,2024-01-10
U0275,A022,3.5,2024-05-20
U0275,A031,4.5,2024-04-15
U0275,A050,3.5,2024-05-05
U0275,A039,3.5,2024-12-27
U0275,A010,2.5,2024-10-23
U0276,A028,3.0,2024-04-03
U0276,A025,3.5,2024-05-10
U0276,A045,3.5,2024-02-15
U0276,A040,3.5,2024-03-19
U0276,A057,3.5,2024-06-06
U0276,A031,3.0,2024-07-27
U0276,A043,3.0,2024-12-13
U0276,A023,3.5,2024-03-27
U0276,A037,3.0,2024-01-31
U0276,A009,2.5,2024-11-10
U0276,A038,3.5,2024-06-15
U0276,A044,3.5,2024-04-02
U0276,A058,4.0,2024-01-14
U0276,A003,2.0,2024-01-30
U0276,A029,3.0,2024-06-01
U0277,A055,2.5,2024-02-28
U0277,A032,3.5,2024-05-17
U0277,A005,3.5,2024-02-01
U0277,A034,4.0,2024-06-11
U0277,A036,4.5,2024-08-25
U0277,A060,4.0,2024-10-10
U0277,A039,4.0,2024-07-27
U0277,A042,2.5,2024-02-03
U0277,A037,4.0,2024-09-04
U0277,A006,4.0,2024-01-15
U0277,A004,3.0,2024-07-27
U0277,A048,3.5,2024-11-20
U0277,A008,3.5,2024-04-29
U0277,A003,3.0,2024-01-10
U0278,A018,2.0,2024-10-03
U0278,A002,4.5,2024-03-27
U0278,A005,3.0,2024-05-05
U0278,A034,3.5,2024-10-02
U0278,A040,4.5,2024-08-04
U0278,A046,1.5,2024-10-11
U0278,A015,4.0,2024-08-19
U0278,A021,3.0,2024-01-22
U0278,A042,3.5,2024-01-01
U0278,A037,2.5,2024-08-25
U0278,A056,3.0,2024-11-13
U0278,A058,3.5,2024-05-28
U0279,A045,5.0,2024-03-23
U0279,A057,3.0,2024-09-30
U0279,A026,3.5,2024-10-15
U0279,A020,3.5,2024-02-05
U0279,A013,2.5,2024-06-02
U0279,A001,2.0,2024-02-15
U0279,A059,3.0,2024-07-21
U0279,A027,2.5,2024-12-23
U0279,A010,3.5,2024-03-03
U0279,A035,4.0,2024-03-12
U0280,A028,4.0,2024-06-23
U0280,A018,2.5,2024-04-17
U0280,A017,3.0,2024-08-23
U0280,A036,3.5,2024-11-02
U0280,A019,3.0,2024-06-17
U0280,A060,3.5,2024-01-09
U0280,A016,3.0,2024-12-20
U0280,A021,2.5,2024-03-09
U0280,A050,3.0,2024-11-26
U0280,A011,3.5,2024-01-02
U0280,A010,3.0,2024-11-07
U0280,A035,3.5,2024-08-31
U0281,A055,3.5,2024-11-28
U0281,A019,3.5,2024-11-29
U0281,A046,3.0,2024-02-09
U0281,A060,3.0,2024-10-02
U0281,A040,2.5,2024-01-16
U0281,A021,2.5,2024-12-09
U0281,A039,4.0,2024-08-15
U0281,A033,2.5,2024-12-10
U0282,A028,2.5,2024-04-08
U0282,A018,2.0,2024-08-15
U0282,A047,2.5,2024-01-05
U0282,A045,3.5,2024-04-23
U0282,A040,3.5,2024-01-11
U0282,A060,2.5,2024-05-23
U0282,A037,3.5,2024-12-14
U0282,A044,3.0,2024-12-29
U0282,A003,3.0,2024-07-02
U0283,A028,3.5,2024-11-22
U0283,A051,5.0,2024-07-21
U0283,A016,2.5,2024-02-26
U0283,A013,3.5,2024-05-22
U0283,A042,3.0,2024-10-18
U0283,A056,3.5,2024-09-13
U0283,A038,4.5,2024-09-09
U0283,A001,5.0,2024-03-28
U0283,A058,3.5,2024-10-09
U0283,A004,4.0,2024-04-09
U0283,A014,3.5,2024-12-03
U0284,A005,2.5,2024-12-14
U0284,A047,4.0,2024-10-13
U0284,A015,2.0,2024-08-20
U0284,A042,2.5,2024-01-02
U0284,A056,4.0,2024-08-06
U0284,A048,2.5,2024-11-24
U0284,A059,4.0,2024-12-10
U0284,A058,3.0,2024-11-28
U0284,A010,2.5,2024-01-27
U0284,A035,3.5,2024-06-14
U0285,A028,3.5,2024-01-03
U0285,A047,2.0,2024-07-19
U0285,A017,4.0,2024-04-09
U0285,A058,3.0,2024-06-20
U0285,A019,3.0,2024-02-11
U0285,A046,3.5,2024-10-19
U0285,A057,3.0,2024-01-13
U0285,A060,3.5,2024-04-25
U0285,A054,3.5,2024-12-19
U0285,A009,3.5,2024-08-04
U0285,A052,4.0,2024-02-08
U0285,A011,4.0,2024-05-07
U0285,A035,3.0,2024-04-10
U0285,A029,2.5,2024-03-25
U0286,A018,4.5,2024-06-23
U0286,A032,3.5,2024-01-28
U0286,A051,3.5,2024-06-19
U0286,A047,4.0,2024-09-23
U0286,A034,4.0,2024-05-01
U0286,A030,3.0,2024-02-07
U0286,A057,3.5,2024-11-03
U0286,A060,4.0,2024-11-13
U0286,A043,3.5,2024-08-12
U0286,A016,4.0,2024-02-18
U0286,A013,3.5,2024-11-16
U0286,A056,2.5,2024-08-16
U0286,A029,2.0,2024-10-23
U0287,A036,2.5,2024-11-08
U0287,A040,2.0,2024-11-16
U0287,A057,2.5,2024-08-09
U0287,A060,4.0,2024-02-03
U0287,A039,4.0,2024-02-22
U0287,A041,2.5,2024-12-12
U0287,A043,2.5,2024-01-29
U0287,A048,4.5,2024-10-13
U0287,A029,2.5,2024-01-27
U0288,A028,3.0,2024-02-25
U0288,A002,3.0,2024-02-22
U0288,A024,4.0,2024-01-07
U0288,A031,3.0,2024-10-31
U0288,A053,3.5,2024-02-04
U0288,A038,2.5,2024-10-30
U0288,A050,4.5,2024-04-09
U0288,A056,2.5,2024-10-20
U0288,A004,4.5,2024-03-05
U0288,A008,3.5,2024-11-22
U0288,A011,3.0,2024-09-17
U0288,A029,3.5,2024-05-11
U0289,A025,3.5,2024-11-29
U0289,A054,5.0,2024-07-02
U0289,A047,3.5,2024-06-08
U0289,A046,3.5,2024-10-25
U0289,A057,2.0,2024-10-04
U0289,A041,2.0,2024-03-15
U0289,A016,2.5,2024-03-16
U0289,A021,4.0,2024-08-28
U0289,A037,3.5,2024-06-07
U0289,A056,3.5,2024-11-04
U0289,A003,3.5,2024-06-24
U0289,A035,2.5,2024-05-29
U0289,A029,4.0,2024-07-07
U0290,A018,2.5,2024-06-23
U0290,A002,2.0,2024-04-06
U0290,A025,2.0,2024-12-07
U0290,A034,2.0,2024-08-31
U0290,A026,2.5,2024-12-21
U0290,A031,3.5,2024-12-20
U0290,A050,4.5,2024-08-27
U0290,A029,3.0,2024-11-03
U0291,A047,3.5,2024-12-20
U0291,A060,2.0,2024-04-27
U0291,A041,4.0,2024-08-26
U0291,A043,3.5,2024-11-15
U0291,A048,5.0,2024-04-19
U0291,A031,4.5,2024-05-02
U0291,A016,3.0,2024-09-03
U0291,A038,4.0,2024-06-18
U0291,A044,3.5,2024-07-11
U0291,A008,3.0,2024-04-15
U0291,A011,2.0,2024-07-23
U0291,A004,2.0,2024-04-04
U0291,A052,3.0,2024-01-04
U0292,A018,3.0,2024-04-11
U0292,A005,4.0,2024-05-25
U0292,A034,4.5,2024-03-30
U0292,A054,3.5,2024-04-22
U0292,A057,3.0,2024-05-14
U0292,A031,4.0,2024-03-30
U0292,A039,4.5,2024-06-22
U0292,A015,3.0,2024-10-10
U0292,A042,3.0,2024-05-05
U0292,A009,2.0,2024-04-01
U0292,A056,3.0,2024-04-10
U0292,A001,4.0,2024-01-12
U0292,A014,3.0,2024-03-31
U0293,A028,4.0,2024-09-26
U0293,A036,2.5,2024-11-15
U0293,A019,2.5,2024-08-10
U0293,A057,3.5,2024-12-30
U0293,A041,1.5,2024-02-03
U0293,A043,3.5,2024-03-01
U0293,A020,3.5,2024-03-14
U0293,A050,4.0,2024-03-07
U0293,A004,4.5,2024-04-07
U0293,A048,3.0,2024-04-08
U0293,A058,4.0,2024-09-29
U0293,A014,2.5,2024-07-12
U0294,A017,2.5,2024-03-05
U0294,A036,3.0,2024-09-17
U0294,A060,3.0,2024-10-26
U0294,A043,4.0,2024-09-07
U0294,A015,4.0,2024-04-17
U0294,A031,1.5,2024-02-11
U0294,A042,4.0,2024-08-28
U0294,A050,3.5,2024-12-05
U0294,A006,3.0,2024-11-10
U0294,A056,2.5,2024-02-03
U0294,A004,3.5,2024-03-26
U0294,A039,3.5,2024-09-17
U0294,A010,3.5,2024-07-17
U0295,A008,3.0,2024-04-16
U0295,A017,3.0,2024-04-22
U0295,A030,2.0,2024-04-13
U0295,A057,3.0,2024-08-19
U0295,A060,2.5,2024-04-30
U0295,A020,3.5,2024-07-21
U0295,A009,3.0,2024-04-21
U0295,A038,2.5,2024-06-05
U0295,A044,3.0,2024-08-05
U0295,A033,2.5,2024-07-12
U0295,A059,3.0,2024-10-19
U0295,A012,3.5,2024-03-21
U0295,A029,2.0,2024-07-10
U0296,A055,3.0,2024-08-18
U0296,A028,2.0,2024-08-27
U0296,A008,4.5,2024-08-09
U0296,A024,3.5,2024-07-28
U0296,A046,2.0,2024-07-07
U0296,A013,5.0,2024-09-11
U0296,A053,3.0,2024-06-11
U0296,A056,5.0,2024-05-19
U0296,A033,4.0,2024-07-14
U0296,A058,3.5,2024-01-13
U0296,A059,3.5,2024-04-01
U0296,A027,3.0,2024-08-14
U0297,A024,4.5,2024-10-06
U0297,A032,3.5,2024-04-12
U0297,A005,4.5,2024-06-19
U0297,A034,3.0,2024-04-10
U0297,A040,2.5,2024-12-11
U0297,A057,1.5,2024-06-17
U0297,A043,3.5,2024-05-08
U0297,A013,1.5,2024-06-03
U0297,A044,3.5,2024-12-15
U0297,A059,4.0,2024-05-20
U0297,A052,3.0,2024-04-07
U0298,A028,3.0,2024-07-22
U0298,A007,2.5,2024-04-26
U0298,A033,3.0,2024-04-26
U0298,A017,3.5,2024-04-17
U0298,A045,4.0,2024-08-30
U0298,A057,3.5,2024-04-29
U0298,A046,3.0,2024-09-21
U0298,A039,3.5,2024-10-27
U0298,A059,3.5,2024-10-09
U0298,A027,2.5,2024-08-27
U0299,A028,3.0,2024-06-05
U0299,A018,3.0,2024-01-05
U0299,A002,3.0,2024-09-12
U0299,A047,3.5,2024-12-03
U0299,A030,3.5,2024-06-30
U0299,A019,4.0,2024-06-22
U0299,A045,2.0,2024-04-25
U0299,A046,3.0,2024-08-02
U0299,A016,2.5,2024-08-05
U0299,A015,3.0,2024-12-17
U0299,A042,3.0,2024-07-25
U0299,A021,3.0,2024-12-19
U0299,A056,2.5,2024-10-02
U0299,A049,2.0,2024-06-02
U0299,A052,1.5,2024-06-15
U0300,A032,3.5,2024-09-30
U0300,A045,4.5,2024-07-16
U0300,A060,3.5,2024-04-06
U0300,A015,3.0,2024-08-31
U0300,A037,3.0,2024-02-25
U0300,A006,4.0,2024-06-17
U0300,A039,4.5,2024-10-18
U0300,A058,2.5,2024-08-19
U0301,A002,3.5,2024-05-25
U0301,A032,2.5,2024-04-15
U0301,A047,1.0,2024-04-29
U0301,A025,2.5,2024-05-29
U0301,A030,2.5,2024-12-03
U0301,A040,3.0,2024-09-25
U0301,A057,5.0,2024-02-05
U0301,A016,3.5,2024-08-20
U0301,A053,5.0,2024-01-30
U0301,A056,3.5,2024-07-07
U0301,A058,2.5,2024-09-22
U0301,A012,3.0,2024-01-06
U0302,A055,3.0,2024-04-15
U0302,A007,3.5,2024-03-07
U0302,A054,3.0,2024-04-15
U0302,A045,2.5,2024-06-07
U0302,A057,3.0,2024-08-09
U0302,A019,3.0,2024-12-29
U0302,A041,3.5,2024-12-06
U0302,A015,3.0,2024-08-31
U0302,A052,3.0,2024-03-22
U0302,A014,3.0,2024-11-05
U0303,A024,3.5,2024-08-24
U0303,A034,3.5,2024-10-21
U0303,A025,3.0,2024-01-21
U0303,A030,2.5,2024-02-16
U0303,A019,3.0,2024-05-27
U0303,A046,5.0,2024-11-26
U0303,A020,2.5,2024-08-21
U0303,A016,3.5,2024-06-26
U0303,A013,4.5,2024-12-24
U0303,A042,3.0,2024-12-30
U0303,A059,4.5,2024-06-01
U0303,A010,3.0,2024-07-19
U0304,A007,3.5,2024-05-02
U0304,A032,4.0,2024-03-21
U0304,A054,4.0,2024-05-20
U0304,A022,3.5,2024-11-17
U0304,A041,4.0,2024-10-02
U0304,A023,2.0,2024-05-29
U0304,A004,2.5,2024-12-07
U0304,A058,2.5,2024-02-04
U0304,A012,4.0,2024-12-23
U0304,A029,2.5,2024-04-21
U0305,A024,4.5,2024-07-14
U0305,A002,2.5,2024-06-24
U0305,A007,4.0,2024-07-23
U0305,A005,2.5,2024-04-09
U0305,A036,2.5,2024-07-22
U0305,A054,2.5,2024-01-20
U0305,A040,3.5,2024-01-06
U0305,A060,3.5,2024-05-08
U0305,A020,4.0,2024-02-28
U0305,A015,2.5,2024-12-29
U0305,A013,2.5,2024-03-10
U0305,A042,2.5,2024-06-16
U0305,A021,3.0,2024-12-09
U0305,A031,3.0,2024-08-25
U0305,A052,2.5,2024-09-05
U0306,A002,3.5,2024-12-12
U0306,A024,3.0,2024-05-19
U0306,A032,2.0,2024-03-19
U0306,A025,2.0,2024-08-13
U0306,A017,2.0,2024-07-02
U0306,A030,3.5,2024-04-01
U0306,A040,4.0,2024-04-20
U0306,A057,2.5,2024-01-18
U0306,A020,3.5,2024-12-11
U0306,A015,3.0,2024-09-29
U0306,A043,3.5,2024-04-20
U0306,A042,3.0,2024-08-14
U0306,A001,4.5,2024-12-22
U0306,A049,3.5,2024-01-25
U0306,A029,3.5,2024-11-21
U0307,A018,1.0,2024-05-02
U0307,A034,3.0,2024-04-12
U0307,A057,3.5,2024-02-16
U0307,A016,2.5,2024-01-09
U0307,A053,4.5,2024-08-03
U0307,A037,3.0,2024-01-15
U0307,A023,3.0,2024-01-08
U0307,A008,2.0,2024-06-21
U0307,A027,3.0,2024-04-08
U0308,A002,2.0,2024-10-14
U0308,A007,4.0,2024-11-16
U0308,A024,3.5,2024-04-07
U0308,A042,2.5,2024-11-15
U0308,A023,2.0,2024-04-16
U0308,A006,2.5,2024-10-04
U0308,A033,5.0,2024-07-21
U0308,A049,4.0,2024-08-07
U0308,A052,3.5,2024-03-02
U0309,A028,2.5,2024-08-22
U0309,A007,3.0,2024-04-22
U0309,A032,3.5,2024-02-03
U0309,A047,3.5,2024-12-02
U0309,A036,2.5,2024-05-22
U0309,A034,4.5,2024-11-28
U0309,A013,2.0,2024-11-15
U0309,A053,4.0,2024-07-07
U0309,A044,4.0,2024-01-23
U0309,A058,4.5,2024-02-04
U0309,A049,2.0,2024-04-21
U0310,A049,2.5,2024-12-07
U0310,A024,2.0,2024-09-03
U0310,A005,1.5,2024-02-04
U0310,A025,2.5,2024-06-20
U0310,A054,3.0,2024-01-10
U0310,A036,3.0,2024-11-07
U0310,A057,4.0,2024-10-26
U0310,A022,3.0,2024-08-17
U0310,A006,2.0,2024-07-14
U0310,A056,3.0,2024-09-18
U0310,A058,2.0,2024-11-23
U0310,A027,3.0,2024-04-29
U0310,A052,4.0,2024-09-14
U0310,A029,3.5,2024-10-27
U0311,A032,3.0,2024-01-31
U0311,A047,4.0,2024-03-11
U0311,A040,4.5,2024-07-10
U0311,A043,3.0,2024-09-12
U0311,A016,1.5,2024-05-31
U0311,A042,4.0,2024-04-13
U0311,A053,3.5,2024-03-18
U0311,A010,3.0,2024-07-11
U0312,A005,2.0,2024-04-15
U0312,A025,3.0,2024-10-03
U0312,A036,4.5,2024-01-28
U0312,A045,4.5,2024-12-06
U0312,A013,4.0,2024-05-07
U0312,A050,4.0,2024-12-17
U0312,A038,2.5,2024-12-22
U0312,A039,3.5,2024-04-23
U0312,A059,4.0,2024-11-07
U0312,A058,4.0,2024-07-14
U0312,A052,4.0,2024-09-23
U0313,A001,2.5,2024-03-29
U0313,A024,3.0,2024-10-30
U0313,A025,2.5,2024-10-08
U0313,A054,3.5,2024-04-14
U0313,A058,4.0,2024-04-30
U0313,A057,4.0,2024-09-16
U0313,A041,3.0,2024-02-10
U0313,A050,4.0,2024-08-06
U0313,A048,2.5,2024-08-27
U0313,A008,3.0,2024-06-08
U0313,A011,2.0,2024-03-25
U0313,A049,4.0,2024-04-11
U0313,A014,4.5,2024-05-05
U0314,A007,3.0,2024-11-08
U0314,A005,2.5,2024-08-09
U0314,A034,2.0,2024-03-20
U0314,A017,3.5,2024-09-03
U0314,A030,2.5,2024-01-11
U0314,A060,2.0,2024-07-14
U0314,A037,3.5,2024-08-06
U0314,A006,3.0,2024-02-12
U0314,A009,2.5,2024-06-02
U0314,A038,3.5,2024-10-31
U0314,A008,3.5,2024-10-02
U0314,A058,3.5,2024-03-19
U0314,A003,3.5,2024-10-10
U0314,A014,2.0,2024-03-30
U0315,A028,4.0,2024-03-20
U0315,A024,4.0,2024-04-07
U0315,A054,2.5,2024-01-03
U0315,A030,4.0,2024-01-07
U0315,A060,2.0,2024-09-13
U0315,A041,4.0,2024-07-10
U0315,A004,3.5,2024-09-08
U0315,A021,3.0,2024-07-26
U0315,A038,3.5,2024-07-31
U0315,A059,2.5,2024-07-21
U0315,A027,2.5,2024-07-10
U0315,A029,4.0,2024-07-15
U0316,A028,2.5,2024-01-18
U0316,A007,2.5,2024-07-04
U0316,A032,3.0,2024-11-19
U0316,A051,4.0,2024-12-27
U0316,A058,2.5,2024-12-12
U0316,A030,2.5,2024-01-15
U0316,A060,2.5,2024-12-23
U0316,A020,4.0,2024-12-06
U0316,A016,4.5,2024-11-26
U0316,A056,3.5,2024-03-16
U0316,A004,3.5,2024-05-13
U0316,A039,2.5,2024-11-05
U0316,A059,4.5,2024-08-21
U0316,A029,3.0,2024-12-14
U0316,A014,3.5,2024-03-16
U0317,A055,4.0,2024-03-25
U0317,A029,3.0,2024-08-06
U0317,A007,3.5,2024-05-09
U0317,A040,3.5,2024-12-20
U0317,A045,2.5,2024-06-03
U0317,A022,2.5,2024-09-13
U0317,A041,4.0,2024-09-29
U0317,A050,3.5,2024-12-03
U0317,A039,2.5,2024-07-14
U0317,A011,3.0,2024-10-27
U0317,A012,2.5,2024-06-06
U0317,A014,3.5,2024-07-29
U0318,A024,2.5,2024-03-27
U0318,A019,2.5,2024-09-08
U0318,A031,2.5,2024-01-01
U0318,A043,3.5,2024-02-19
U0318,A016,2.0,2024-02-05
U0318,A035,2.5,2024-12-22
U0318,A044,4.0,2024-08-01
U0318,A003,3.0,2024-09-25
U0318,A012,3.0,2024-08-01
U0319,A033,5.0,2024-04-18
U0319,A025,1.5,2024-04-05
U0319,A045,2.5,2024-04-12
U0319,A057,4.0,2024-01-31
U0319,A046,3.0,2024-04-03
U0319,A015,3.0,2024-04-08
U0319,A016,3.0,2024-05-12
U0319,A006,4.0,2024-07-28
U0319,A008,4.0,2024-08-13
U0319,A058,3.0,2024-11-16
U0319,A049,3.0,2024-11-15
U0319,A010,3.0,2024-02-25
U0320,A018,3.5,2024-09-01
U0320,A002,2.5,2024-09-05
U0320,A032,3.5,2024-12-10
U0320,A017,2.5,2024-02-21
U0320,A040,2.0,2024-01-05
U0320,A057,2.0,2024-02-01
U0320,A013,3.0,2024-05-16
U0320,A053,3.0,2024-01-04
U0320,A042,2.5,2024-12-06
U0320,A059,3.0,2024-10-25
U0321,A032,4.5,2024-11-05
U0321,A054,2.5,2024-08-07
U0321,A031,2.5,2024-06-21
U0321,A043,3.5,2024-07-08
U0321,A042,4.0,2024-12-15
U0321,A053,2.5,2024-06-24
U0321,A038,3.5,2024-06-10
U0321,A044,2.5,2024-05-02
U0322,A032,3.5,2024-07-07
U0322,A047,3.5,2024-08-19
U0322,A040,3.5,2024-11-12
U0322,A019,4.0,2024-12-17
U0322,A060,3.0,2024-12-03
U0322,A039,3.0,2024-08-31
U0322,A043,3.5,2024-09-20
U0322,A042,4.0,2024-07-30
U0322,A023,4.0,2024-12-04
U0322,A044,3.0,2024-04-06
U0322,A058,2.5,2024-01-02
U0322,A052,3.5,2024-11-22
U0322,A029,2.5,2024-06-13
U0323,A001,3.5,2024-11-09
U0323,A054,3.5,2024-02-11
U0323,A026,3.5,2024-06-27
U0323,A046,4.0,2024-08-07
U0323,A037,3.5,2024-08-31
U0323,A044,4.0,2024-12-03
U0323,A059,3.5,2024-12-24
U0323,A012,2.5,2024-02-21
U0324,A055,2.5,2024-10-03
U0324,A032,2.0,2024-05-03
U0324,A030,3.0,2024-05-04
U0324,A003,2.5,2024-04-18
U0324,A046,3.5,2024-03-28
U0324,A060,2.5,2024-12-03
U0324,A042,3.0,2024-12-24
U0324,A035,3.5,2024-02-15
U0324,A039,3.0,2024-02-24
U0324,A059,3.5,2024-08-10
U0324,A011,4.0,2024-01-15
U0324,A049,2.5,2024-03-23
U0324,A012,3.0,2024-06-16
U0324,A014,1.0,2024-07-15
U0325,A018,2.0,2024-07-14
U0325,A024,4.5,2024-11-30
U0325,A032,3.5,2024-11-24
U0325,A030,4.5,2024-10-14
U0325,A040,2.5,2024-08-11
U0325,A045,3.5,2024-04-29
U0325,A020,4.0,2024-04-24
U0325,A042,3.0,2024-05-12
U0325,A004,4.0,2024-02-29
U0325,A059,3.5,2024-05-28
U0325,A049,3.5,2024-02-14
U0325,A027,2.5,2024-02-27
U0326,A028,1.5,2024-10-29
U0326,A005,4.5,2024-10-01
U0326,A026,2.5,2024-04-07
U0326,A040,4.0,2024-07-17
U0326,A031,2.5,2024-08-04
U0326,A037,4.0,2024-06-12
U0326,A023,2.5,2024-07-05
U0326,A044,2.0,2024-12-13
U0326,A033,3.0,2024-03-05
U0327,A018,3.0,2024-05-25
U0327,A007,3.0,2024-03-15
U0327,A040,3.5,2024-12-06
U0327,A060,2.0,2024-12-25
U0327,A041,4.0,2024-01-18
U0327,A016,3.0,2024-11-02
U0327,A013,4.5,2024-06-12
U0327,A020,4.0,2024-06-07
U0327,A056,3.0,2024-09-14
U0327,A038,3.0,2024-12-18
U0327,A035,4.0,2024-03-04
U0328,A033,4.0,2024-12-24
U0328,A047,3.0,2024-01-27
U0328,A026,3.5,2024-04-01
U0328,A046,5.0,2024-09-06
U0328,A053,3.5,2024-07-19
U0328,A050,3.0,2024-06-02
U0328,A056,4.5,2024-12-03
U0328,A044,3.0,2024-03-22
U0328,A008,3.0,2024-01-12
U0328,A011,4.0,2024-10-07
U0328,A059,4.5,2024-07-19
U0328,A012,4.5,2024-06-21
U0329,A018,3.5,2024-12-29
U0329,A007,3.0,2024-06-04
U0329,A058,3.5,2024-08-22
U0329,A040,2.0,2024-12-01
U0329,A057,4.0,2024-03-24
U0329,A060,2.5,2024-10-22
U0329,A043,3.0,2024-03-11
U0329,A053,4.5,2024-08-14
U0329,A042,3.0,2024-12-22
U0329,A006,3.5,2024-09-04
U0329,A029,3.5,2024-05-29
U0329,A027,2.0,2024-03-15
U0329,A012,2.5,2024-04-17
U0329,A014,4.5,2024-04-21
U0330,A018,2.0,2024-04-01
U0330,A047,3.5,2024-01-27
U0330,A054,3.5,2024-03-01
U0330,A045,4.5,2024-09-20
U0330,A057,3.0,2024-11-28
U0330,A015,2.5,2024-06-22
U0330,A037,3.5,2024-10-30
U0330,A056,3.0,2024-08-10
U0330,A048,2.5,2024-03-17
U0330,A033,3.0,2024-11-17
U0330,A052,4.0,2024-07-25
U0331,A002,4.0,2024-05-20
U0331,A034,3.0,2024-11-19
U0331,A057,2.0,2024-11-30
U0331,A060,4.0,2024-08-15
U0331,A031,3.5,2024-07-07
U0331,A053,3.5,2024-01-06
U0331,A037,2.5,2024-03-02
U0331,A038,2.5,2024-02-29
U0331,A059,3.5,2024-02-12
U0331,A058,2.5,2024-03-03
U0331,A029,3.5,2024-09-07
U0332,A024,3.0,2024-02-02
U0332,A005,3.5,2024-10-02
U0332,A017,3.5,2024-04-04
U0332,A025,3.5,2024-07-26
U0332,A030,3.5,2024-12-24
U0332,A045,3.0,2024-01-11
U0332,A053,3.0,2024-07-20
U0332,A023,3.0,2024-10-11
U0332,A056,3.5,2024-10-01
U0332,A048,3.0,2024-09-28
U0332,A052,3.0,2024-09-07
U0333,A032,2.0,2024-03-03
U0333,A025,2.5,2024-01-21
U0333,A026,2.5,2024-03-06
U0333,A057,1.5,2024-10-21
U0333,A060,3.5,2024-04-15
U0333,A041,3.5,2024-11-30
U0333,A021,2.5,2024-03-23
U0333,A009,2.5,2024-02-14
U0333,A006,2.5,2024-10-14
U0334,A044,3.5,2024-05-30
U0334,A055,3.5,2024-12-03
U0334,A047,3.0,2024-09-30
U0334,A034,4.0,2024-08-15
U0334,A017,3.5,2024-03-12
U0334,A040,3.5,2024-10-22
U0334,A057,2.5,2024-09-08
U0334,A041,3.5,2024-12-21
U0334,A053,4.5,2024-06-09
U0334,A021,2.0,2024-09-24
U0334,A048,4.0,2024-06-29
U0334,A027,3.5,2024-11-06
U0335,A032,3.0,2024-03-06
U0335,A047,3.0,2024-11-14
U0335,A034,3.0,2024-08-04
U0335,A017,3.0,2024-02-08
U0335,A003,3.0,2024-10-08
U0335,A031,3.0,2024-05-10
U0335,A016,3.0,2024-05-13
U0335,A042,2.0,2024-07-14
U0335,A056,3.5,2024-11-28
U0335,A059,4.0,2024-03-24
U0335,A049,4.5,2024-07-23
U0336,A055,4.0,2024-07-13
U0336,A033,3.5,2024-01-14
U0336,A032,2.5,2024-11-05
U0336,A007,4.5,2024-05-06
U0336,A034,3.0,2024-02-09
U0336,A058,3.0,2024-05-18
U0336,A057,2.0,2024-03-04
U0336,A060,3.5,2024-09-29
U0336,A041,2.5,2024-02-26
U0336,A021,3.0,2024-12-16
U0336,A056,4.0,2024-10-07
U0336,A044,4.0,2024-07-27
U0336,A059,3.5,2024-02-03
U0336,A011,3.5,2024-06-17
U0336,A029,3.0,2024-11-23
U0337,A028,4.0,2024-04-23
U0337,A005,2.5,2024-07-12
U0337,A034,2.5,2024-02-23
U0337,A043,1.5,2024-03-04
U0337,A053,5.0,2024-03-30
U0337,A023,3.0,2024-09-26
U0337,A048,3.5,2024-06-05
U0337,A059,2.0,2024-10-28
U0337,A003,3.5,2024-09-07
U0338,A032,4.5,2024-07-18
U0338,A051,3.5,2024-04-02
U0338,A036,5.0,2024-06-25
U0338,A022,4.5,2024-12-13
U0338,A031,3.5,2024-09-29
U0338,A056,4.0,2024-10-09
U0338,A044,3.5,2024-10-31
U0338,A058,3.0,2024-07-25
U0338,A035,3.5,2024-09-01
U0339,A036,2.5,2024-12-28
U0339,A019,3.0,2024-05-07
U0339,A057,3.5,2024-12-13
U0339,A041,3.0,2024-11-07
U0339,A043,3.0,2024-08-02
U0339,A023,3.0,2024-12-27
U0339,A056,3.0,2024-08-22
U0339,A033,3.0,2024-04-03
U0339,A058,3.0,2024-08-12
U0339,A012,5.0,2024-06-30
U0340,A055,3.5,2024-02-13
U0340,A018,4.0,2024-05-26
U0340,A024,3.0,2024-10-10
U0340,A007,4.0,2024-09-09
U0340,A032,3.0,2024-01-06
U0340,A051,3.5,2024-08-05
U0340,A005,4.0,2024-12-12
U0340,A045,2.5,2024-09-17
U0340,A040,4.0,2024-03-10
U0340,A041,3.5,2024-09-02
U0340,A016,3.5,2024-09-11
U0340,A042,3.0,2024-09-20
U0340,A009,3.0,2024-12-16
U0340,A023,3.0,2024-12-12
U0340,A027,4.0,2024-09-29
U0341,A018,3.5,2024-12-04
U0341,A007,3.0,2024-09-27
U0341,A034,4.5,2024-12-16
U0341,A045,3.0,2024-11-07
U0341,A039,2.5,2024-01-22
U0341,A021,3.5,2024-11-06
U0341,A050,4.0,2024-08-17
U0341,A056,3.0,2024-03-27
U0341,A001,3.5,2024-12-11
U0342,A028,4.5,2024-07-10
U0342,A055,5.0,2024-02-27
U0342,A024,3.5,2024-06-22
U0342,A007,3.0,2024-12-13
U0342,A025,2.0,2024-05-07
U0342,A036,2.0,2024-10-03
U0342,A054,3.0,2024-03-01
U0342,A057,3.0,2024-05-28
U0342,A058,3.5,2024-06-02
U0342,A003,4.0,2024-09-04
U0342,A029,3.5,2024-05-30
U0343,A047,4.0,2024-06-17
U0343,A030,2.5,2024-06-01
U0343,A026,3.5,2024-06-30
U0343,A060,2.5,2024-02-24
U0343,A016,3.5,2024-01-03
U0343,A023,3.5,2024-06-28
U0343,A006,3.5,2024-04-05
U0343,A038,3.0,2024-07-24
U0343,A001,3.5,2024-06-30
U0343,A027,3.5,2024-01-05
U0343,A012,2.0,2024-02-21
U0343,A029,4.0,2024-08-08
U0344,A018,3.0,2024-04-03
U0344,A007,4.0,2024-10-01
U0344,A005,4.0,2024-05-17
U0344,A034,3.5,2024-02-25
U0344,A025,4.0,2024-08-12
U0344,A030,4.0,2024-12-02
U0344,A026,2.5,2024-08-12
U0344,A057,4.5,2024-03-23
U0344,A031,2.5,2024-03-12
U0344,A036,4.0,2024-06-30
U0344,A053,2.5,2024-08-10
U0344,A037,4.0,2024-01-03
U0344,A038,4.5,2024-07-02
U0344,A035,3.5,2024-12-29
U0344,A014,3.5,2024-04-11
U0345,A018,2.5,2024-12-07
U0345,A007,3.5,2024-04-11
U0345,A033,3.5,2024-09-02
U0345,A019,3.5,2024-12-06
U0345,A016,3.0,2024-05-16
U0345,A013,3.0,2024-03-01
U0345,A015,3.5,2024-08-03
U0345,A039,3.5,2024-09-07
U0345,A059,3.0,2024-10-08
U0346,A005,2.0,2024-05-24
U0346,A040,4.0,2024-09-05
U0346,A019,3.0,2024-02-12
U0346,A060,3.0,2024-08-07
U0346,A041,3.0,2024-05-06
U0346,A015,3.5,2024-11-12
U0346,A013,3.5,2024-03-19
U0346,A039,4.0,2024-09-18
U0346,A016,4.0,2024-04-05
U0346,A023,3.5,2024-05-07
U0346,A045,2.0,2024-05-23
U0346,A020,4.0,2024-02-28
U0346,A048,2.0,2024-05-14
U0346,A059,3.0,2024-12-24
U0346,A049,3.0,2024-05-06
U0347,A024,4.5,2024-04-08
U0347,A002,3.5,2024-03-15
U0347,A005,3.0,2024-08-06
U0347,A025,3.5,2024-01-10
U0347,A034,3.0,2024-11-11
U0347,A046,4.0,2024-04-12
U0347,A022,2.5,2024-02-16
U0347,A060,1.5,2024-01-27
U0347,A021,3.0,2024-07-13
U0347,A042,2.5,2024-07-27
U0347,A004,3.0,2024-09-25
U0347,A039,3.0,2024-06-05
U0347,A033,4.0,2024-12-24
U0347,A058,3.5,2024-11-20
U0348,A018,3.5,2024-05-23
U0348,A051,3.5,2024-06-28
U0348,A030,3.5,2024-12-30
U0348,A045,3.5,2024-08-02
U0348,A057,5.0,2024-05-06
U0348,A043,3.0,2024-06-12
U0348,A048,3.5,2024-01-25
U0348,A042,2.5,2024-04-03
U0348,A006,3.5,2024-01-21
U0348,A039,3.5,2024-01-01
U0348,A029,3.5,2024-01-27
U0349,A028,4.0,2024-10-09
U0349,A002,2.5,2024-03-07
U0349,A005,3.0,2024-06-18
U0349,A017,3.0,2024-07-03
U0349,A011,3.5,2024-07-04
U0349,A026,3.0,2024-10-28
U0349,A057,3.5,2024-09-27
U0349,A060,3.0,2024-11-05
U0349,A031,3.5,2024-07-09
U0349,A006,3.5,2024-05-01
U0349,A058,4.5,2024-11-28
U0349,A027,4.0,2024-05-21
U0349,A035,3.0,2024-04-17
U0350,A055,2.5,2024-06-03
U0350,A024,4.5,2024-08-30
U0350,A002,4.0,2024-04-13
U0350,A047,3.5,2024-09-30
U0350,A058,3.5,2024-03-19
U0350,A040,3.5,2024-01-23
U0350,A057,2.5,2024-03-06
U0350,A020,4.5,2024-04-08
U0350,A042,4.0,2024-08-02
U0350,A056,4.0,2024-10-08
U0350,A044,4.5,2024-12-30
U0350,A011,3.5,2024-05-09
U0350,A003,2.5,2024-10-13
U0350,A012,4.0,2024-06-26
U0351,A032,5.0,2024-07-22
U0351,A051,3.0,2024-09-10
U0351,A060,3.5,2024-12-16
U0351,A043,3.5,2024-09-29
U0351,A053,2.5,2024-09-19
U0351,A037,2.5,2024-02-08
U0351,A009,3.0,2024-03-25
U0351,A023,1.5,2024-08-12
U0351,A050,3.5,2024-09-17
U0351,A038,1.5,2024-07-15
U0351,A039,3.0,2024-10-14
U0351,A058,2.5,2024-07-18
U0351,A049,3.5,2024-07-24
U0352,A005,1.5,2024-12-28
U0352,A034,4.5,2024-05-17
U0352,A026,3.0,2024-10-09
U0352,A046,3.0,2024-03-01
U0352,A031,3.5,2024-03-28
U0352,A050,4.0,2024-04-24
U0352,A023,4.0,2024-01-24
U0352,A033,5.0,2024-09-30
U0352,A059,4.0,2024-05-01
U0352,A003,3.0,2024-05-29
U0352,A010,3.0,2024-01-21
U0352,A035,3.0,2024-11-23
U0353,A024,2.0,2024-11-19
U0353,A017,3.5,2024-11-05
U0353,A047,3.0,2024-07-07
U0353,A016,3.5,2024-06-15
U0353,A004,3.0,2024-02-12
U0353,A001,2.0,2024-12-27
U0353,A033,2.0,2024-10-08
U0353,A011,2.5,2024-05-15
U0353,A027,3.0,2024-03-09
U0353,A052,2.0,2024-07-28
U0354,A028,2.5,2024-05-17
U0354,A017,4.5,2024-04-14
U0354,A034,2.5,2024-10-24
U0354,A057,3.0,2024-11-18
U0354,A020,2.5,2024-07-21
U0354,A013,2.0,2024-03-20
U0354,A053,4.5,2024-08-16
U0354,A044,3.0,2024-04-28
U0354,A033,3.5,2024-08-10
U0354,A058,2.0,2024-07-07
U0354,A059,3.5,2024-03-16
U0354,A027,4.0,2024-09-02
U0355,A025,4.0,2024-06-07
U0355,A054,1.0,2024-03-24
U0355,A030,4.5,2024-03-31
U0355,A017,2.5,2024-07-20
U0355,A046,3.5,2024-12-17
U0355,A041,2.5,2024-11-07
U0355,A023,3.0,2024-04-06
U0355,A058,3.5,2024-02-05
U0355,A049,2.0,2024-03-14
U0356,A024,2.5,2024-11-04
U0356,A034,2.5,2024-02-21
U0356,A025,3.0,2024-07-12
U0356,A046,3.5,2024-07-15
U0356,A060,2.5,2024-01-11
U0356,A013,3.0,2024-02-26
U0356,A053,2.5,2024-01-07
U0356,A011,5.0,2024-11-25
U0356,A012,4.0,2024-01-23
U0357,A055,3.0,2024-12-28
U0357,A018,3.0,2024-02-13
U0357,A032,1.5,2024-04-13
U0357,A005,3.5,2024-03-12
U0357,A057,4.0,2024-09-02
U0357,A048,4.5,2024-10-15
U0357,A050,3.5,2024-08-15
U0357,A056,3.0,2024-03-24
U0357,A039,3.5,2024-06-06
U0357,A049,3.5,2024-06-18
U0358,A055,4.5,2024-04-26
U0358,A024,4.5,2024-08-06
U0358,A047,2.5,2024-07-16
U0358,A025,3.0,2024-03-16
U0358,A040,3.5,2024-06-29
U0358,A045,2.5,2024-12-01
U0358,A031,3.0,2024-05-26
U0358,A043,4.0,2024-04-25
U0358,A013,3.0,2024-12-16
U0358,A050,2.5,2024-07-15
U0358,A021,5.0,2024-12-17
U0358,A001,3.5,2024-02-27
U0358,A033,3.5,2024-09-08
U0358,A058,2.5,2024-03-27
U0358,A035,3.5,2024-02-26
U0359,A044,3.0,2024-03-18
U0359,A024,3.0,2024-04-01
U0359,A051,3.5,2024-08-07
U0359,A036,3.5,2024-09-28
U0359,A040,4.0,2024-06-20
U0359,A057,4.5,2024-11-03
U0359,A031,3.0,2024-04-02
U0359,A022,2.0,2024-12-13
U0359,A006,3.5,2024-08-05
U0359,A048,4.5,2024-03-17
U0359,A010,2.5,2024-12-07
U0360,A044,3.5,2024-03-16
U0360,A002,2.0,2024-07-18
U0360,A005,3.0,2024-08-16
U0360,A017,3.5,2024-09-01
U0360,A030,3.5,2024-02-04
U0360,A040,2.0,2024-02-27
U0360,A041,2.5,2024-10-22
U0360,A015,3.0,2024-08-06
U0360,A006,3.5,2024-05-22
U0360,A039,2.0,2024-03-15
U0360,A027,3.5,2024-02-16
U0360,A052,3.0,2024-06-14
U0361,A034,2.5,2024-08-02
U0361,A036,2.0,2024-10-08
U0361,A020,2.5,2024-09-11
U0361,A041,5.0,2024-10-02
U0361,A053,3.0,2024-09-30
U0361,A037,4.0,2024-09-09
U0361,A044,4.0,2024-09-29
U0361,A033,2.5,2024-10-01
U0361,A012,2.0,2024-04-27
U0361,A029,4.0,2024-07-15
U0362,A018,1.5,2024-07-04
U0362,A034,3.0,2024-10-12
U0362,A057,3.5,2024-08-30
U0362,A060,2.5,2024-03-09
U0362,A031,2.0,2024-02-26
U0362,A021,2.5,2024-01-31
U0362,A042,3.0,2024-06-27
U0362,A023,2.5,2024-07-03
U0362,A010,4.0,2024-03-12
U0363,A007,2.5,2024-12-22
U0363,A032,3.5,2024-08-05
U0363,A025,2.5,2024-07-09
U0363,A045,5.0,2024-01-28
U0363,A057,3.0,2024-12-25
U0363,A015,3.0,2024-02-24
U0363,A016,3.5,2024-12-05
U0363,A042,4.0,2024-10-24
U0363,A038,3.5,2024-02-07
U0363,A004,3.0,2024-09-01
U0363,A001,3.5,2024-10-31
U0363,A033,3.0,2024-03-21
U0364,A024,4.5,2024-03-17
U0364,A036,3.0,2024-04-03
U0364,A057,1.5,2024-08-28
U0364,A031,3.5,2024-03-12
U0364,A041,3.5,2024-09-27
U0364,A015,4.0,2024-12-23
U0364,A050,5.0,2024-06-02
U0364,A029,3.5,2024-08-28
U0365,A055,2.0,2024-08-20
U0365,A024,2.5,2024-10-10
U0365,A033,3.0,2024-12-30
U0365,A007,2.5,2024-05-12
U0365,A030,3.5,2024-10-19
U0365,A019,2.5,2024-09-13
U0365,A057,3.0,2024-06-05
U0365,A011,3.0,2024-12-29
U0365,A015,3.5,2024-04-26
U0365,A013,3.5,2024-08-04
U0365,A039,3.5,2024-03-21
U0365,A059,1.5,2024-05-19
U0365,A058,4.0,2024-02-17
U0365,A035,4.0,2024-09-24
U0366,A007,2.5,2024-07-09
U0366,A032,3.0,2024-11-27
U0366,A025,3.0,2024-08-05
U0366,A034,2.5,2024-04-09
U0366,A045,3.5,2024-05-18
U0366,A057,2.0,2024-02-25
U0366,A060,3.0,2024-02-23
U0366,A050,3.5,2024-02-09
U0366,A037,3.0,2024-07-04
U0366,A053,3.0,2024-11-04
U0366,A038,3.0,2024-06-20
U0366,A001,2.5,2024-01-15
U0366,A003,4.0,2024-05-02
U0366,A052,2.5,2024-05-24
U0367,A055,3.5,2024-02-13
U0367,A017,2.5,2024-10-18
U0367,A034,3.5,2024-10-16
U0367,A026,2.5,2024-01-23
U0367,A057,2.5,2024-10-15
U0367,A050,3.5,2024-09-04
U0367,A004,3.5,2024-01-24
U0367,A039,3.5,2024-01-25
U0367,A035,2.5,2024-06-10
U0367,A014,2.5,2024-02-17
U0368,A018,2.0,2024-09-14
U0368,A032,3.0,2024-03-17
U0368,A036,3.5,2024-01-13
U0368,A045,3.5,2024-10-27
U0368,A048,2.5,2024-07-14
U0368,A013,4.0,2024-09-01
U0368,A037,4.0,2024-10-27
U0368,A044,4.0,2024-01-20
U0368,A052,4.0,2024-05-28
U0368,A058,3.0,2024-03-23
U0368,A035,4.0,2024-03-18
U0368,A029,3.5,2024-12-15
U0369,A055,2.5,2024-05-02
U0369,A001,3.5,2024-04-16
U0369,A024,3.0,2024-11-08
U0369,A025,3.5,2024-11-06
U0369,A019,4.5,2024-02-08
U0369,A060,2.5,2024-03-19
U0369,A016,5.0,2024-10-17
U0369,A021,3.5,2024-11-17
U0369,A006,3.0,2024-09-11
U0369,A038,4.0,2024-02-19
U0369,A048,3.0,2024-01-08
U0369,A059,3.5,2024-03-14
U0369,A058,3.5,2024-06-07
U0369,A049,3.0,2024-10-07
U0369,A035,4.0,2024-02-14
U0370,A018,3.5,2024-08-14
U0370,A002,4.5,2024-11-28
U0370,A008,4.5,2024-03-12
U0370,A005,3.0,2024-03-04
U0370,A051,3.5,2024-10-18
U0370,A017,3.5,2024-09-06
U0370,A040,4.5,2024-01-21
U0370,A020,4.0,2024-07-05
U0370,A015,2.5,2024-05-26
U0370,A048,4.0,2024-07-24
U0370,A038,4.5,2024-07-28
U0370,A044,4.5,2024-11-13
U0370,A033,3.5,2024-12-14
U0370,A003,3.0,2024-03-07
U0370,A010,5.0,2024-08-13
U0371,A028,2.0,2024-10-18
U0371,A024,3.0,2024-07-23
U0371,A047,3.0,2024-02-07
U0371,A036,2.5,2024-04-24
U0371,A019,4.5,2024-07-17
U0371,A031,3.0,2024-08-24
U0371,A043,3.5,2024-12-08
U0371,A016,3.5,2024-02-17
U0371,A015,4.0,2024-06-27
U0371,A023,2.0,2024-08-26
U0371,A037,2.0,2024-08-27
U0371,A038,4.0,2024-11-24
U0371,A049,3.5,2024-09-30
U0372,A018,4.0,2024-01-20
U0372,A032,4.0,2024-10-06
U0372,A034,3.0,2024-03-20
U0372,A036,3.5,2024-08-28
U0372,A030,3.5,2024-03-15
U0372,A045,2.5,2024-11-23
U0372,A057,4.0,2024-04-19
U0372,A060,3.0,2024-06-12
U0372,A041,3.5,2024-10-17
U0372,A046,3.5,2024-01-17
U0372,A053,3.5,2024-11-03
U0372,A042,4.0,2024-07-13
U0372,A048,3.0,2024-02-01
U0372,A010,4.5,2024-07-04
U0372,A035,3.0,2024-08-08
U0373,A032,2.0,2024-08-02
U0373,A034,2.5,2024-09-25
U0373,A047,4.0,2024-04-19
U0373,A017,3.0,2024-12-08
U0373,A019,4.0,2024-05-12
U0373,A045,3.0,2024-04-04
U0373,A057,2.5,2024-01-28
U0373,A043,3.0,2024-02-17
U0373,A015,2.5,2024-08-07
U0373,A041,2.5,2024-06-24
U0373,A054,3.5,2024-06-01
U0373,A004,3.5,2024-03-25
U0373,A001,2.0,2024-04-11
U0373,A027,3.0,2024-06-27
U0373,A014,2.5,2024-08-02
U0374,A044,2.5,2024-03-18
U0374,A018,4.0,2024-08-22
U0374,A054,3.0,2024-03-16
U0374,A031,4.0,2024-09-12
U0374,A041,2.5,2024-06-11
U0374,A016,4.0,2024-02-28
U0374,A013,3.0,2024-12-11
U0374,A053,3.5,2024-07-27
U0374,A037,4.0,2024-05-14
U0374,A009,3.5,2024-09-23
U0374,A056,4.0,2024-01-02
U0374,A048,2.0,2024-08-18
U0374,A033,3.0,2024-03-05
U0374,A059,3.0,2024-11-20
U0374,A012,2.5,2024-08-18
U0375,A036,2.0,2024-04-07
U0375,A019,3.0,2024-12-13
U0375,A060,2.5,2024-10-22
U0375,A016,4.0,2024-01-08
U0375,A021,2.5,2024-07-08
U0375,A050,4.0,2024-07-05
U0375,A042,2.5,2024-01-09
U0375,A001,3.5,2024-06-03
U0375,A049,4.5,2024-06-06
U0376,A028,2.5,2024-02-28
U0376,A055,2.5,2024-03-31
U0376,A036,2.5,2024-08-22
U0376,A045,4.0,2024-08-07
U0376,A060,3.0,2024-07-10
U0376,A044,3.5,2024-03-31
U0376,A008,4.0,2024-10-10
U0376,A011,3.0,2024-10-31
U0376,A029,3.0,2024-03-24
U0377,A002,4.0,2024-10-24
U0377,A032,3.5,2024-01-17
U0377,A030,2.5,2024-12-07
U0377,A019,3.0,2024-05-28
U0377,A045,4.0,2024-08-03
U0377,A046,4.0,2024-04-18
U0377,A043,3.5,2024-04-24
U0377,A040,5.0,2024-08-20
U0377,A013,4.0,2024-10-09
U0377,A021,3.0,2024-07-14
U0377,A037,3.0,2024-02-28
U0377,A048,2.5,2024-04-10
U0377,A059,4.0,2024-08-28
U0377,A011,3.0,2024-03-04
U0378,A005,2.5,2024-01-17
U0378,A030,3.0,2024-01-08
U0378,A058,4.0,2024-01-14
U0378,A057,3.5,2024-03-19
U0378,A031,3.5,2024-07-10
U0378,A019,4.5,2024-09-22
U0378,A016,3.5,2024-11-03
U0378,A053,4.5,2024-06-11
U0378,A037,3.0,2024-06-20
U0378,A059,3.0,2024-03-28
U0378,A011,3.5,2024-10-19
U0378,A035,3.5,2024-08-08
U0378,A029,3.0,2024-05-03
U0379,A007,3.0,2024-10-22
U0379,A002,2.5,2024-07-19
U0379,A025,3.0,2024-11-17
U0379,A011,4.0,2024-05-13
U0379,A045,3.0,2024-10-10
U0379,A026,4.0,2024-03-22
U0379,A060,3.5,2024-06-14
U0379,A057,3.5,2024-04-14
U0379,A015,3.0,2024-02-17
U0379,A023,2.5,2024-02-17
U0379,A056,4.0,2024-01-14
U0379,A044,3.5,2024-08-11
U0379,A058,3.0,2024-01-06
U0379,A029,4.5,2024-11-17
U0380,A047,3.5,2024-06-01
U0380,A025,2.5,2024-04-09
U0380,A054,3.0,2024-10-01
U0380,A034,3.0,2024-05-05
U0380,A057,3.5,2024-07-12
U0380,A060,4.0,2024-05-13
U0380,A023,3.0,2024-12-03
U0380,A044,4.0,2024-01-27
U0380,A033,4.0,2024-05-20
U0380,A058,3.5,2024-02-12
U0381,A032,3.0,2024-02-17
U0381,A054,2.0,2024-02-09
U0381,A040,4.5,2024-09-10
U0381,A057,4.0,2024-07-04
U0381,A041,1.5,2024-04-16
U0381,A043,3.5,2024-07-19
U0381,A039,3.0,2024-02-21
U0381,A011,3.5,2024-09-08
U0381,A003,3.5,2024-01-12
U0381,A010,3.5,2024-07-30
U0382,A040,4.0,2024-01-06
U0382,A046,4.0,2024-04-01
U0382,A060,2.5,2024-12-03
U0382,A016,3.0,2024-10-17
U0382,A006,4.0,2024-11-19
U0382,A033,3.5,2024-11-06
U0382,A058,3.0,2024-01-17
U0382,A027,3.0,2024-03-01
U0382,A029,3.5,2024-06-24
U0383,A028,4.0,2024-06-16
U0383,A002,2.5,2024-03-11
U0383,A017,3.5,2024-04-22
U0383,A026,2.5,2024-02-12
U0383,A046,3.0,2024-12-20
U0383,A057,3.0,2024-03-05
U0383,A041,3.0,2024-05-17
U0383,A031,3.5,2024-05-20
U0383,A021,3.5,2024-09-03
U0383,A042,2.5,2024-04-12
U0383,A039,2.5,2024-02-17
U0383,A058,3.0,2024-06-27
U0383,A003,4.5,2024-12-28
U0384,A055,2.5,2024-02-22
U0384,A007,3.0,2024-10-25
U0384,A034,4.0,2024-10-27
U0384,A011,3.0,2024-06-08
U0384,A046,3.5,2024-03-25
U0384,A041,3.5,2024-04-15
U0384,A043,3.0,2024-09-06
U0384,A053,3.5,2024-08-09
U0384,A037,4.0,2024-08-16
U0384,A008,4.5,2024-08-04
U0384,A058,4.0,2024-11-01
U0384,A059,2.5,2024-05-19
U0385,A028,2.0,2024-10-27
U0385,A018,5.0,2024-07-28
U0385,A032,4.0,2024-05-30
U0385,A025,3.0,2024-11-05
U0385,A022,4.0,2024-11-26
U0385,A060,2.5,2024-09-28
U0385,A053,3.5,2024-06-29
U0385,A037,3.0,2024-07-22
U0385,A050,2.5,2024-01-16
U0385,A023,3.5,2024-02-28
U0385,A056,3.0,2024-04-02
U0385,A048,3.0,2024-06-14
U0385,A059,3.0,2024-08-07
U0386,A028,3.5,2024-12-18
U0386,A024,4.0,2024-01-06
U0386,A034,2.5,2024-06-17
U0386,A036,4.5,2024-04-19
U0386,A057,3.5,2024-08-26
U0386,A031,3.5,2024-10-17
U0386,A015,2.5,2024-06-13
U0386,A042,3.5,2024-04-29
U0386,A006,3.5,2024-10-14
U0386,A059,3.5,2024-02-03
U0387,A017,4.0,2024-09-09
U0387,A034,5.0,2024-09-12
U0387,A040,3.0,2024-01-24
U0387,A019,3.0,2024-05-20
U0387,A022,3.5,2024-08-03
U0387,A045,4.5,2024-03-02
U0387,A016,2.5,2024-03-04
U0387,A013,4.5,2024-08-19
U0387,A021,3.0,2024-03-28
U0387,A006,3.0,2024-11-03
U0387,A056,2.5,2024-06-16
U0387,A004,4.0,2024-10-29
U0387,A052,3.5,2024-07-15
U0387,A035,3.5,2024-05-01
U0388,A049,2.0,2024-09-30
U0388,A031,2.5,2024-09-27
U0388,A013,3.5,2024-01-21
U0388,A037,3.5,2024-06-21
U0388,A023,2.5,2024-11-26
U0388,A038,2.0,2024-01-09
U0388,A027,3.0,2024-02-05
U0388,A035,3.5,2024-08-28
U0389,A005,2.5,2024-01-25
U0389,A036,3.5,2024-07-20
U0389,A054,3.5,2024-06-01
U0389,A022,3.5,2024-12-22
U0389,A048,3.0,2024-08-20
U0389,A006,4.0,2024-09-09
U0389,A044,1.5,2024-11-24
U0389,A035,2.0,2024-03-03
U0389,A029,3.5,2024-07-10
U0390,A032,1.5,2024-04-07
U0390,A025,2.0,2024-07-07
U0390,A036,3.0,2024-10-02
U0390,A057,3.5,2024-01-03
U0390,A060,3.0,2024-12-18
U0390,A015,3.0,2024-01-27
U0390,A042,4.0,2024-05-12
U0390,A023,2.5,2024-01-23
U0390,A048,3.0,2024-02-26
U0391,A002,3.5,2024-03-11
U0391,A005,3.0,2024-10-25
U0391,A060,3.5,2024-08-23
U0391,A056,2.5,2024-03-02
U0391,A044,2.5,2024-03-05
U0391,A033,3.5,2024-06-12
U0391,A027,4.0,2024-03-16
U0391,A012,3.0,2024-10-26
U0392,A012,3.5,2024-02-08
U0392,A024,2.5,2024-09-10
U0392,A032,1.5,2024-01-31
U0392,A034,3.0,2024-04-18
U0392,A054,2.0,2024-01-07
U0392,A026,3.0,2024-12-09
U0392,A046,3.0,2024-04-20
U0392,A057,4.0,2024-08-27
U0392,A020,2.0,2024-07-16
U0392,A043,3.5,2024-04-06
U0392,A059,3.0,2024-09-06
U0392,A052,3.5,2024-02-23
U0392,A035,3.0,2024-06-23
U0392,A014,2.0,2024-04-16
U0393,A055,3.5,2024-08-04
U0393,A018,3.5,2024-03-25
U0393,A033,3.0,2024-12-17
U0393,A008,2.0,2024-06-06
U0393,A032,3.5,2024-10-22
U0393,A045,3.0,2024-11-27
U0393,A026,3.0,2024-02-22
U0393,A060,4.0,2024-03-16
U0393,A016,3.5,2024-08-24
U0393,A059,4.5,2024-02-24
U0393,A058,3.0,2024-02-26
U0393,A035,2.5,2024-05-03
U0393,A014,3.0,2024-01-09
U0394,A055,3.5,2024-01-28
U0394,A018,5.0,2024-08-13
U0394,A002,4.0,2024-05-19
U0394,A030,4.0,2024-07-08
U0394,A019,4.0,2024-02-20
U0394,A057,2.5,2024-01-26
U0394,A060,3.0,2024-11-28
U0394,A043,5.0,2024-07-14
U0394,A050,3.5,2024-08-04
U0394,A037,4.0,2024-04-09
U0394,A006,4.0,2024-05-30
U0394,A001,2.5,2024-04-06
U0394,A059,3.5,2024-07-25
U0394,A003,3.5,2024-03-31
U0394,A052,4.0,2024-10-31
U0395,A002,3.5,2024-02-03
U0395,A032,3.5,2024-09-29
U0395,A024,4.0,2024-02-21
U0395,A030,3.5,2024-05-21
U0395,A031,2.5,2024-04-25
U0395,A043,2.5,2024-11-13
U0395,A013,3.0,2024-12-24
U0395,A042,4.5,2024-07-26
U0395,A037,3.0,2024-07-19
U0395,A050,3.5,2024-07-20
U0395,A004,3.5,2024-02-21
U0395,A001,2.5,2024-04-22
U0396,A049,3.5,2024-06-10
U0396,A018,2.5,2024-12-14
U0396,A002,3.0,2024-02-05
U0396,A034,4.0,2024-03-26
U0396,A017,3.0,2024-04-05
U0396,A030,4.5,2024-06-19
U0396,A046,2.0,2024-08-21
U0396,A042,3.0,2024-03-13
U0396,A023,2.5,2024-01-07
U0396,A059,3.5,2024-12-07
U0396,A058,1.5,2024-08-30
U0396,A027,2.0,2024-08-07
U0397,A018,4.0,2024-02-26
U0397,A005,2.5,2024-01-24
U0397,A025,2.0,2024-01-09
U0397,A047,3.5,2024-10-17
U0397,A040,3.5,2024-12-14
U0397,A046,3.5,2024-05-28
U0397,A060,4.0,2024-04-26
U0397,A020,2.0,2024-09-25
U0397,A039,4.0,2024-09-14
U0397,A004,2.5,2024-03-26
U0397,A001,4.0,2024-03-16
U0397,A003,3.0,2024-02-18
U0397,A010,2.5,2024-02-21
U0398,A055,2.5,2024-05-18
U0398,A028,2.0,2024-12-17
U0398,A024,1.0,2024-09-22
U0398,A017,2.5,2024-11-23
U0398,A054,2.0,2024-01-11
U0398,A046,4.0,2024-03-16
U0398,A060,4.5,2024-07-29
U0398,A039,2.0,2024-04-22
U0398,A038,4.0,2024-12-03
U0398,A044,3.5,2024-03-13
U0398,A059,2.0,2024-07-01
U0398,A011,2.5,2024-09-11
U0399,A007,3.0,2024-09-26
U0399,A051,4.0,2024-03-30
U0399,A034,4.0,2024-05-15
U0399,A026,3.0,2024-12-13
U0399,A057,3.0,2024-06-27
U0399,A060,4.0,2024-06-18
U0399,A038,3.0,2024-07-19
U0399,A052,3.5,2024-10-28
U0400,A028,3.0,2024-08-26
U0400,A008,4.0,2024-12-14
U0400,A007,3.5,2024-03-17
U0400,A051,3.5,2024-09-24
U0400,A030,3.5,2024-05-28
U0400,A040,4.0,2024-11-15
U0400,A031,3.0,2024-10-12
U0400,A043,4.0,2024-12-06
U0400,A015,2.5,2024-03-24
U0400,A004,4.5,2024-06-04
U0400,A059,3.0,2024-09-06
U0400,A010,2.5,2024-05-27
U0400,A035,3.5,2024-02-03
U0400,A014,3.0,2024-05-30
U0401,A024,3.5,2024-01-03
U0401,A051,2.5,2024-08-08
U0401,A047,4.0,2024-06-29
U0401,A054,5.0,2024-12-04
U0401,A060,4.0,2024-01-01
U0401,A050,3.5,2024-01-26
U0401,A023,3.0,2024-05-08
U0401,A059,3.5,2024-03-11
U0402,A002,2.5,2024-08-30
U0402,A005,3.0,2024-06-30
U0402,A051,3.0,2024-05-07
U0402,A026,3.5,2024-12-13
U0402,A019,3.0,2024-11-22
U0402,A013,2.5,2024-07-16
U0402,A021,2.0,2024-08-04
U0402,A056,5.0,2024-07-23
U0402,A048,2.5,2024-02-20
U0402,A033,3.0,2024-05-13
U0402,A058,3.5,2024-06-03
U0402,A027,3.5,2024-11-01
U0402,A012,3.5,2024-06-08
U0403,A034,3.0,2024-06-03
U0403,A045,2.5,2024-06-05
U0403,A022,2.5,2024-02-13
U0403,A043,3.5,2024-06-01
U0403,A041,3.5,2024-10-17
U0403,A053,3.5,2024-11-17
U0403,A042,2.0,2024-08-24
U0403,A003,3.5,2024-10-06
U0403,A010,3.0,2024-04-03
U0403,A052,3.5,2024-07-11
U0404,A055,2.0,2024-02-15
U0404,A028,3.5,2024-03-12
U0404,A007,3.0,2024-11-10
U0404,A036,2.5,2024-06-03
U0404,A054,3.5,2024-05-04
U0404,A030,2.0,2024-10-24
U0404,A060,3.5,2024-09-19
U0404,A015,3.0,2024-07-10
U0404,A013,3.0,2024-03-06
U0404,A021,4.0,2024-11-13
U0404,A037,3.0,2024-10-05
U0404,A053,3.5,2024-10-16
U0404,A048,3.0,2024-05-30
U0404,A008,5.0,2024-01-28
U0405,A024,4.0,2024-12-19
U0405,A051,3.0,2024-06-18
U0405,A047,2.5,2024-02-01
U0405,A054,2.5,2024-03-03
U0405,A030,2.0,2024-10-26
U0405,A019,2.0,2024-12-11
U0405,A046,3.5,2024-09-18
U0405,A057,1.5,2024-01-28
U0405,A022,4.0,2024-12-25
U0405,A015,3.5,2024-04-14
U0405,A013,3.0,2024-09-21
U0405,A006,3.5,2024-03-14
U0405,A027,3.0,2024-10-14
U0405,A014,3.5,2024-09-10
U0406,A024,4.0,2024-03-19
U0406,A047,3.5,2024-11-05
U0406,A017,3.5,2024-03-02
U0406,A030,4.0,2024-09-23
U0406,A026,3.5,2024-02-19
U0406,A057,4.0,2024-05-06
U0406,A022,3.0,2024-04-14
U0406,A042,3.0,2024-02-23
U0406,A039,3.5,2024-08-30
U0406,A049,5.0,2024-01-13
U0407,A007,2.5,2024-09-18
U0407,A034,2.5,2024-12-24
U0407,A003,2.0,2024-10-06
U0407,A060,2.5,2024-04-12
U0407,A043,4.5,2024-08-31
U0407,A022,3.5,2024-09-02
U0407,A015,2.5,2024-05-28
U0407,A053,4.0,2024-05-28
U0407,A037,4.0,2024-12-07
U0407,A021,3.0,2024-02-21
U0407,A023,4.5,2024-10-28
U0407,A039,4.0,2024-09-09
U0407,A058,3.5,2024-07-07
U0407,A049,2.5,2024-12-07
U0407,A014,4.0,2024-05-20
U0408,A007,3.5,2024-03-12
U0408,A032,3.5,2024-08-27
U0408,A051,4.0,2024-08-22
U0408,A047,3.5,2024-05-21
U0408,A040,4.0,2024-01-05
U0408,A020,3.5,2024-03-22
U0408,A013,3.5,2024-07-02
U0408,A053,4.0,2024-09-13
U0408,A038,4.0,2024-09-14
U0408,A059,3.5,2024-04-17
U0408,A011,3.0,2024-06-27
U0408,A049,3.0,2024-12-27
U0408,A010,4.0,2024-09-25
U0408,A035,5.0,2024-07-18
U0409,A028,3.0,2024-09-04
U0409,A032,3.5,2024-07-11
U0409,A051,4.5,2024-08-29
U0409,A011,2.0,2024-11-06
U0409,A019,3.0,2024-12-03
U0409,A020,3.0,2024-04-02
U0409,A033,4.0,2024-10-21
U0409,A058,3.5,2024-12-28
U0409,A027,3.5,2024-09-16
U0410,A001,3.0,2024-02-24
U0410,A024,2.5,2024-09-12
U0410,A025,3.0,2024-12-13
U0410,A045,3.5,2024-08-31
U0410,A057,1.5,2024-06-14
U0410,A050,3.0,2024-04-28
U0410,A056,2.5,2024-05-01
U0410,A044,2.0,2024-02-23
U0410,A011,3.5,2024-03-30
U0410,A049,3.0,2024-07-15
U0410,A052,3.0,2024-08-03
U0410,A014,3.5,2024-02-02
U0411,A028,3.5,2024-03-30
U0411,A051,3.0,2024-06-13
U0411,A047,4.0,2024-02-25
U0411,A057,4.0,2024-12-23
U0411,A060,2.5,2024-08-18
U0411,A022,3.0,2024-07-12
U0411,A056,3.0,2024-03-09
U0411,A014,3.5,2024-11-22
U0412,A055,2.5,2024-10-25
U0412,A008,3.0,2024-01-13
U0412,A007,4.0,2024-11-18
U0412,A026,3.0,2024-12-08
U0412,A020,3.0,2024-02-19
U0412,A042,4.5,2024-04-14
U0412,A004,4.0,2024-01-18
U0412,A059,3.5,2024-03-12
U0412,A058,4.5,2024-01-03
U0412,A035,3.5,2024-07-03
U0412,A014,2.0,2024-07-27
U0413,A028,4.0,2024-02-04
U0413,A018,3.5,2024-08-12
U0413,A030,3.5,2024-08-06
U0413,A046,3.0,2024-11-16
U0413,A004,5.0,2024-07-11
U0413,A044,4.5,2024-02-06
U0413,A033,2.0,2024-10-18
U0413,A011,2.5,2024-02-10
U0413,A049,3.5,2024-03-06
U0414,A002,3.0,2024-03-21
U0414,A051,4.0,2024-05-27
U0414,A047,2.5,2024-02-08
U0414,A040,3.5,2024-09-30
U0414,A046,4.0,2024-10-21
U0414,A060,2.5,2024-05-03
U0414,A048,3.0,2024-09-22
U0414,A042,3.5,2024-11-08
U0414,A039,2.0,2024-09-13
U0414,A059,2.0,2024-06-08
U0414,A058,2.5,2024-07-23
U0414,A052,3.0,2024-11-12
U0415,A032,2.0,2024-06-20
U0415,A005,3.5,2024-01-31
U0415,A047,2.0,2024-03-12
U0415,A019,3.0,2024-04-14
U0415,A060,2.5,2024-10-07
U0415,A006,3.0,2024-06-17
U0415,A004,4.0,2024-12-05
U0415,A059,4.0,2024-02-01
U0416,A024,3.5,2024-05-18
U0416,A019,4.5,2024-01-22
U0416,A057,3.5,2024-02-23
U0416,A022,3.0,2024-01-19
U0416,A020,3.0,2024-09-11
U0416,A041,2.5,2024-09-16
U0416,A056,3.5,2024-04-25
U0416,A038,3.5,2024-11-28
U0416,A048,2.5,2024-06-28
U0416,A059,2.5,2024-08-08
U0416,A012,2.0,2024-09-01
U0417,A055,4.0,2024-08-08
U0417,A047,3.0,2024-12-25
U0417,A054,4.5,2024-08-06
U0417,A019,3.0,2024-10-08
U0417,A057,3.5,2024-03-11
U0417,A060,3.0,2024-02-29
U0417,A013,2.0,2024-08-12
U0417,A023,4.0,2024-03-01
U0417,A037,1.5,2024-11-11
U0417,A001,2.0,2024-07-07
U0417,A058,3.5,2024-06-29
U0417,A049,3.5,2024-04-09
U0418,A008,3.0,2024-04-02
U0418,A032,4.5,2024-05-24
U0418,A034,3.5,2024-01-23
U0418,A019,3.0,2024-06-09
U0418,A057,2.5,2024-06-28
U0418,A031,3.5,2024-11-04
U0418,A060,3.0,2024-12-01
U0418,A042,3.5,2024-05-05
U0418,A023,1.5,2024-05-29
U0418,A009,4.0,2024-03-07
U0418,A033,2.0,2024-11-06
U0418,A058,3.0,2024-07-22
U0418,A012,4.0,2024-09-02
U0419,A032,4.5,2024-06-03
U0419,A017,4.0,2024-07-06
U0419,A026,4.5,2024-10-09
U0419,A057,3.5,2024-05-29
U0419,A060,4.5,2024-11-30
U0419,A046,2.5,2024-05-05
U0419,A009,3.0,2024-09-26
U0419,A059,3.0,2024-05-16
U0419,A058,3.0,2024-06-12
U0420,A007,3.5,2024-09-23
U0420,A002,3.5,2024-04-28
U0420,A017,3.0,2024-06-05
U0420,A022,2.5,2024-10-10
U0420,A016,3.5,2024-04-17
U0420,A015,3.0,2024-03-03
U0420,A006,4.0,2024-07-09
U0420,A001,3.5,2024-03-13
U0420,A008,3.5,2024-01-19
U0421,A032,4.0,2024-01-31
U0421,A051,2.5,2024-05-22
U0421,A030,3.0,2024-11-08
U0421,A046,4.0,2024-07-15
U0421,A057,3.0,2024-09-10
U0421,A060,3.0,2024-01-10
U0421,A023,3.0,2024-07-14
U0421,A048,3.5,2024-07-15
U0421,A027,3.0,2024-08-15
U0421,A035,3.0,2024-01-23
U0421,A029,4.0,2024-04-24
U0422,A012,2.5,2024-01-30
U0422,A034,5.0,2024-02-25
U0422,A036,4.0,2024-10-10
U0422,A045,3.5,2024-07-17
U0422,A057,3.5,2024-12-13
U0422,A043,3.0,2024-05-27
U0422,A053,2.5,2024-09-30
U0422,A037,4.0,2024-08-25
U0422,A001,4.0,2024-08-05
U0422,A058,3.0,2024-10-20
U0422,A035,3.5,2024-10-17
U0423,A007,4.0,2024-01-20
U0423,A047,3.0,2024-11-11
U0423,A034,3.5,2024-05-20
U0423,A040,3.5,2024-07-04
U0423,A026,4.5,2024-05-17
U0423,A043,3.0,2024-12-03
U0423,A021,3.5,2024-05-08
U0423,A037,3.5,2024-11-30
U0423,A008,3.0,2024-11-07
U0423,A052,3.5,2024-01-07
U0423,A003,3.5,2024-03-04
U0423,A027,4.0,2024-06-06
U0424,A055,3.0,2024-02-10
U0424,A047,4.0,2024-05-21
U0424,A046,4.5,2024-11-08
U0424,A031,4.0,2024-10-09
U0424,A043,4.0,2024-06-09
U0424,A020,3.5,2024-02-02
U0424,A050,4.0,2024-08-13
U0424,A039,3.5,2024-04-02
U0424,A008,2.5,2024-05-12
U0424,A058,3.5,2024-05-21
U0424,A010,3.5,2024-05-12
U0424,A052,3.5,2024-09-10
U0424,A029,3.0,2024-03-06
U0425,A034,2.5,2024-05-11
U0425,A057,3.5,2024-01-09
U0425,A041,3.0,2024-12-13
U0425,A015,3.0,2024-06-29
U0425,A020,3.5,2024-10-03
U0425,A021,4.0,2024-01-23
U0425,A013,2.5,2024-11-03
U0425,A043,2.0,2024-04-30
U0425,A039,4.0,2024-06-28
U0425,A059,1.5,2024-02-25
U0425,A058,2.5,2024-02-09
U0426,A028,3.0,2024-01-16
U0426,A002,1.5,2024-03-23
U0426,A032,2.5,2024-07-07
U0426,A036,4.0,2024-01-23
U0426,A060,3.0,2024-05-28
U0426,A041,2.5,2024-03-17
U0426,A039,4.5,2024-10-29
U0426,A050,3.5,2024-01-14
U0426,A042,4.5,2024-02-24
U0426,A053,4.0,2024-11-07
U0426,A006,3.5,2024-04-18
U0426,A056,4.5,2024-06-09
U0426,A044,3.0,2024-09-18
U0426,A059,2.5,2024-09-17
U0426,A027,4.0,2024-10-24
U0427,A018,4.0,2024-05-17
U0427,A007,4.5,2024-04-09
U0427,A032,4.0,2024-10-21
U0427,A024,4.0,2024-05-30
U0427,A025,2.5,2024-05-04
U0427,A030,3.0,2024-06-17
U0427,A060,2.5,2024-05-04
U0427,A031,3.0,2024-07-04
U0427,A016,3.5,2024-04-28
U0427,A013,2.5,2024-08-21
U0427,A050,2.0,2024-06-10
U0427,A056,4.0,2024-02-29
U0427,A014,3.5,2024-12-20
U0428,A028,2.5,2024-04-27
U0428,A055,4.0,2024-10-18
U0428,A018,3.5,2024-03-05
U0428,A024,2.5,2024-10-02
U0428,A032,3.0,2024-05-05
U0428,A034,2.5,2024-07-27
U0428,A036,3.0,2024-12-11
U0428,A030,2.5,2024-10-26
U0428,A045,2.5,2024-12-06
U0428,A060,3.5,2024-03-11
U0428,A038,3.5,2024-11-06
U0429,A007,3.0,2024-08-20
U0429,A051,3.0,2024-01-08
U0429,A026,2.5,2024-03-26
U0429,A057,2.0,2024-03-02
U0429,A053,2.0,2024-08-02
U0429,A021,2.5,2024-05-14
U0429,A006,2.5,2024-10-10
U0429,A038,3.5,2024-12-30
U0429,A048,2.5,2024-08-28
U0429,A058,3.0,2024-02-21
U0429,A049,3.5,2024-03-05
U0429,A052,2.5,2024-01-18
U0430,A002,2.5,2024-11-07
U0430,A036,2.0,2024-11-11
U0430,A057,3.0,2024-02-25
U0430,A060,1.5,2024-01-24
U0430,A041,3.0,2024-02-07
U0430,A015,2.0,2024-06-30
U0430,A022,3.0,2024-08-17
U0430,A042,2.0,2024-07-28
U0430,A037,4.0,2024-11-18
U0430,A027,1.5,2024-08-18
U0430,A039,3.0,2024-08-11
U0430,A049,3.5,2024-05-28
U0430,A052,3.5,2024-09-01
U0430,A029,2.0,2024-12-24
U0431,A049,2.0,2024-09-17
U0431,A007,3.0,2024-10-28
U0431,A036,3.5,2024-05-23
U0431,A040,2.5,2024-02-19
U0431,A020,3.0,2024-04-28
U0431,A015,4.0,2024-06-01
U0431,A023,5.0,2024-09-09
U0431,A006,2.0,2024-06-23
U0431,A008,3.5,2024-01-25
U0431,A003,4.0,2024-10-15
U0432,A028,2.5,2024-05-27
U0432,A007,3.5,2024-05-20
U0432,A051,2.5,2024-09-06
U0432,A034,3.5,2024-08-12
U0432,A005,3.0,2024-04-24
U0432,A045,3.5,2024-03-27
U0432,A057,3.5,2024-05-27
U0432,A041,3.0,2024-05-12
U0432,A023,2.5,2024-11-06
U0432,A006,3.0,2024-02-24
U0432,A059,3.0,2024-04-28
U0432,A049,3.0,2024-12-07
U0432,A027,2.5,2024-05-22
U0432,A014,2.5,2024-03-13
U0433,A055,3.0,2024-01-04
U0433,A031,4.5,2024-09-07
U0433,A041,3.5,2024-01-14
U0433,A016,2.0,2024-07-08
U0433,A021,3.5,2024-04-14
U0433,A009,4.0,2024-05-24
U0433,A056,1.5,2024-10-19
U0433,A039,3.5,2024-08-06
U0433,A058,3.0,2024-08-15
U0434,A032,4.0,2024-06-30
U0434,A051,3.0,2024-02-10
U0434,A054,2.0,2024-04-23
U0434,A019,2.0,2024-02-08
U0434,A043,3.0,2024-06-16
U0434,A048,3.0,2024-03-21
U0434,A008,4.5,2024-09-16
U0434,A049,2.5,2024-06-20
U0434,A027,3.0,2024-05-21
U0434,A014,2.5,2024-08-20
U0435,A032,3.0,2024-05-05
U0435,A036,3.5,2024-03-11
U0435,A045,4.0,2024-10-27
U0435,A057,2.5,2024-07-11
U0435,A031,2.0,2024-04-22
U0435,A013,2.0,2024-12-10
U0435,A042,4.5,2024-04-10
U0435,A059,3.0,2024-05-15
U0435,A011,3.0,2024-08-28
U0436,A033,2.0,2024-02-04
U0436,A025,4.5,2024-09-08
U0436,A047,2.5,2024-10-12
U0436,A058,2.5,2024-11-08
U0436,A045,3.0,2024-04-16
U0436,A020,3.0,2024-12-29
U0436,A042,3.5,2024-04-01
U0436,A048,3.5,2024-01-20
U0436,A008,3.0,2024-08-02
U0436,A059,3.0,2024-12-18
U0437,A005,3.5,2024-11-02
U0437,A034,3.0,2024-07-01
U0437,A036,2.5,2024-10-05
U0437,A058,2.5,2024-09-03
U0437,A019,2.5,2024-05-31
U0437,A046,3.5,2024-02-19
U0437,A060,2.0,2024-04-22
U0437,A020,2.5,2024-02-27
U0437,A033,3.0,2024-05-27
U0437,A011,4.0,2024-08-02
U0437,A027,3.0,2024-08-16
U0437,A010,3.5,2024-06-15
U0438,A002,3.5,2024-07-29
U0438,A033,4.0,2024-12-17
U0438,A036,3.0,2024-04-30
U0438,A045,2.5,2024-01-15
U0438,A040,5.0,2024-05-28
U0438,A019,4.0,2024-05-17
U0438,A022,2.5,2024-09-16
U0438,A038,3.0,2024-04-20
U0438,A044,3.5,2024-07-28
U0438,A008,3.5,2024-02-01
U0438,A003,2.5,2024-10-14
U0439,A018,2.5,2024-10-01
U0439,A008,3.5,2024-04-15
U0439,A051,2.5,2024-11-16
U0439,A045,2.0,2024-02-26
U0439,A060,2.5,2024-11-10
U0439,A043,3.5,2024-11-08
U0439,A041,2.5,2024-06-17
U0439,A053,4.0,2024-03-07
U0439,A023,4.0,2024-11-05
U0439,A050,4.0,2024-10-03
U0439,A038,3.0,2024-01-11
U0439,A059,3.0,2024-01-11
U0439,A058,2.0,2024-07-13
U0440,A028,4.0,2024-10-01
U0440,A036,2.5,2024-07-21
U0440,A026,2.5,2024-04-27
U0440,A057,1.5,2024-05-28
U0440,A042,2.5,2024-03-23
U0440,A009,4.0,2024-07-10
U0440,A044,3.0,2024-06-18
U0440,A049,4.0,2024-07-30
U0440,A014,2.5,2024-04-20
U0441,A055,4.0,2024-01-13
U0441,A051,2.5,2024-04-27
U0441,A047,3.0,2024-11-19
U0441,A040,3.5,2024-12-18
U0441,A019,4.0,2024-05-06
U0441,A046,3.0,2024-01-18
U0441,A039,3.0,2024-05-19
U0441,A057,3.5,2024-03-04
U0441,A041,2.0,2024-07-12
U0441,A043,4.0,2024-12-01
U0441,A001,2.5,2024-07-24
U0442,A032,2.0,2024-03-18
U0442,A047,2.0,2024-02-18
U0442,A045,3.0,2024-10-28
U0442,A057,3.0,2024-07-19
U0442,A031,3.5,2024-04-09
U0442,A009,2.0,2024-11-06
U0442,A048,4.0,2024-06-08
U0442,A027,2.5,2024-06-14
U0442,A010,2.5,2024-08-05
U0442,A012,3.0,2024-09-19
U0443,A032,4.5,2024-08-07
U0443,A019,4.0,2024-02-17
U0443,A020,4.0,2024-04-23
U0443,A038,4.0,2024-07-27
U0443,A059,5.0,2024-10-14
U0443,A058,4.0,2024-05-22
U0443,A027,4.5,2024-09-04
U0443,A035,3.5,2024-05-25
U0444,A018,2.0,2024-07-22
U0444,A032,3.0,2024-04-28
U0444,A030,3.5,2024-08-16
U0444,A045,4.0,2024-07-08
U0444,A046,2.5,2024-09-01
U0444,A060,2.5,2024-10-15
U0444,A016,2.5,2024-02-25
U0444,A013,3.0,2024-11-25
U0444,A009,2.5,2024-06-08
U0444,A039,2.0,2024-06-19
U0444,A012,3.0,2024-03-14
U0445,A002,3.0,2024-11-11
U0445,A034,3.0,2024-08-30
U0445,A054,4.0,2024-09-24
U0445,A025,3.0,2024-10-17
U0445,A019,3.5,2024-04-29
U0445,A056,3.5,2024-01-31
U0445,A004,3.5,2024-09-09
U0445,A033,2.5,2024-05-09
U0445,A014,3.0,2024-07-29
U0446,A012,3.0,2024-10-06
U0446,A047,3.5,2024-09-12
U0446,A057,3.5,2024-06-09
U0446,A022,3.5,2024-11-29
U0446,A038,3.5,2024-04-30
U0446,A006,4.0,2024-06-13
U0446,A056,3.0,2024-08-24
U0446,A004,3.5,2024-12-28
U0446,A044,3.0,2024-09-04
U0446,A049,3.0,2024-09-20
U0446,A027,4.0,2024-10-11
U0446,A029,2.0,2024-02-11
U0447,A007,4.0,2024-02-28
U0447,A019,3.0,2024-01-20
U0447,A040,4.0,2024-08-05
U0447,A031,3.0,2024-09-10
U0447,A041,3.0,2024-03-28
U0447,A026,3.0,2024-11-16
U0447,A046,2.5,2024-09-25
U0447,A003,3.5,2024-09-06
U0447,A014,2.5,2024-03-12
U0448,A028,3.5,2024-09-22
U0448,A044,3.5,2024-11-05
U0448,A051,3.5,2024-05-08
U0448,A045,4.0,2024-08-29
U0448,A040,2.0,2024-08-24
U0448,A022,4.5,2024-04-17
U0448,A043,2.0,2024-06-18
U0448,A021,2.5,2024-03-10
U0448,A037,3.0,2024-03-25
U0448,A001,4.0,2024-09-25
U0448,A059,1.5,2024-08-30
U0448,A058,3.0,2024-01-06
U0448,A027,4.0,2024-06-11
U0448,A052,4.0,2024-08-01
U0449,A002,3.0,2024-02-01
U0449,A051,4.0,2024-11-15
U0449,A047,5.0,2024-08-27
U0449,A036,3.5,2024-10-31
U0449,A026,3.5,2024-03-21
U0449,A057,4.0,2024-02-04
U0449,A046,2.0,2024-06-28
U0449,A060,3.0,2024-11-21
U0449,A048,4.0,2024-10-13
U0449,A058,3.0,2024-04-25
U0450,A055,2.5,2024-02-22
U0450,A032,3.0,2024-04-20
U0450,A051,3.5,2024-05-23
U0450,A017,2.5,2024-04-01
U0450,A025,3.0,2024-05-14
U0450,A058,3.5,2024-10-15
U0450,A045,3.5,2024-02-22
U0450,A031,2.5,2024-03-05
U0450,A021,2.5,2024-09-24
U0450,A050,2.0,2024-10-27
U0450,A056,4.0,2024-11-26
U0450,A059,3.5,2024-07-15
U0450,A011,2.0,2024-06-18
U0451,A002,4.0,2024-06-14
U0451,A047,2.5,2024-02-09
U0451,A034,3.0,2024-01-27
U0451,A025,4.0,2024-03-11
U0451,A046,3.5,2024-09-18
U0451,A022,3.0,2024-08-13
U0451,A020,4.5,2024-08-05
U0451,A041,3.5,2024-12-06
U0451,A050,4.0,2024-08-29
U0451,A004,3.0,2024-06-16
U0451,A039,2.5,2024-06-03
U0451,A033,3.5,2024-09-13
U0452,A055,3.5,2024-11-05
U0452,A028,2.0,2024-04-19
U0452,A007,2.5,2024-03-26
U0452,A017,3.0,2024-11-20
U0452,A045,4.0,2024-05-22
U0452,A057,4.0,2024-12-30
U0452,A060,4.5,2024-03-14
U0452,A004,4.5,2024-08-11
U0452,A059,3.0,2024-10-13
U0453,A012,4.0,2024-04-01
U0453,A032,3.0,2024-01-06
U0453,A034,2.5,2024-04-10
U0453,A058,4.0,2024-08-14
U0453,A045,4.0,2024-07-03
U0453,A019,3.0,2024-09-26
U0453,A031,4.0,2024-04-09
U0453,A043,2.0,2024-01-03
U0453,A016,2.5,2024-10-27
U0453,A038,4.0,2024-06-07
U0453,A044,3.0,2024-06-17
U0453,A008,2.0,2024-02-18
U0453,A011,3.0,2024-07-07
U0453,A052,3.0,2024-05-09
U0453,A029,3.5,2024-09-14
U0454,A057,3.0,2024-10-19
U0454,A060,2.5,2024-01-16
U0454,A043,3.5,2024-08-29
U0454,A013,4.0,2024-11-07
U0454,A038,3.5,2024-11-19
U0454,A001,3.5,2024-08-20
U0454,A027,3.5,2024-09-08
U0454,A035,3.0,2024-03-29
U0455,A012,3.0,2024-12-01
U0455,A024,3.5,2024-11-10
U0455,A047,2.5,2024-01-09
U0455,A036,2.5,2024-06-19
U0455,A030,2.5,2024-12-10
U0455,A034,3.0,2024-06-11
U0455,A057,4.0,2024-12-29
U0455,A015,3.5,2024-03-27
U0455,A048,2.0,2024-10-27
U0455,A037,2.5,2024-07-06
U0455,A056,3.5,2024-09-21
U0455,A001,2.5,2024-01-08
U0455,A033,2.5,2024-12-06
U0455,A059,4.0,2024-07-25
U0455,A052,2.5,2024-08-01
U0456,A055,3.5,2024-01-23
U0456,A024,2.5,2024-05-21
U0456,A002,3.5,2024-11-07
U0456,A060,4.0,2024-04-11
U0456,A004,3.0,2024-12-18
U0456,A058,2.0,2024-09-15
U0456,A049,1.5,2024-07-28
U0456,A035,3.5,2024-03-29
U0457,A032,2.5,2024-10-16
U0457,A036,3.0,2024-08-25
U0457,A040,2.5,2024-02-15
U0457,A020,4.5,2024-02-29
U0457,A021,4.0,2024-02-16
U0457,A006,3.0,2024-04-03
U0457,A059,4.0,2024-02-14
U0457,A035,3.0,2024-04-05
U0458,A028,3.0,2024-12-27
U0458,A032,4.5,2024-05-26
U0458,A005,4.5,2024-04-01
U0458,A034,3.0,2024-05-22
U0458,A054,4.0,2024-03-12
U0458,A017,2.5,2024-10-16
U0458,A026,3.0,2024-06-10
U0458,A041,2.5,2024-07-30
U0458,A050,4.0,2024-04-25
U0458,A023,3.5,2024-04-06
U0458,A037,3.5,2024-05-19
U0458,A001,4.0,2024-04-12
U0458,A058,2.5,2024-03-31
U0459,A028,3.0,2024-10-26
U0459,A018,3.0,2024-07-16
U0459,A024,4.0,2024-03-20
U0459,A051,3.5,2024-10-02
U0459,A030,3.0,2024-10-18
U0459,A046,3.5,2024-04-17
U0459,A057,3.5,2024-12-25
U0459,A020,4.0,2024-08-10
U0459,A043,3.5,2024-06-26
U0459,A006,4.0,2024-11-26
U0459,A033,3.5,2024-12-15
U0459,A010,3.0,2024-05-27
U0460,A055,2.0,2024-09-21
U0460,A032,3.0,2024-12-03
U0460,A036,3.5,2024-11-19
U0460,A026,3.5,2024-04-05
U0460,A043,4.0,2024-08-31
U0460,A023,4.0,2024-03-12
U0460,A038,3.5,2024-08-27
U0460,A058,3.5,2024-10-27
U0460,A027,2.5,2024-06-14
U0460,A035,2.5,2024-07-09
U0460,A014,4.0,2024-10-15
U0461,A049,4.0,2024-04-05
U0461,A018,2.5,2024-01-12
U0461,A024,2.5,2024-08-12
U0461,A017,3.0,2024-11-11
U0461,A030,2.5,2024-08-21
U0461,A045,4.5,2024-10-30
U0461,A060,3.0,2024-10-21
U0461,A015,3.0,2024-12-21
U0461,A013,3.5,2024-08-10
U0461,A021,3.5,2024-07-23
U0461,A023,3.0,2024-08-30
U0461,A006,3.0,2024-05-04
U0461,A044,4.5,2024-05-09
U0461,A003,3.0,2024-07-10
U0462,A007,2.0,2024-10-30
U0462,A005,3.5,2024-01-15
U0462,A045,1.5,2024-03-24
U0462,A060,3.0,2024-09-19
U0462,A022,2.5,2024-03-26
U0462,A021,3.5,2024-06-02
U0462,A023,4.0,2024-11-01
U0462,A037,3.0,2024-12-23
U0462,A038,4.0,2024-09-25
U0462,A011,3.0,2024-04-11
U0462,A004,2.5,2024-10-17
U0462,A035,4.0,2024-03-12
U0462,A014,3.5,2024-03-07
U0463,A049,3.0,2024-06-06
U0463,A007,2.5,2024-02-11
U0463,A033,2.5,2024-04-04
U0463,A005,3.5,2024-04-30
U0463,A057,3.0,2024-04-14
U0463,A046,2.5,2024-08-11
U0463,A020,3.0,2024-02-16
U0463,A016,4.0,2024-05-05
U0463,A001,3.0,2024-03-19
U0463,A059,3.5,2024-12-16
U0463,A011,2.5,2024-10-11
U0463,A003,3.5,2024-07-10
U0463,A035,4.5,2024-01-03
U0464,A028,3.5,2024-03-09
U0464,A024,3.5,2024-07-23
U0464,A007,3.5,2024-06-16
U0464,A054,3.5,2024-05-24
U0464,A046,3.5,2024-12-11
U0464,A060,2.5,2024-08-05
U0464,A016,3.0,2024-11-01
U0464,A015,3.5,2024-07-20
U0464,A021,3.0,2024-09-30
U0464,A037,3.5,2024-02-06
U0464,A050,3.5,2024-06-26
U0464,A033,3.5,2024-09-07
U0464,A059,3.5,2024-12-08
U0464,A012,3.5,2024-10-27
U0464,A014,4.0,2024-01-14
U0465,A028,4.5,2024-04-06
U0465,A025,3.5,2024-01-23
U0465,A054,5.0,2024-04-18
U0465,A057,3.0,2024-06-03
U0465,A041,2.5,2024-08-10
U0465,A039,3.0,2024-02-17
U0465,A042,3.0,2024-06-22
U0465,A037,2.5,2024-07-15
U0465,A056,3.5,2024-11-30
U0465,A044,2.0,2024-04-02
U0465,A058,2.5,2024-08-05
U0466,A007,3.5,2024-08-26
U0466,A032,3.0,2024-02-12
U0466,A051,4.0,2024-06-26
U0466,A005,2.5,2024-12-17
U0466,A054,4.0,2024-02-21
U0466,A057,2.5,2024-12-01
U0466,A043,3.5,2024-07-26
U0466,A015,3.5,2024-01-07
U0466,A053,3.0,2024-03-23
U0466,A058,3.5,2024-06-12
U0467,A024,2.5,2024-11-05
U0467,A047,3.0,2024-08-18
U0467,A019,3.5,2024-09-14
U0467,A046,1.0,2024-07-09
U0467,A060,4.0,2024-08-30
U0467,A045,3.0,2024-12-30
U0467,A043,2.0,2024-06-20
U0467,A013,3.0,2024-09-30
U0467,A038,4.0,2024-07-05
U0467,A027,3.5,2024-02-27
U0468,A055,2.5,2024-01-25
U0468,A007,3.0,2024-08-25
U0468,A032,3.0,2024-05-24
U0468,A060,3.0,2024-01-21
U0468,A041,4.0,2024-03-03
U0468,A031,3.0,2024-09-07
U0468,A053,3.0,2024-08-23
U0468,A050,2.5,2024-07-06
U0468,A006,2.5,2024-01-26
U0468,A035,3.5,2024-11-02
U0469,A051,4.5,2024-06-01
U0469,A047,3.0,2024-11-21
U0469,A036,3.0,2024-01-19
U0469,A005,4.0,2024-11-01
U0469,A045,3.0,2024-02-27
U0469,A054,4.5,2024-07-01
U0469,A021,3.0,2024-01-19
U0469,A053,4.0,2024-09-29
U0469,A023,5.0,2024-07-21
U0469,A052,3.0,2024-05-07
U0469,A059,3.5,2024-03-30
U0469,A058,4.5,2024-02-13
U0469,A035,4.0,2024-09-30
U0470,A025,3.0,2024-09-25
U0470,A030,3.0,2024-10-18
U0470,A046,3.5,2024-08-22
U0470,A050,3.5,2024-01-21
U0470,A037,4.5,2024-02-09
U0470,A056,3.0,2024-06-16
U0470,A058,4.0,2024-07-09
U0470,A027,3.5,2024-01-20
U0470,A052,4.0,2024-03-16
U0471,A018,3.5,2024-02-29
U0471,A032,2.5,2024-04-08
U0471,A051,2.0,2024-10-19
U0471,A017,4.5,2024-05-13
U0471,A013,4.0,2024-06-04
U0471,A053,2.5,2024-11-11
U0471,A037,3.5,2024-09-20
U0471,A033,3.0,2024-10-03
U0471,A029,3.5,2024-05-04
U0472,A055,2.5,2024-11-05
U0472,A034,2.0,2024-07-23
U0472,A045,2.5,2024-04-02
U0472,A060,3.5,2024-12-13
U0472,A023,2.0,2024-05-25
U0472,A059,2.0,2024-05-19
U0472,A058,3.0,2024-01-03
U0472,A035,2.0,2024-07-27
U0473,A017,2.0,2024-04-23
U0473,A036,2.5,2024-02-02
U0473,A045,3.0,2024-11-09
U0473,A057,4.5,2024-05-27
U0473,A060,2.0,2024-12-30
U0473,A015,3.0,2024-11-07
U0473,A016,2.5,2024-08-23
U0473,A023,3.5,2024-10-28
U0473,A044,1.5,2024-08-03
U0473,A058,2.5,2024-11-21
U0473,A035,4.0,2024-10-31
U0474,A018,4.0,2024-12-23
U0474,A008,3.5,2024-03-28
U0474,A025,3.0,2024-12-10
U0474,A036,2.0,2024-07-18
U0474,A057,4.0,2024-05-10
U0474,A046,3.0,2024-07-25
U0474,A020,3.5,2024-01-17
U0474,A021,3.5,2024-12-04
U0474,A037,3.0,2024-10-19
U0474,A042,3.0,2024-02-10
U0474,A009,4.0,2024-11-19
U0474,A044,2.5,2024-09-06
U0474,A059,5.0,2024-10-14
U0475,A028,3.0,2024-10-16
U0475,A032,5.0,2024-08-08
U0475,A005,2.5,2024-07-31
U0475,A047,4.5,2024-01-12
U0475,A036,3.5,2024-05-25
U0475,A046,3.0,2024-10-11
U0475,A060,2.5,2024-09-08
U0475,A016,3.5,2024-04-30
U0475,A021,4.5,2024-07-11
U0475,A006,3.5,2024-10-02
U0475,A033,3.5,2024-03-08
U0475,A003,4.0,2024-07-12
U0475,A035,3.5,2024-11-06
U0476,A032,2.0,2024-10-08
U0476,A034,4.0,2024-07-28
U0476,A057,3.0,2024-06-29
U0476,A060,2.5,2024-04-21
U0476,A016,3.5,2024-08-02
U0476,A037,3.0,2024-11-02
U0476,A059,3.5,2024-05-22
U0476,A058,3.5,2024-06-12
U0476,A003,3.0,2024-07-04
U0477,A018,2.5,2024-01-02
U0477,A026,3.0,2024-09-29
U0477,A019,3.0,2024-06-20
U0477,A060,4.5,2024-08-25
U0477,A020,3.5,2024-12-01
U0477,A059,2.5,2024-03-29
U0477,A058,2.5,2024-12-15
U0477,A003,3.0,2024-02-20
U0477,A035,2.5,2024-07-15
U0478,A047,4.0,2024-01-12
U0478,A036,3.0,2024-11-03
U0478,A025,2.5,2024-11-30
U0478,A026,3.0,2024-07-18
U0478,A057,2.5,2024-10-09
U0478,A022,2.5,2024-09-18
U0478,A020,3.0,2024-04-08
U0478,A023,3.0,2024-03-23
U0478,A006,2.5,2024-08-22
U0478,A056,2.5,2024-07-07
U0478,A014,3.5,2024-05-02
U0478,A058,3.5,2024-03-30
U0478,A049,3.5,2024-08-29
U0478,A029,3.0,2024-12-30
U0479,A032,2.5,2024-05-03
U0479,A025,3.0,2024-03-31
U0479,A054,3.0,2024-08-24
U0479,A046,4.0,2024-09-13
U0479,A039,2.5,2024-11-24
U0479,A016,2.5,2024-02-26
U0479,A020,3.0,2024-11-05
U0479,A056,4.0,2024-06-18
U0479,A044,3.0,2024-03-22
U0479,A058,4.0,2024-05-05
U0479,A035,4.5,2024-08-24
U0480,A032,3.0,2024-10-02
U0480,A017,3.0,2024-03-02
U0480,A030,3.5,2024-11-06
U0480,A019,3.5,2024-11-27
U0480,A053,2.0,2024-09-30
U0480,A023,2.5,2024-01-13
U0480,A037,4.0,2024-08-12
U0480,A039,3.5,2024-09-03
U0480,A012,3.0,2024-01-31
U0481,A040,2.5,2024-03-27
U0481,A046,3.5,2024-07-06
U0481,A031,2.5,2024-07-30
U0481,A057,2.0,2024-12-02
U0481,A037,3.5,2024-06-22
U0481,A006,3.5,2024-03-13
U0481,A048,3.5,2024-05-04
U0481,A033,2.0,2024-09-04
U0481,A059,3.0,2024-04-17
U0481,A010,2.0,2024-05-15
U0481,A012,3.5,2024-02-19
U0481,A029,4.0,2024-06-17
U0482,A054,3.5,2024-03-12
U0482,A030,3.0,2024-03-16
U0482,A046,2.5,2024-09-24
U0482,A043,3.0,2024-05-27
U0482,A039,2.0,2024-01-14
U0482,A050,4.0,2024-04-23
U0482,A044,3.0,2024-07-08
U0482,A027,4.0,2024-10-15
U0482,A035,2.0,2024-07-04
U0483,A049,4.0,2024-01-15
U0483,A019,3.0,2024-04-18
U0483,A026,2.0,2024-10-25
U0483,A020,2.0,2024-06-04
U0483,A015,3.0,2024-03-16
U0483,A041,3.5,2024-10-26
U0483,A038,3.5,2024-01-07
U0483,A059,3.0,2024-05-12
U0483,A058,3.0,2024-07-05
U0483,A027,3.0,2024-09-17
U0483,A010,3.5,2024-09-21
U0483,A035,2.0,2024-07-26
U0484,A049,2.5,2024-12-08
U0484,A028,3.0,2024-02-03
U0484,A055,4.0,2024-06-24
U0484,A025,3.0,2024-04-25
U0484,A036,2.0,2024-06-07
U0484,A030,5.0,2024-04-15
U0484,A046,3.5,2024-04-24
U0484,A060,3.5,2024-03-17
U0484,A057,2.5,2024-05-22
U0484,A021,4.5,2024-11-07
U0484,A038,2.5,2024-03-02
U0484,A011,3.0,2024-11-28
U0484,A003,2.0,2024-04-10
U0484,A010,3.5,2024-07-01
U0484,A052,3.0,2024-09-12
U0485,A024,1.5,2024-04-26
U0485,A051,2.0,2024-12-19
U0485,A034,3.5,2024-08-21
U0485,A030,2.0,2024-03-31
U0485,A026,3.0,2024-01-21
U0485,A040,4.5,2024-11-07
U0485,A060,3.0,2024-05-16
U0485,A022,3.0,2024-10-09
U0485,A015,2.5,2024-05-22
U0485,A013,4.5,2024-02-16
U0485,A042,2.5,2024-04-07
U0485,A023,3.0,2024-02-02
U0485,A009,4.0,2024-03-08
U0485,A027,3.0,2024-09-24
U0485,A052,3.0,2024-06-04
U0486,A034,3.0,2024-06-12
U0486,A030,3.0,2024-11-20
U0486,A026,3.0,2024-02-07
U0486,A057,3.0,2024-04-10
U0486,A050,3.5,2024-09-01
U0486,A009,3.0,2024-02-29
U0486,A038,3.5,2024-08-14
U0486,A001,3.5,2024-02-12
U0487,A007,3.0,2024-05-08
U0487,A032,4.0,2024-07-27
U0487,A034,4.0,2024-11-03
U0487,A017,3.5,2024-05-18
U0487,A057,3.0,2024-09-09
U0487,A022,3.0,2024-11-19
U0487,A031,2.5,2024-03-31
U0487,A016,3.0,2024-06-17
U0487,A046,4.0,2024-09-16
U0487,A042,3.0,2024-09-04
U0487,A038,3.0,2024-09-20
U0487,A039,3.0,2024-05-25
U0487,A008,3.5,2024-11-26
U0487,A011,3.0,2024-06-02
U0487,A010,2.5,2024-05-15
U0488,A055,4.0,2024-06-12
U0488,A005,3.5,2024-09-17
U0488,A051,3.0,2024-08-28
U0488,A025,2.5,2024-09-10
U0488,A030,4.5,2024-03-24
U0488,A054,4.5,2024-04-01
U0488,A047,4.0,2024-02-03
U0488,A021,3.0,2024-08-09
U0488,A006,4.5,2024-12-10
U0488,A011,3.0,2024-06-04
U0488,A014,4.0,2024-02-18
U0489,A018,4.5,2024-04-08
U0489,A032,3.0,2024-07-21
U0489,A025,3.5,2024-03-28
U0489,A011,3.5,2024-03-21
U0489,A040,2.0,2024-11-08
U0489,A026,4.0,2024-12-05
U0489,A046,3.5,2024-03-21
U0489,A041,4.0,2024-06-15
U0489,A043,4.5,2024-09-21
U0489,A021,3.0,2024-08-30
U0489,A042,4.0,2024-11-30
U0489,A059,3.0,2024-10-31
U0489,A058,3.0,2024-08-01
U0489,A003,4.5,2024-05-17
U0489,A035,2.5,2024-04-27
U0490,A028,3.5,2024-07-25
U0490,A005,5.0,2024-01-29
U0490,A054,1.5,2024-07-28
U0490,A003,3.5,2024-06-30
U0490,A057,4.5,2024-11-26
U0490,A060,3.0,2024-03-12
U0490,A053,3.0,2024-08-21
U0490,A037,3.5,2024-05-20
U0490,A044,1.5,2024-01-10
U0490,A059,3.5,2024-12-26
U0490,A027,2.5,2024-04-13
U0490,A010,4.5,2024-04-16
U0491,A051,3.5,2024-05-04
U0491,A034,5.0,2024-03-23
U0491,A057,2.5,2024-06-15
U0491,A031,4.0,2024-09-02
U0491,A060,2.5,2024-10-30
U0491,A043,3.5,2024-08-28
U0491,A037,5.0,2024-01-24
U0491,A006,5.0,2024-12-03
U0491,A004,4.0,2024-07-18
U0491,A044,4.0,2024-12-18
U0491,A052,4.0,2024-12-27
U0491,A014,3.5,2024-09-06
U0492,A044,3.0,2024-02-07
U0492,A018,4.0,2024-06-15
U0492,A017,3.5,2024-07-30
U0492,A031,3.5,2024-03-18
U0492,A060,2.0,2024-03-18
U0492,A009,1.5,2024-10-28
U0492,A038,2.0,2024-06-02
U0492,A039,3.0,2024-10-20
U0492,A058,4.0,2024-04-12
U0492,A027,1.5,2024-10-14
U0492,A014,4.5,2024-02-15
U0493,A018,3.0,2024-08-23
U0493,A033,2.0,2024-07-04
U0493,A036,3.0,2024-06-19
U0493,A054,4.0,2024-04-11
U0493,A040,2.5,2024-12-12
U0493,A060,2.0,2024-12-26
U0493,A015,3.0,2024-05-12
U0493,A042,2.5,2024-05-10
U0493,A009,2.0,2024-11-05
U0493,A023,3.0,2024-01-12
U0493,A004,2.5,2024-03-12
U0493,A044,2.5,2024-03-02
U0493,A059,3.0,2024-11-24
U0493,A010,2.0,2024-07-29
U0493,A035,2.0,2024-08-06
U0494,A032,4.5,2024-10-12
U0494,A047,3.0,2024-02-27
U0494,A036,1.5,2024-09-29
U0494,A045,3.0,2024-03-22
U0494,A046,3.0,2024-09-19
U0494,A031,2.5,2024-02-14
U0494,A040,4.5,2024-10-20
U0494,A013,2.5,2024-08-27
U0494,A038,4.0,2024-11-08
U0494,A039,5.0,2024-11-28
U0494,A059,3.0,2024-04-07
U0494,A010,3.0,2024-02-07
U0494,A012,4.5,2024-12-16
U0494,A014,3.5,2024-08-08
U0495,A055,3.5,2024-11-15
U0495,A025,4.5,2024-07-18
U0495,A054,3.0,2024-01-10
U0495,A047,3.5,2024-01-05
U0495,A019,2.5,2024-04-25
U0495,A046,3.5,2024-06-14
U0495,A031,4.0,2024-08-06
U0495,A043,4.5,2024-03-18
U0495,A044,3.5,2024-05-12
U0495,A033,3.5,2024-04-24
U0495,A029,3.0,2024-10-26
U0495,A014,3.5,2024-12-11
U0496,A055,3.5,2024-11-04
U0496,A032,4.0,2024-01-21
U0496,A017,3.5,2024-03-06
U0496,A030,4.0,2024-10-03
U0496,A058,3.0,2024-06-27
U0496,A031,2.5,2024-02-05
U0496,A041,2.0,2024-06-16
U0496,A016,3.0,2024-06-10
U0496,A050,3.0,2024-04-27
U0496,A056,3.0,2024-12-02
U0496,A059,3.5,2024-04-16
U0496,A011,3.5,2024-04-13
U0496,A003,3.0,2024-06-04
U0497,A047,3.0,2024-01-14
U0497,A054,3.0,2024-08-15
U0497,A040,3.0,2024-04-16
U0497,A019,2.5,2024-07-13
U0497,A016,3.5,2024-01-26
U0497,A037,2.5,2024-08-16
U0497,A059,4.5,2024-08-12
U0497,A058,3.0,2024-07-23
U0497,A049,2.0,2024-04-11
U0497,A035,2.5,2024-04-15
U0498,A044,3.0,2024-04-17
U0498,A028,3.5,2024-02-16
U0498,A024,4.0,2024-09-16
U0498,A007,3.5,2024-07-03
U0498,A025,1.5,2024-09-01
U0498,A021,4.0,2024-05-10
U0498,A009,2.5,2024-09-17
U0498,A038,2.5,2024-02-27
U0498,A042,3.0,2024-08-21
U0498,A004,4.0,2024-01-09
U0498,A048,3.5,2024-01-04
U0498,A010,4.0,2024-07-13
U0498,A012,3.0,2024-08-03
U0498,A014,3.0,2024-07-23
U0499,A018,3.0,2024-05-20
U0499,A017,3.5,2024-11-27
U0499,A057,2.5,2024-06-14
U0499,A060,4.0,2024-01-24
U0499,A046,3.5,2024-03-13
U0499,A001,3.0,2024-05-07
U0499,A058,3.0,2024-03-31
U0499,A027,3.5,2024-10-16
U0499,A014,3.5,2024-01-05
U0500,A025,4.0,2024-08-02
U0500,A034,2.5,2024-03-29
U0500,A031,2.5,2024-03-30
U0500,A020,4.0,2024-09-22
U0500,A041,3.0,2024-03-18
U0500,A013,3.5,2024-12-08
U0500,A060,3.0,2024-04-02
U0500,A059,4.0,2024-07-05
U0500,A049,3.0,2024-02-26
U0500,A052,2.0,2024-03-24
U0501,A005,2.0,2024-01-15
U0501,A030,3.5,2024-01-14
U0501,A045,2.5,2024-06-18
U0501,A050,3.0,2024-01-15
U0501,A059,3.0,2024-08-28
U0501,A027,2.0,2024-01-18
U0501,A010,3.0,2024-03-14
U0501,A052,4.0,2024-07-27
U0502,A028,3.0,2024-08-02
U0502,A002,3.5,2024-02-03
U0502,A034,3.0,2024-02-27
U0502,A040,3.0,2024-08-31
U0502,A060,3.0,2024-08-25
U0502,A015,2.5,2024-07-31
U0502,A013,3.0,2024-10-01
U0502,A058,3.5,2024-08-13
U0503,A032,3.5,2024-09-01
U0503,A051,3.0,2024-09-09
U0503,A054,3.0,2024-10-19
U0503,A036,3.5,2024-04-10
U0503,A057,3.5,2024-03-05
U0503,A020,1.0,2024-04-22
U0503,A044,3.5,2024-09-20
U0503,A011,3.0,2024-03-07
U0503,A049,2.0,2024-03-14
U0503,A035,3.5,2024-04-25
U0504,A024,3.0,2024-06-17
U0504,A057,3.0,2024-12-29
U0504,A015,3.0,2024-08-24
U0504,A053,3.5,2024-12-08
U0504,A035,3.0,2024-10-29
U0504,A004,3.0,2024-09-23
U0504,A059,2.0,2024-09-21
U0504,A027,3.0,2024-10-22
U0504,A012,4.0,2024-05-16
U0505,A012,3.0,2024-04-11
U0505,A007,2.5,2024-04-03
U0505,A045,3.0,2024-01-08
U0505,A057,3.5,2024-03-14
U0505,A039,2.5,2024-11-20
U0505,A015,3.5,2024-01-18
U0505,A044,3.5,2024-05-01
U0505,A011,3.5,2024-03-23
U0505,A010,3.5,2024-07-22
U0505,A052,3.5,2024-06-14
U0506,A030,1.0,2024-04-19
U0506,A022,2.5,2024-08-20
U0506,A060,3.5,2024-11-14
U0506,A050,2.5,2024-05-14
U0506,A056,2.5,2024-10-06
U0506,A038,4.0,2024-08-13
U0506,A044,3.0,2024-03-01
U0506,A029,3.5,2024-05-23
U0507,A002,3.5,2024-02-26
U0507,A005,3.0,2024-03-02
U0507,A047,3.0,2024-10-08
U0507,A045,4.0,2024-12-30
U0507,A060,2.5,2024-05-31
U0507,A020,3.0,2024-03-05
U0507,A048,3.0,2024-06-26
U0507,A042,2.0,2024-06-06
U0507,A027,3.0,2024-08-19
U0507,A044,1.5,2024-08-11
U0507,A033,2.5,2024-10-10
U0507,A049,3.5,2024-02-12
U0507,A052,3.5,2024-09-15
U0508,A018,3.0,2024-10-15
U0508,A007,3.5,2024-09-28
U0508,A034,4.0,2024-09-25
U0508,A041,4.0,2024-01-25
U0508,A016,3.5,2024-09-29
U0508,A009,3.5,2024-07-04
U0508,A056,3.0,2024-10-03
U0508,A039,2.5,2024-04-27
U0508,A033,4.0,2024-12-21
U0508,A058,2.5,2024-09-28
U0509,A018,4.5,2024-07-24
U0509,A005,4.0,2024-05-31
U0509,A025,4.5,2024-07-18
U0509,A040,3.5,2024-09-24
U0509,A060,5.0,2024-08-03
U0509,A031,4.0,2024-08-31
U0509,A016,4.5,2024-08-27
U0509,A042,4.5,2024-06-13
U0509,A011,3.5,2024-03-10
U0509,A049,3.0,2024-06-02
U0510,A049,3.5,2024-09-03
U0510,A026,4.5,2024-03-23
U0510,A040,3.0,2024-05-04
U0510,A057,2.5,2024-07-19
U0510,A043,2.5,2024-03-22
U0510,A045,4.5,2024-11-26
U0510,A033,4.0,2024-08-02
U0510,A027,3.0,2024-07-19
U0511,A018,3.5,2024-08-15
U0511,A032,3.5,2024-03-13
U0511,A034,3.5,2024-12-10
U0511,A040,2.5,2024-05-21
U0511,A003,3.5,2024-06-16
U0511,A060,4.0,2024-01-06
U0511,A016,3.0,2024-11-22
U0511,A050,3.5,2024-03-01
U0511,A033,3.5,2024-09-23
U0511,A027,2.5,2024-06-08
U0511,A012,3.5,2024-09-25
U0512,A032,3.0,2024-01-21
U0512,A005,2.5,2024-07-14
U0512,A051,2.5,2024-05-10
U0512,A054,3.5,2024-02-27
U0512,A030,3.5,2024-11-16
U0512,A026,4.0,2024-08-26
U0512,A046,4.0,2024-08-06
U0512,A044,3.0,2024-10-26
U0512,A003,3.0,2024-03-27
U0513,A024,4.5,2024-05-21
U0513,A017,4.5,2024-05-08
U0513,A045,3.5,2024-11-23
U0513,A046,3.5,2024-09-17
U0513,A022,3.5,2024-06-17
U0513,A019,3.5,2024-08-02
U0513,A016,2.0,2024-12-07
U0513,A039,3.0,2024-05-08
U0513,A042,2.5,2024-07-01
U0513,A048,3.0,2024-02-12
U0513,A059,3.0,2024-01-07
U0513,A027,4.5,2024-02-21
U0513,A010,4.0,2024-09-05
U0513,A012,3.5,2024-05-04
U0513,A014,3.0,2024-10-26
U0514,A055,4.0,2024-03-01
U0514,A002,3.5,2024-05-02
U0514,A032,3.0,2024-07-03
U0514,A034,2.5,2024-10-24
U0514,A054,2.5,2024-12-10
U0514,A017,1.5,2024-12-29
U0514,A045,3.0,2024-11-05
U0514,A047,4.0,2024-08-03
U0514,A022,3.5,2024-07-20
U0514,A057,3.0,2024-01-21
U0514,A021,2.5,2024-06-26
U0514,A037,4.0,2024-11-27
U0514,A011,3.0,2024-08-13
U0514,A010,4.0,2024-08-23
U0514,A029,2.5,2024-10-20
U0515,A044,3.5,2024-02-20
U0515,A007,2.0,2024-05-29
U0515,A034,1.5,2024-07-30
U0515,A060,3.0,2024-01-15
U0515,A031,3.5,2024-08-21
U0515,A001,3.5,2024-05-09
U0515,A033,4.0,2024-07-02
U0515,A011,3.0,2024-12-15
U0516,A028,3.0,2024-07-24
U0516,A012,3.5,2024-06-27
U0516,A001,2.5,2024-03-29
U0516,A033,3.0,2024-09-12
U0516,A060,3.0,2024-02-15
U0516,A021,2.5,2024-06-19
U0516,A006,3.0,2024-06-29
U0516,A038,3.5,2024-11-11
U0516,A044,3.0,2024-10-02
U0516,A059,3.0,2024-04-26
U0516,A058,2.5,2024-06-11
U0516,A004,4.5,2024-06-05
U0516,A035,2.5,2024-02-21
U0517,A051,2.0,2024-08-12
U0517,A036,2.0,2024-07-04
U0517,A060,2.5,2024-03-22
U0517,A015,4.0,2024-03-27
U0517,A042,5.0,2024-06-14
U0517,A037,3.0,2024-01-09
U0517,A038,5.0,2024-02-27
U0517,A044,3.5,2024-04-07
U0517,A052,2.0,2024-10-24
U0518,A028,3.5,2024-02-23
U0518,A032,3.5,2024-05-30
U0518,A045,4.0,2024-11-10
U0518,A057,3.5,2024-10-18
U0518,A022,3.0,2024-02-12
U0518,A060,4.0,2024-06-14
U0518,A016,3.5,2024-04-25
U0518,A053,4.5,2024-08-14
U0518,A058,3.5,2024-01-21
U0518,A027,3.0,2024-05-05
U0518,A035,2.0,2024-10-07
U0518,A014,2.5,2024-03-20
U0519,A054,3.0,2024-07-31
U0519,A026,1.5,2024-10-11
U0519,A046,2.0,2024-10-09
U0519,A057,2.5,2024-10-17
U0519,A042,3.0,2024-04-08
U0519,A004,4.0,2024-07-30
U0519,A039,2.0,2024-04-05
U0519,A008,2.5,2024-09-22
U0519,A058,3.0,2024-10-24
U0519,A003,2.5,2024-07-23
U0519,A010,3.0,2024-11-17
U0519,A035,3.5,2024-10-21
U0520,A018,2.5,2024-10-01
U0520,A007,4.5,2024-06-09
U0520,A040,2.5,2024-02-23
U0520,A060,4.5,2024-11-05
U0520,A043,3.5,2024-04-26
U0520,A048,3.0,2024-06-27
U0520,A042,3.5,2024-12-25
U0520,A009,3.5,2024-11-26
U0520,A006,4.5,2024-10-10
U0520,A021,2.0,2024-04-24
U0520,A044,3.0,2024-08-26
U0520,A059,4.0,2024-05-17
U0520,A058,3.5,2024-10-21
U0520,A012,3.5,2024-01-28
U0521,A032,3.0,2024-01-15
U0521,A036,3.0,2024-11-02
U0521,A030,4.0,2024-09-08
U0521,A057,2.0,2024-08-08
U0521,A046,2.0,2024-12-26
U0521,A060,4.0,2024-03-09
U0521,A015,2.5,2024-07-21
U0521,A013,3.0,2024-04-20
U0521,A043,3.0,2024-12-04
U0521,A023,2.5,2024-08-19
U0521,A006,2.5,2024-06-07
U0521,A022,4.0,2024-10-02
U0521,A048,3.5,2024-12-22
U0521,A049,3.0,2024-12-11
U0521,A035,3.0,2024-06-04
U0522,A028,3.0,2024-03-23
U0522,A024,3.5,2024-04-09
U0522,A036,1.5,2024-05-07
U0522,A040,2.5,2024-11-03
U0522,A057,2.5,2024-04-01
U0522,A022,4.0,2024-04-02
U0522,A019,2.5,2024-01-16
U0522,A050,3.5,2024-11-28
U0522,A009,3.0,2024-09-10
U0522,A039,4.0,2024-03-02
U0522,A058,3.5,2024-06-18
U0522,A012,3.0,2024-02-15
U0522,A029,3.0,2024-02-18
U0523,A018,2.5,2024-09-12
U0523,A024,3.0,2024-02-16
U0523,A036,4.0,2024-04-04
U0523,A030,4.0,2024-05-13
U0523,A045,3.0,2024-07-24
U0523,A022,2.0,2024-04-12
U0523,A041,3.5,2024-04-26
U0523,A043,4.5,2024-06-28
U0523,A037,3.0,2024-11-27
U0523,A033,3.0,2024-11-20
U0523,A058,3.0,2024-02-11
U0523,A027,3.5,2024-06-22
U0523,A012,4.5,2024-08-19
U0523,A029,2.5,2024-02-18
U0524,A002,3.0,2024-10-15
U0524,A005,2.0,2024-07-10
U0524,A019,5.0,2024-02-05
U0524,A057,2.5,2024-03-29
U0524,A031,3.0,2024-04-06
U0524,A041,3.0,2024-11-21
U0524,A013,2.5,2024-11-13
U0524,A023,3.0,2024-09-12
U0524,A006,2.5,2024-04-03
U0524,A039,3.5,2024-10-01
U0524,A010,3.0,2024-04-21
U0524,A052,3.5,2024-06-25
U0525,A055,2.5,2024-03-02
U0525,A018,3.0,2024-06-08
U0525,A025,3.0,2024-05-29
U0525,A046,2.5,2024-02-25
U0525,A057,2.5,2024-06-27
U0525,A015,2.5,2024-12-15
U0525,A021,4.5,2024-04-02
U0525,A056,2.5,2024-10-29
U0525,A039,4.0,2024-09-22
U0526,A007,2.5,2024-08-17
U0526,A030,3.0,2024-02-29
U0526,A046,3.5,2024-12-08
U0526,A042,3.5,2024-10-10
U0526,A021,2.0,2024-02-03
U0526,A056,4.5,2024-06-22
U0526,A048,2.5,2024-05-06
U0526,A059,4.5,2024-07-06
U0526,A058,3.0,2024-03-13
U0526,A010,3.0,2024-05-02
U0527,A001,3.5,2024-07-25
U0527,A024,4.0,2024-08-10
U0527,A018,3.0,2024-07-12
U0527,A025,3.5,2024-02-12
U0527,A054,3.5,2024-09-08
U0527,A040,4.0,2024-01-13
U0527,A046,2.0,2024-09-08
U0527,A031,3.0,2024-02-23
U0527,A060,3.0,2024-06-13
U0527,A026,1.5,2024-10-14
U0527,A043,2.5,2024-09-04
U0527,A019,2.5,2024-11-08
U0527,A006,4.0,2024-07-18
U0527,A044,2.5,2024-06-05
U0527,A058,2.5,2024-09-11
U0528,A055,3.5,2024-07-16
U0528,A028,2.5,2024-04-06
U0528,A051,2.5,2024-06-29
U0528,A047,3.5,2024-10-02
U0528,A057,2.0,2024-01-27
U0528,A031,2.0,2024-12-16
U0528,A041,3.5,2024-08-10
U0528,A013,3.5,2024-09-17
U0528,A021,3.5,2024-09-25
U0528,A004,2.5,2024-04-01
U0528,A001,4.0,2024-09-17
U0528,A059,4.0,2024-07-08
U0529,A024,3.0,2024-04-14
U0529,A015,3.5,2024-09-10
U0529,A050,1.5,2024-04-15
U0529,A004,2.0,2024-10-19
U0529,A044,3.0,2024-11-23
U0529,A008,4.5,2024-11-09
U0529,A012,2.5,2024-01-08
U0529,A014,3.0,2024-01-24
U0530,A034,4.5,2024-11-14
U0530,A011,3.0,2024-12-08
U0530,A026,2.5,2024-05-12
U0530,A045,3.5,2024-08-04
U0530,A015,3.0,2024-12-14
U0530,A013,2.5,2024-10-19
U0530,A050,3.5,2024-12-29
U0530,A037,3.5,2024-11-16
U0530,A006,3.5,2024-06-07
U0530,A044,3.0,2024-04-14
U0530,A058,3.5,2024-11-30
U0530,A049,2.5,2024-05-19
U0530,A035,3.0,2024-07-28
U0530,A014,3.5,2024-12-19
U0531,A005,3.0,2024-01-22
U0531,A045,4.0,2024-12-22
U0531,A019,4.0,2024-08-17
U0531,A031,2.5,2024-03-06
U0531,A020,4.0,2024-12-05
U0531,A016,3.5,2024-12-19
U0531,A056,3.0,2024-04-24
U0531,A059,3.0,2024-02-06
U0532,A018,3.5,2024-05-25
U0532,A024,2.5,2024-10-01
U0532,A040,4.0,2024-05-26
U0532,A060,3.5,2024-05-25
U0532,A020,3.0,2024-10-18
U0532,A041,2.5,2024-05-13
U0532,A043,3.0,2024-02-25
U0532,A009,2.5,2024-03-02
U0532,A003,3.5,2024-07-21
U0533,A055,3.0,2024-01-20
U0533,A002,3.0,2024-07-17
U0533,A047,1.5,2024-04-04
U0533,A046,2.5,2024-02-12
U0533,A060,3.0,2024-12-21
U0533,A015,3.0,2024-02-04
U0533,A016,2.5,2024-05-03
U0533,A042,3.5,2024-08-11
U0533,A009,3.5,2024-11-11
U0533,A038,2.0,2024-07-08
U0533,A048,5.0,2024-08-12
U0534,A018,4.5,2024-06-28
U0534,A005,2.5,2024-08-24
U0534,A034,3.5,2024-04-12
U0534,A025,3.0,2024-11-25
U0534,A057,3.0,2024-01-29
U0534,A031,4.0,2024-07-19
U0534,A020,4.0,2024-07-13
U0534,A056,3.0,2024-03-19
U0534,A044,3.5,2024-05-29
U0534,A003,3.5,2024-09-15
U0535,A032,4.5,2024-10-12
U0535,A043,3.5,2024-03-23
U0535,A016,3.0,2024-03-14
U0535,A042,4.0,2024-10-07
U0535,A023,3.5,2024-06-11
U0535,A006,3.0,2024-01-30
U0535,A038,3.0,2024-02-27
U0535,A058,3.5,2024-12-16
U0535,A004,3.0,2024-02-03
U0536,A055,3.0,2024-10-17
U0536,A018,5.0,2024-03-02
U0536,A001,4.0,2024-04-24
U0536,A032,3.0,2024-11-17
U0536,A034,2.5,2024-01-19
U0536,A036,2.5,2024-10-15
U0536,A045,2.5,2024-10-06
U0536,A031,3.0,2024-02-07
U0536,A041,2.5,2024-01-11
U0536,A013,3.0,2024-11-28
U0536,A056,3.5,2024-08-31
U0536,A039,2.5,2024-10-19
U0536,A058,3.0,2024-11-26
U0536,A029,3.0,2024-07-16
U0537,A017,3.5,2024-07-03
U0537,A054,4.5,2024-04-24
U0537,A046,2.5,2024-03-14
U0537,A022,3.0,2024-05-26
U0537,A060,3.5,2024-11-22
U0537,A016,4.0,2024-03-30
U0537,A037,3.5,2024-07-17
U0537,A009,3.5,2024-05-11
U0537,A038,3.0,2024-03-23
U0537,A044,3.0,2024-07-07
U0537,A011,5.0,2024-01-11
U0537,A003,4.0,2024-08-09
U0538,A025,2.5,2024-08-19
U0538,A026,2.5,2024-08-15
U0538,A045,3.5,2024-07-17
U0538,A060,4.0,2024-08-25
U0538,A020,2.5,2024-07-05
U0538,A021,3.5,2024-06-21
U0538,A023,3.0,2024-06-15
U0538,A042,1.5,2024-12-06
U0538,A059,3.0,2024-07-23
U0538,A003,2.0,2024-03-09
U0538,A012,4.0,2024-09-28
U0538,A029,4.0,2024-04-15
U0539,A034,2.5,2024-02-25
U0539,A025,3.5,2024-10-04
U0539,A054,2.5,2024-11-29
U0539,A045,2.0,2024-08-19
U0539,A026,3.5,2024-06-02
U0539,A060,4.5,2024-11-15
U0539,A022,3.0,2024-07-30
U0539,A044,2.0,2024-01-27
U0539,A059,3.0,2024-04-12
U0539,A058,2.5,2024-04-21
U0539,A027,3.5,2024-06-21
U0540,A051,3.0,2024-12-14
U0540,A047,3.0,2024-10-15
U0540,A034,3.0,2024-03-20
U0540,A030,2.0,2024-11-24
U0540,A060,4.0,2024-07-24
U0540,A041,3.0,2024-10-21
U0540,A053,2.0,2024-04-11
U0540,A037,1.5,2024-03-18
U0540,A033,1.5,2024-07-29
U0540,A010,3.5,2024-06-11
U0541,A044,4.5,2024-02-03
U0541,A024,2.5,2024-07-04
U0541,A005,2.5,2024-11-15
U0541,A047,2.0,2024-06-10
U0541,A054,3.0,2024-10-25
U0541,A036,2.5,2024-08-16
U0541,A057,4.0,2024-08-31
U0541,A041,3.0,2024-06-22
U0541,A015,3.5,2024-12-26
U0541,A013,3.0,2024-03-30
U0541,A042,2.0,2024-05-28
U0541,A004,2.0,2024-06-04
U0541,A039,2.5,2024-02-21
U0541,A052,3.0,2024-10-14
U0541,A014,3.5,2024-03-22
U0542,A002,3.5,2024-08-15
U0542,A032,3.0,2024-02-19
U0542,A030,2.5,2024-01-21
U0542,A045,4.0,2024-03-10
U0542,A060,1.5,2024-07-14
U0542,A041,2.5,2024-08-30
U0542,A016,3.0,2024-07-13
U0542,A033,4.5,2024-09-01
U0542,A058,3.5,2024-03-28
U0542,A059,2.0,2024-01-11
U0543,A049,3.5,2024-02-26
U0543,A024,4.0,2024-12-08
U0543,A036,4.0,2024-04-10
U0543,A054,3.5,2024-11-20
U0543,A040,4.0,2024-06-13
U0543,A057,3.0,2024-05-29
U0543,A015,3.5,2024-12-30
U0543,A037,3.0,2024-02-12
U0543,A006,4.5,2024-06-30
U0543,A008,3.5,2024-11-04
U0543,A058,4.0,2024-09-10
U0543,A027,3.0,2024-01-09
U0543,A052,4.5,2024-11-14
U0544,A028,3.5,2024-08-09
U0544,A055,3.0,2024-06-21
U0544,A008,4.0,2024-01-21
U0544,A051,3.5,2024-05-19
U0544,A017,3.0,2024-12-02
U0544,A047,2.0,2024-08-22
U0544,A026,2.5,2024-12-03
U0544,A020,2.0,2024-02-11
U0544,A023,3.0,2024-06-19
U0544,A033,2.5,2024-10-09
U0544,A058,3.0,2024-01-17
U0544,A059,3.5,2024-03-07
U0544,A003,4.5,2024-11-15
U0544,A035,3.5,2024-01-06
U0545,A007,3.5,2024-12-22
U0545,A005,3.0,2024-07-11
U0545,A019,2.5,2024-06-20
U0545,A020,3.0,2024-07-06
U0545,A016,4.0,2024-09-19
U0545,A037,3.0,2024-08-05
U0545,A023,2.5,2024-07-27
U0545,A059,2.0,2024-12-28
U0546,A018,4.0,2024-03-06
U0546,A024,4.0,2024-02-24
U0546,A034,3.5,2024-05-04
U0546,A017,2.0,2024-02-08
U0546,A046,3.0,2024-03-31
U0546,A031,3.5,2024-07-10
U0546,A041,3.5,2024-02-03
U0546,A009,3.0,2024-03-19
U0546,A008,4.0,2024-10-19
U0546,A059,2.5,2024-05-01
U0546,A027,3.0,2024-02-14
U0546,A035,3.5,2024-02-08
U0546,A014,3.0,2024-01-05
U0547,A032,3.5,2024-02-11
U0547,A025,1.5,2024-04-05
U0547,A036,3.0,2024-02-16
U0547,A046,2.5,2024-02-16
U0547,A057,3.0,2024-01-02
U0547,A013,4.0,2024-08-09
U0547,A033,3.5,2024-12-17
U0547,A058,4.0,2024-04-29
U0548,A018,2.5,2024-08-28
U0548,A030,2.5,2024-05-27
U0548,A040,3.5,2024-12-12
U0548,A046,3.0,2024-10-30
U0548,A021,2.5,2024-02-01
U0548,A037,4.0,2024-08-14
U0548,A023,4.0,2024-04-04
U0548,A050,3.0,2024-09-16
U0548,A004,3.0,2024-01-04
U0548,A033,2.0,2024-02-10
U0548,A011,2.5,2024-03-31
U0549,A002,4.0,2024-11-21
U0549,A026,2.5,2024-10-30
U0549,A016,1.5,2024-05-31
U0549,A037,3.0,2024-11-03
U0549,A035,3.0,2024-07-30
U0549,A006,3.0,2024-09-16
U0549,A033,2.5,2024-11-23
U0549,A058,2.0,2024-05-26
U0549,A049,2.5,2024-04-21
U0549,A012,3.0,2024-08-06
U0549,A014,2.5,2024-05-08
U0550,A051,3.0,2024-08-16
U0550,A005,3.5,2024-01-07
U0550,A054,4.0,2024-12-11
U0550,A036,4.0,2024-02-15
U0550,A031,3.5,2024-06-12
U0550,A060,2.5,2024-10-28
U0550,A048,3.0,2024-07-04
U0550,A042,4.5,2024-12-23
U0550,A056,3.5,2024-12-14
U0550,A039,5.0,2024-11-06
U0550,A011,3.0,2024-12-13
U0550,A049,5.0,2024-02-03
U0550,A014,3.0,2024-10-18
U0551,A028,3.0,2024-12-19
U0551,A036,3.5,2024-06-29
U0551,A030,3.5,2024-07-28
U0551,A046,4.0,2024-08-26
U0551,A043,4.0,2024-08-24
U0551,A016,2.0,2024-06-15
U0551,A039,3.0,2024-07-25
U0551,A042,2.5,2024-08-25
U0551,A044,3.5,2024-08-25
U0551,A049,4.0,2024-08-19
U0551,A010,3.5,2024-03-19
U0551,A052,3.0,2024-03-13
U0552,A028,3.0,2024-04-21
U0552,A018,2.5,2024-02-18
U0552,A007,4.0,2024-01-09
U0552,A047,2.5,2024-07-19
U0552,A025,2.5,2024-08-29
U0552,A045,1.5,2024-03-17
U0552,A019,2.0,2024-05-18
U0552,A031,2.5,2024-06-21
U0552,A003,3.0,2024-04-11
U0552,A033,3.5,2024-01-12
U0552,A058,2.0,2024-09-11
U0552,A049,3.5,2024-07-19
U0552,A010,3.5,2024-03-22
U0552,A029,3.5,2024-06-04
U0553,A007,3.5,2024-02-04
U0553,A002,3.5,2024-06-14
U0553,A034,4.0,2024-12-27
U0553,A030,3.0,2024-09-01
U0553,A060,4.0,2024-11-07
U0553,A020,2.5,2024-05-28
U0553,A015,3.5,2024-03-13
U0553,A013,3.5,2024-04-30
U0553,A042,2.0,2024-09-22
U0553,A056,3.0,2024-09-10
U0553,A044,3.5,2024-04-20
U0553,A012,3.0,2024-08-01
U0554,A018,3.5,2024-01-10
U0554,A024,3.0,2024-08-16
U0554,A005,1.5,2024-07-08
U0554,A051,4.0,2024-08-01
U0554,A045,3.5,2024-05-06
U0554,A057,3.0,2024-04-17
U0554,A022,3.0,2024-06-16
U0554,A060,3.0,2024-12-18
U0554,A015,3.0,2024-04-29
U0554,A013,2.0,2024-06-09
U0554,A056,4.5,2024-11-20
U0554,A033,3.5,2024-08-31
U0554,A058,2.0,2024-05-23
U0554,A059,2.5,2024-10-11
U0554,A052,3.5,2024-06-23
U0555,A012,3.5,2024-09-18
U0555,A025,3.0,2024-02-18
U0555,A034,4.0,2024-07-15
U0555,A030,4.0,2024-03-16
U0555,A026,4.0,2024-11-15
U0555,A022,3.0,2024-06-13
U0555,A020,2.5,2024-02-11
U0555,A016,5.0,2024-09-27
U0555,A013,3.5,2024-09-08
U0555,A056,2.5,2024-08-24
U0555,A059,5.0,2024-11-04
U0555,A058,3.5,2024-05-16
U0555,A052,1.5,2024-02-04
U0556,A055,3.0,2024-05-19
U0556,A018,3.0,2024-06-12
U0556,A033,3.0,2024-09-05
U0556,A025,2.5,2024-06-09
U0556,A054,2.5,2024-11-05
U0556,A034,3.0,2024-10-01
U0556,A045,3.0,2024-04-12
U0556,A046,3.5,2024-11-26
U0556,A050,3.0,2024-04-06
U0556,A023,4.0,2024-11-01
U0556,A006,4.0,2024-11-05
U0556,A004,3.5,2024-03-02
U0556,A001,4.0,2024-05-31
U0556,A059,2.5,2024-02-01
U0556,A012,2.0,2024-04-09
U0557,A018,3.5,2024-08-26
U0557,A007,4.0,2024-03-16
U0557,A019,3.0,2024-08-16
U0557,A057,2.0,2024-11-16
U0557,A043,4.5,2024-07-14
U0557,A013,3.5,2024-10-11
U0557,A042,3.5,2024-03-21
U0557,A004,4.0,2024-10-31
U0557,A058,2.5,2024-08-15
U0557,A027,3.0,2024-06-09
U0557,A035,4.0,2024-02-25
U0557,A029,2.5,2024-05-20
U0558,A018,3.0,2024-06-10
U0558,A025,3.0,2024-07-11
U0558,A047,2.5,2024-10-08
U0558,A036,2.5,2024-01-14
U0558,A026,2.0,2024-11-17
U0558,A046,3.0,2024-08-10
U0558,A057,3.0,2024-11-26
U0558,A041,2.0,2024-06-14
U0558,A023,3.5,2024-07-21
U0558,A035,2.5,2024-04-01
U0558,A038,3.5,2024-06-16
U0558,A059,3.5,2024-11-09
U0558,A052,4.0,2024-01-18
U0558,A049,4.0,2024-11-25
U0558,A012,4.0,2024-05-24
U0559,A055,3.5,2024-07-01
U0559,A008,3.0,2024-06-22
U0559,A032,3.5,2024-02-11
U0559,A047,3.5,2024-07-30
U0559,A025,3.0,2024-06-24
U0559,A036,2.5,2024-02-05
U0559,A057,2.5,2024-09-09
U0559,A031,3.0,2024-07-24
U0559,A041,3.0,2024-10-06
U0559,A048,2.5,2024-02-01
U0559,A033,3.5,2024-09-25
U0559,A058,3.0,2024-08-01
U0559,A010,2.5,2024-11-24
U0560,A055,3.5,2024-01-22
U0560,A047,4.0,2024-01-22
U0560,A058,2.0,2024-04-22
U0560,A040,4.0,2024-04-29
U0560,A060,2.5,2024-03-19
U0560,A031,3.0,2024-03-11
U0560,A016,2.0,2024-09-13
U0560,A020,4.0,2024-06-12
U0560,A023,3.0,2024-06-14
U0560,A004,3.5,2024-07-17
U0560,A033,3.0,2024-11-20
U0560,A059,3.5,2024-12-09
U0560,A049,3.0,2024-07-21
U0560,A014,4.0,2024-01-10
U0561,A055,3.5,2024-10-25
U0561,A002,2.0,2024-09-08
U0561,A047,2.5,2024-01-04
U0561,A013,3.5,2024-06-27
U0561,A042,3.5,2024-12-25
U0561,A037,2.5,2024-02-11
U0561,A050,2.5,2024-10-24
U0561,A056,4.0,2024-07-07
U0561,A038,4.0,2024-09-17
U0561,A039,3.0,2024-03-25
U0561,A011,1.5,2024-07-22
U0561,A004,5.0,2024-04-18
U0562,A055,3.0,2024-04-10
U0562,A018,4.0,2024-06-16
U0562,A017,3.5,2024-05-13
U0562,A045,2.5,2024-07-20
U0562,A042,1.0,2024-03-02
U0562,A056,3.0,2024-11-29
U0562,A039,3.5,2024-05-26
U0562,A059,2.0,2024-08-19
U0562,A003,3.0,2024-01-15
U0562,A035,3.0,2024-08-16
U0563,A001,3.0,2024-11-27
U0563,A024,2.0,2024-11-16
U0563,A005,2.5,2024-04-27
U0563,A034,2.5,2024-10-17
U0563,A040,1.5,2024-05-09
U0563,A031,4.0,2024-04-21
U0563,A022,4.0,2024-09-18
U0563,A020,3.0,2024-01-13
U0563,A050,3.5,2024-06-07
U0563,A053,2.0,2024-01-07
U0563,A004,3.0,2024-04-20
U0563,A044,2.5,2024-04-02
U0563,A058,3.5,2024-06-19
U0563,A012,1.0,2024-04-15
U0564,A055,3.0,2024-01-01
U0564,A001,3.5,2024-06-04
U0564,A030,4.5,2024-08-15
U0564,A040,3.0,2024-07-14
U0564,A057,4.0,2024-10-17
U0564,A060,3.0,2024-03-22
U0564,A043,2.5,2024-02-19
U0564,A039,2.0,2024-01-28
U0564,A042,3.5,2024-07-07
U0564,A023,4.0,2024-04-20
U0564,A038,2.5,2024-11-26
U0564,A044,4.5,2024-04-07
U0564,A033,2.5,2024-08-04
U0564,A027,3.5,2024-07-09
U0564,A029,4.0,2024-02-08
U0565,A024,5.0,2024-03-30
U0565,A032,2.0,2024-01-08
U0565,A034,4.5,2024-02-27
U0565,A047,3.5,2024-02-14
U0565,A030,3.5,2024-04-30
U0565,A019,3.0,2024-08-21
U0565,A043,3.5,2024-10-23
U0565,A020,3.0,2024-12-21
U0565,A023,2.5,2024-10-12
U0565,A039,3.5,2024-05-19
U0565,A058,4.0,2024-05-18
U0565,A035,2.5,2024-01-12
U0566,A007,2.5,2024-02-02
U0566,A047,3.0,2024-05-23
U0566,A057,3.5,2024-12-29
U0566,A046,2.5,2024-05-24
U0566,A015,3.0,2024-09-02
U0566,A050,1.5,2024-04-13
U0566,A053,4.0,2024-05-16
U0566,A037,2.0,2024-01-13
U0566,A038,2.5,2024-12-09
U0566,A001,4.0,2024-05-19
U0566,A011,3.0,2024-04-06
U0566,A049,2.0,2024-04-30
U0566,A010,3.5,2024-12-19
U0566,A012,3.5,2024-08-17
U0566,A029,2.5,2024-01-01
U0567,A028,3.0,2024-11-02
U0567,A017,2.5,2024-07-07
U0567,A030,4.0,2024-08-21
U0567,A026,4.0,2024-08-29
U0567,A048,3.5,2024-10-05
U0567,A037,2.0,2024-03-24
U0567,A039,3.5,2024-07-10
U0567,A010,3.5,2024-12-03
U0568,A018,4.0,2024-11-04
U0568,A045,4.5,2024-05-09
U0568,A019,2.5,2024-03-11
U0568,A022,2.5,2024-06-19
U0568,A041,3.0,2024-07-02
U0568,A043,3.0,2024-11-26
U0568,A015,4.0,2024-08-26
U0568,A046,3.0,2024-08-18
U0568,A037,2.5,2024-10-03
U0568,A057,4.0,2024-12-14
U0568,A044,2.0,2024-03-25
U0568,A008,3.0,2024-01-22
U0568,A012,2.5,2024-06-24
U0569,A036,3.5,2024-02-23
U0569,A019,2.5,2024-10-21
U0569,A016,2.5,2024-01-03
U0569,A021,3.0,2024-05-10
U0569,A009,3.5,2024-10-08
U0569,A037,3.0,2024-12-06
U0569,A023,4.0,2024-03-25
U0569,A056,3.5,2024-04-26
U0569,A049,4.0,2024-12-16
U0569,A014,3.0,2024-12-29
U0570,A002,3.0,2024-11-23
U0570,A032,3.5,2024-11-25
U0570,A036,3.0,2024-08-20
U0570,A019,2.5,2024-03-20
U0570,A045,2.0,2024-12-21
U0570,A016,2.5,2024-04-06
U0570,A021,2.5,2024-01-01
U0570,A037,2.0,2024-09-15
U0570,A006,2.5,2024-02-25
U0570,A050,3.5,2024-09-10
U0570,A044,4.0,2024-03-14
U0570,A008,3.5,2024-02-06
U0570,A012,4.0,2024-12-21
U0571,A001,4.0,2024-04-05
U0571,A007,4.0,2024-12-14
U0571,A024,3.0,2024-02-06
U0571,A051,2.5,2024-02-04
U0571,A034,3.0,2024-05-09
U0571,A047,3.0,2024-08-19
U0571,A040,3.5,2024-03-01
U0571,A043,2.0,2024-08-04
U0571,A016,3.0,2024-07-02
U0571,A050,3.0,2024-12-04
U0571,A009,3.5,2024-07-25
U0571,A039,3.5,2024-01-06
U0572,A044,3.5,2024-06-28
U0572,A051,4.5,2024-01-16
U0572,A034,2.5,2024-05-10
U0572,A054,3.5,2024-12-24
U0572,A030,2.5,2024-08-30
U0572,A019,2.0,2024-07-15
U0572,A057,3.0,2024-10-02
U0572,A060,2.5,2024-02-20
U0572,A001,3.0,2024-08-04
U0572,A059,4.5,2024-12-18
U0572,A011,3.5,2024-10-27
U0572,A029,4.0,2024-11-13
U0573,A044,4.0,2024-11-05
U0573,A024,3.0,2024-08-28
U0573,A032,4.0,2024-01-18
U0573,A034,4.5,2024-06-14
U0573,A019,3.0,2024-06-07
U0573,A046,3.0,2024-10-09
U0573,A031,2.5,2024-12-26
U0573,A043,3.0,2024-08-19
U0573,A026,3.5,2024-04-20
U0573,A037,4.5,2024-11-10
U0573,A038,2.5,2024-07-29
U0573,A001,3.5,2024-02-18
U0573,A011,2.0,2024-01-06
U0574,A055,2.5,2024-11-30
U0574,A033,3.0,2024-01-25
U0574,A032,3.5,2024-05-09
U0574,A051,4.0,2024-10-26
U0574,A030,3.5,2024-03-01
U0574,A057,5.0,2024-12-23
U0574,A037,4.0,2024-09-21
U0574,A009,3.5,2024-09-08
U0574,A056,4.0,2024-03-30
U0574,A008,3.5,2024-08-19
U0575,A018,4.0,2024-05-07
U0575,A032,4.0,2024-01-03
U0575,A047,3.0,2024-07-17
U0575,A046,4.0,2024-11-30
U0575,A060,4.0,2024-03-31
U0575,A053,4.0,2024-07-11
U0575,A042,2.0,2024-01-23
U0575,A033,3.0,2024-06-03
U0575,A058,2.5,2024-04-03
U0575,A027,3.5,2024-04-24
U0575,A010,2.0,2024-06-23
U0575,A014,2.0,2024-12-15
U0576,A055,2.0,2024-08-02
U0576,A018,5.0,2024-08-30
U0576,A024,2.5,2024-01-18
U0576,A032,3.5,2024-05-22
U0576,A036,3.5,2024-08-11
U0576,A030,3.5,2024-10-12
U0576,A046,3.5,2024-12-25
U0576,A057,3.5,2024-08-04
U0576,A053,3.0,2024-02-04
U0576,A023,3.0,2024-02-03
U0576,A004,3.0,2024-02-14
U0576,A048,3.5,2024-05-14
U0576,A033,2.0,2024-12-06
U0576,A058,3.5,2024-07-02
U0576,A012,3.0,2024-08-31
U0577,A055,3.5,2024-07-30
U0577,A008,3.5,2024-02-29
U0577,A002,3.0,2024-10-13
U0577,A034,2.0,2024-01-21
U0577,A036,4.0,2024-04-28
U0577,A040,3.5,2024-04-13
U0577,A060,3.0,2024-03-16
U0577,A043,3.0,2024-06-02
U0577,A023,2.0,2024-03-09
U0577,A056,2.5,2024-12-25
U0577,A004,3.5,2024-07-19
U0577,A033,3.0,2024-01-06
U0577,A011,3.0,2024-07-09
U0577,A003,3.0,2024-01-31
U0578,A024,2.5,2024-09-02
U0578,A017,4.5,2024-04-19
U0578,A057,3.0,2024-04-06
U0578,A041,3.0,2024-12-05
U0578,A016,3.0,2024-08-31
U0578,A009,2.0,2024-09-01
U0578,A059,4.0,2024-09-02
U0578,A010,2.5,2024-04-19
U0579,A024,3.0,2024-09-19
U0579,A011,4.0,2024-02-07
U0579,A040,3.0,2024-10-16
U0579,A019,2.5,2024-03-25
U0579,A060,3.0,2024-05-06
U0579,A015,4.0,2024-11-16
U0579,A009,3.0,2024-07-30
U0579,A058,3.0,2024-11-16
U0579,A003,2.5,2024-07-04
U0580,A007,2.5,2024-03-06
U0580,A051,4.0,2024-09-02
U0580,A036,3.0,2024-11-10
U0580,A054,4.0,2024-09-17
U0580,A045,4.0,2024-07-27
U0580,A057,2.5,2024-11-26
U0580,A060,3.0,2024-11-21
U0580,A042,2.0,2024-03-21
U0580,A001,3.0,2024-05-03
U0580,A059,3.0,2024-11-02
U0580,A058,3.5,2024-09-23
U0581,A024,3.0,2024-08-25
U0581,A051,2.5,2024-11-28
U0581,A017,3.5,2024-06-23
U0581,A036,3.5,2024-06-04
U0581,A045,4.0,2024-10-01
U0581,A057,2.0,2024-11-05
U0581,A015,4.0,2024-06-16
U0581,A013,3.0,2024-06-06
U0581,A037,4.0,2024-08-28
U0581,A038,3.0,2024-09-18
U0581,A048,3.5,2024-09-06
U0581,A014,2.5,2024-07-16
U0582,A028,4.0,2024-10-31
U0582,A005,3.0,2024-09-19
U0582,A054,2.0,2024-04-26
U0582,A036,3.0,2024-06-09
U0582,A046,3.0,2024-06-14
U0582,A057,3.0,2024-05-02
U0582,A043,3.0,2024-10-16
U0582,A021,3.0,2024-04-07
U0582,A048,3.5,2024-06-27
U0582,A027,3.5,2024-06-05
U0583,A028,3.0,2024-04-14
U0583,A005,3.0,2024-08-24
U0583,A034,2.0,2024-10-24
U0583,A051,3.0,2024-09-23
U0583,A045,1.5,2024-03-29
U0583,A043,2.5,2024-03-01
U0583,A006,3.0,2024-05-29
U0583,A056,4.0,2024-11-22
U0583,A059,4.0,2024-05-06
U0583,A003,3.0,2024-04-15
U0583,A029,3.0,2024-11-02
U0584,A028,3.5,2024-03-04
U0584,A051,2.5,2024-07-11
U0584,A005,2.5,2024-10-08
U0584,A046,3.5,2024-07-20
U0584,A060,3.0,2024-01-02
U0584,A050,4.0,2024-02-04
U0584,A037,1.5,2024-04-06
U0584,A059,3.0,2024-05-10
U0584,A058,2.5,2024-09-10
U0584,A049,3.5,2024-08-20
U0584,A010,3.0,2024-10-08
U0584,A027,2.5,2024-10-25
U0584,A014,3.5,2024-05-21
U0585,A028,4.5,2024-01-28
U0585,A007,5.0,2024-01-22
U0585,A054,3.5,2024-02-05
U0585,A040,4.0,2024-05-22
U0585,A022,3.5,2024-02-25
U0585,A043,3.0,2024-10-07
U0585,A016,2.5,2024-10-01
U0585,A048,3.5,2024-05-17
U0585,A053,3.0,2024-03-06
U0585,A041,2.0,2024-02-19
U0585,A038,2.5,2024-12-17
U0585,A001,3.0,2024-08-04
U0585,A049,3.5,2024-04-14
U0585,A052,3.5,2024-01-21
U0586,A002,3.5,2024-04-28
U0586,A005,3.0,2024-04-22
U0586,A036,3.5,2024-11-12
U0586,A026,2.5,2024-11-05
U0586,A057,3.5,2024-10-19
U0586,A022,3.5,2024-05-16
U0586,A059,3.5,2024-10-09
U0586,A029,3.0,2024-06-30
U0587,A028,4.5,2024-03-04
U0587,A024,4.5,2024-02-18
U0587,A034,3.5,2024-05-06
U0587,A003,2.5,2024-07-27
U0587,A031,3.5,2024-04-23
U0587,A053,2.5,2024-05-03
U0587,A023,3.5,2024-08-23
U0587,A038,3.0,2024-11-08
U0587,A058,4.5,2024-03-25
U0587,A049,4.5,2024-03-29
U0587,A027,2.5,2024-04-22
U0588,A007,2.5,2024-08-14
U0588,A024,3.5,2024-03-17
U0588,A032,3.0,2024-07-15
U0588,A040,3.5,2024-11-10
U0588,A046,3.5,2024-07-13
U0588,A031,3.5,2024-01-12
U0588,A022,3.0,2024-10-04
U0588,A016,3.0,2024-05-19
U0588,A060,2.5,2024-04-15
U0588,A037,2.5,2024-12-10
U0588,A058,4.0,2024-09-08
U0588,A035,3.5,2024-08-11
U0589,A028,4.0,2024-06-29
U0589,A018,4.0,2024-07-26
U0589,A036,3.0,2024-05-20
U0589,A026,2.5,2024-05-07
U0589,A046,1.5,2024-05-28
U0589,A060,3.5,2024-04-28
U0589,A041,4.0,2024-07-13
U0589,A048,2.5,2024-11-03
U0589,A016,3.0,2024-08-28
U0589,A037,3.5,2024-01-13
U0589,A009,4.0,2024-12-17
U0589,A039,3.0,2024-10-15
U0589,A029,3.0,2024-05-04
U0590,A007,3.5,2024-08-05
U0590,A036,2.0,2024-02-15
U0590,A030,3.5,2024-08-11
U0590,A031,2.5,2024-05-10
U0590,A053,4.5,2024-06-27
U0590,A006,3.0,2024-04-27
U0590,A039,3.0,2024-05-17
U0590,A008,3.0,2024-07-06
U0590,A029,3.5,2024-05-13
U0591,A018,4.0,2024-09-25
U0591,A002,3.5,2024-05-10
U0591,A024,2.0,2024-08-19
U0591,A034,4.0,2024-03-17
U0591,A017,3.0,2024-05-30
U0591,A057,3.0,2024-03-13
U0591,A031,3.5,2024-08-11
U0591,A016,4.0,2024-05-22
U0591,A013,3.5,2024-04-05
U0591,A037,3.0,2024-04-27
U0591,A023,3.0,2024-07-28
U0591,A056,3.5,2024-06-08
U0591,A033,3.0,2024-03-26
U0591,A058,4.5,2024-09-23
U0591,A003,4.0,2024-02-04
U0592,A002,2.5,2024-01-09
U0592,A030,2.5,2024-04-10
U0592,A057,2.5,2024-11-04
U0592,A043,2.5,2024-12-30
U0592,A004,3.5,2024-02-09
U0592,A033,3.5,2024-02-04
U0592,A011,4.0,2024-02-21
U0592,A049,3.5,2024-05-17
U0592,A010,1.5,2024-04-01
U0592,A012,2.5,2024-09-30
U0592,A029,3.0,2024-03-04
U0593,A049,2.5,2024-08-28
U0593,A055,4.0,2024-03-20
U0593,A005,3.0,2024-03-08
U0593,A031,3.0,2024-05-03
U0593,A015,1.5,2024-11-07
U0593,A013,3.5,2024-07-07
U0593,A009,3.0,2024-10-20
U0593,A006,4.0,2024-05-22
U0593,A023,2.5,2024-08-24
U0593,A039,3.0,2024-05-05
U0593,A033,3.5,2024-08-20
U0593,A058,4.0,2024-03-30
U0593,A003,3.5,2024-12-29
U0593,A052,3.0,2024-02-26
U0593,A029,4.0,2024-05-07
U0594,A051,3.0,2024-08-26
U0594,A054,2.5,2024-11-27
U0594,A019,3.5,2024-09-23
U0594,A057,2.5,2024-06-30
U0594,A046,2.5,2024-11-06
U0594,A045,2.5,2024-10-22
U0594,A053,2.5,2024-07-26
U0594,A009,3.0,2024-05-08
U0594,A039,2.5,2024-09-25
U0594,A003,3.5,2024-07-27
U0595,A002,3.0,2024-07-30
U0595,A051,3.5,2024-07-14
U0595,A047,3.0,2024-07-11
U0595,A034,4.0,2024-06-02
U0595,A036,3.0,2024-07-10
U0595,A040,3.5,2024-01-13
U0595,A046,4.0,2024-06-10
U0595,A022,3.0,2024-09-06
U0595,A041,3.5,2024-04-11
U0595,A056,4.5,2024-01-09
U0596,A051,2.5,2024-07-23
U0596,A054,3.0,2024-08-26
U0596,A046,3.5,2024-12-30
U0596,A041,2.5,2024-08-26
U0596,A016,2.0,2024-07-09
U0596,A053,4.0,2024-04-14
U0596,A037,3.0,2024-08-25
U0596,A050,3.5,2024-03-07
U0596,A001,2.5,2024-07-31
U0596,A059,3.0,2024-01-27
U0596,A058,4.0,2024-05-05
U0597,A001,2.5,2024-10-09
U0597,A018,2.5,2024-09-01
U0597,A017,4.0,2024-01-21
U0597,A053,3.5,2024-09-02
U0597,A037,4.5,2024-02-04
U0597,A009,3.0,2024-06-29
U0597,A048,3.0,2024-06-18
U0597,A008,3.0,2024-04-09
U0597,A027,3.0,2024-06-07
U0597,A010,3.0,2024-09-16
U0598,A055,2.5,2024-08-17
U0598,A028,2.0,2024-07-25
U0598,A032,3.5,2024-06-20
U0598,A005,3.0,2024-11-09
U0598,A047,3.0,2024-08-23
U0598,A057,1.5,2024-06-26
U0598,A041,3.0,2024-11-14
U0598,A013,2.0,2024-06-16
U0598,A039,2.5,2024-05-25
U0598,A058,3.5,2024-07-07
U0599,A032,3.5,2024-07-12
U0599,A030,1.5,2024-06-18
U0599,A040,2.0,2024-12-04
U0599,A060,3.0,2024-08-13
U0599,A021,2.5,2024-11-21
U0599,A039,4.0,2024-05-16
U0599,A008,2.0,2024-03-14
U0599,A003,3.5,2024-03-13
U0600,A051,3.0,2024-08-02
U0600,A047,3.5,2024-10-18
U0600,A045,3.0,2024-04-09
U0600,A057,3.0,2024-08-01
U0600,A031,2.0,2024-03-18
U0600,A015,4.0,2024-08-06
U0600,A050,2.5,2024-10-07
U0600,A037,3.5,2024-10-17
U0600,A058,3.0,2024-05-10
U0600,A027,2.0,2024-04-17
U0600,A014,4.0,2024-01-01
U0601,A047,4.0,2024-12-10
U0601,A017,3.5,2024-09-09
U0601,A046,2.0,2024-02-28
U0601,A041,4.0,2024-02-10
U0601,A015,3.5,2024-12-08
U0601,A016,3.0,2024-08-23
U0601,A048,3.0,2024-06-24
U0601,A008,4.5,2024-11-11
U0601,A012,3.0,2024-07-09
U0602,A028,3.0,2024-05-11
U0602,A055,5.0,2024-02-24
U0602,A008,2.5,2024-03-16
U0602,A025,4.0,2024-10-11
U0602,A030,4.0,2024-04-24
U0602,A043,4.0,2024-04-22
U0602,A013,3.0,2024-05-07
U0602,A050,3.0,2024-08-25
U0602,A053,2.5,2024-03-19
U0602,A023,3.5,2024-02-20
U0602,A059,2.0,2024-12-23
U0602,A058,3.0,2024-10-04
U0602,A027,4.0,2024-09-15
U0602,A035,3.5,2024-07-04
U0602,A029,3.5,2024-07-30
U0603,A007,2.0,2024-07-31
U0603,A032,3.5,2024-08-30
U0603,A058,2.0,2024-01-16
U0603,A060,3.5,2024-06-19
U0603,A031,2.0,2024-07-08
U0603,A015,3.5,2024-03-01
U0603,A053,2.5,2024-06-06
U0603,A050,3.5,2024-04-30
U0603,A006,4.0,2024-09-06
U0603,A056,3.0,2024-09-08
U0603,A052,2.5,2024-07-21
U0603,A010,2.5,2024-10-28
U0603,A035,2.5,2024-04-19
U0603,A029,2.0,2024-07-26
U0604,A017,4.0,2024-10-03
U0604,A025,2.5,2024-08-07
U0604,A036,4.0,2024-09-09
U0604,A026,2.0,2024-02-17
U0604,A057,4.5,2024-12-23
U0604,A040,3.0,2024-11-27
U0604,A031,2.5,2024-03-18
U0604,A056,2.5,2024-01-27
U0604,A004,2.5,2024-01-02
U0604,A044,3.0,2024-08-29
U0604,A014,3.0,2024-03-31
U0604,A058,2.5,2024-01-17
U0604,A049,3.0,2024-03-09
U0604,A029,2.0,2024-05-29
U0605,A024,4.0,2024-07-19
U0605,A032,4.5,2024-09-08
U0605,A047,3.5,2024-02-25
U0605,A036,2.5,2024-05-16
U0605,A058,2.5,2024-10-30
U0605,A040,3.0,2024-05-29
U0605,A003,3.5,2024-11-11
U0605,A016,3.5,2024-09-26
U0605,A001,3.5,2024-02-06
U0605,A059,2.5,2024-11-09
U0605,A011,3.0,2024-05-25
U0605,A027,3.5,2024-03-11
U0605,A010,2.5,2024-02-03
U0606,A055,3.0,2024-09-17
U0606,A007,4.5,2024-06-05
U0606,A017,3.5,2024-05-30
U0606,A025,3.0,2024-11-30
U0606,A036,3.0,2024-12-27
U0606,A040,4.0,2024-07-24
U0606,A057,3.0,2024-08-02
U0606,A046,4.0,2024-04-30
U0606,A015,3.5,2024-06-07
U0606,A042,3.5,2024-12-07
U0606,A035,2.5,2024-06-16
U0606,A038,3.5,2024-04-17
U0606,A044,2.5,2024-05-03
U0606,A010,3.5,2024-08-24
U0606,A012,5.0,2024-03-17
U0607,A028,2.0,2024-12-18
U0607,A024,2.0,2024-06-12
U0607,A051,2.0,2024-10-23
U0607,A054,3.5,2024-05-02
U0607,A040,2.0,2024-09-03
U0607,A013,2.0,2024-08-10
U0607,A033,3.0,2024-07-28
U0607,A058,2.5,2024-03-03
U0607,A003,3.0,2024-11-25
U0607,A014,2.5,2024-12-08
U0608,A018,3.0,2024-07-18
U0608,A054,3.5,2024-04-05
U0608,A036,3.0,2024-09-11
U0608,A045,2.5,2024-08-25
U0608,A043,3.5,2024-12-03
U0608,A016,3.0,2024-07-22
U0608,A015,5.0,2024-12-29
U0608,A013,3.0,2024-06-14
U0608,A023,2.5,2024-08-18
U0608,A039,3.0,2024-03-09
U0608,A058,3.0,2024-06-16
U0608,A014,3.5,2024-12-28
U0609,A049,3.5,2024-11-05
U0609,A055,4.0,2024-09-10
U0609,A018,4.5,2024-05-22
U0609,A036,4.0,2024-04-13
U0609,A030,2.5,2024-04-02
U0609,A045,4.5,2024-08-01
U0609,A057,2.5,2024-01-20
U0609,A022,2.0,2024-01-05
U0609,A015,3.0,2024-11-19
U0609,A023,4.0,2024-07-03
U0609,A004,3.5,2024-12-30
U0609,A048,3.0,2024-06-24
U0609,A033,3.5,2024-11-10
U0609,A027,3.5,2024-07-09
U0610,A030,3.0,2024-10-29
U0610,A040,3.5,2024-10-07
U0610,A026,3.0,2024-05-28
U0610,A045,3.5,2024-10-02
U0610,A043,4.5,2024-08-21
U0610,A031,3.5,2024-01-23
U0610,A013,2.5,2024-05-25
U0610,A042,2.5,2024-06-19
U0610,A037,2.5,2024-01-10
U0610,A006,2.5,2024-07-27
U0610,A038,2.5,2024-10-28
U0610,A033,3.0,2024-11-17
U0610,A058,3.5,2024-02-02
U0611,A018,2.5,2024-04-23
U0611,A007,3.5,2024-08-18
U0611,A030,2.5,2024-05-02
U0611,A026,2.5,2024-07-22
U0611,A057,3.0,2024-01-02
U0611,A022,3.5,2024-08-08
U0611,A020,3.0,2024-01-25
U0611,A016,3.0,2024-02-08
U0611,A013,4.5,2024-05-20
U0611,A042,1.5,2024-10-01
U0611,A039,2.5,2024-10-06
U0611,A059,2.5,2024-08-01
U0611,A058,2.0,2024-01-09
U0611,A027,2.5,2024-09-13
U0611,A029,3.5,2024-11-23
U0612,A028,3.0,2024-12-16
U0612,A032,3.0,2024-08-07
U0612,A026,2.5,2024-02-10
U0612,A013,4.0,2024-06-17
U0612,A042,3.0,2024-11-27
U0612,A053,3.5,2024-05-05
U0612,A056,3.5,2024-09-02
U0612,A038,3.0,2024-01-11
U0612,A039,2.5,2024-02-20
U0612,A033,4.5,2024-03-07
U0612,A027,2.0,2024-05-12
U0612,A010,3.5,2024-03-27
U0613,A002,3.5,2024-03-03
U0613,A024,3.0,2024-01-02
U0613,A051,3.5,2024-05-02
U0613,A005,3.5,2024-02-03
U0613,A025,3.0,2024-05-18
U0613,A045,4.5,2024-04-01
U0613,A043,3.5,2024-02-28
U0613,A016,4.0,2024-08-19
U0613,A015,4.0,2024-06-21
U0613,A033,2.5,2024-03-03
U0613,A052,3.0,2024-09-13
U0613,A029,5.0,2024-09-30
U0614,A055,3.0,2024-06-24
U0614,A018,3.5,2024-03-23
U0614,A007,3.5,2024-09-24
U0614,A032,3.0,2024-12-19
U0614,A002,3.0,2024-09-30
U0614,A034,3.0,2024-04-09
U0614,A036,4.0,2024-09-02
U0614,A017,3.5,2024-11-19
U0614,A057,3.0,2024-06-28
U0614,A031,2.5,2024-01-16
U0614,A020,3.0,2024-06-23
U0614,A041,2.5,2024-07-18
U0614,A003,3.0,2024-08-09
U0614,A010,2.0,2024-02-23
U0614,A035,3.0,2024-09-19
U0615,A034,3.0,2024-01-19
U0615,A054,3.0,2024-08-19
U0615,A030,3.5,2024-04-06
U0615,A036,3.0,2024-01-02
U0615,A016,4.0,2024-10-19
U0615,A009,3.5,2024-06-30
U0615,A037,3.5,2024-01-09
U0615,A023,3.5,2024-12-06
U0615,A056,2.5,2024-07-09
U0615,A038,3.0,2024-11-28
U0615,A044,3.5,2024-06-22
U0615,A058,2.5,2024-07-31
U0615,A003,4.0,2024-01-04
U0615,A014,2.0,2024-06-10
U0616,A055,2.5,2024-10-01
U0616,A018,3.0,2024-08-05
U0616,A024,3.5,2024-05-30
U0616,A032,3.0,2024-01-20
U0616,A047,3.0,2024-02-24
U0616,A030,4.0,2024-01-29
U0616,A040,4.5,2024-06-02
U0616,A057,2.5,2024-12-06
U0616,A022,4.5,2024-03-11
U0616,A041,2.5,2024-12-22
U0616,A043,3.5,2024-05-12
U0616,A050,2.5,2024-07-13
U0616,A044,2.5,2024-03-19
U0616,A008,4.0,2024-05-23
U0616,A058,3.0,2024-06-23
U0617,A028,4.0,2024-11-02
U0617,A001,4.0,2024-02-21
U0617,A002,2.5,2024-07-04
U0617,A024,2.0,2024-02-28
U0617,A051,5.0,2024-02-18
U0617,A045,3.0,2024-05-15
U0617,A003,4.0,2024-06-19
U0617,A060,4.0,2024-06-11
U0617,A031,3.5,2024-03-04
U0617,A021,3.0,2024-04-03
U0617,A056,3.0,2024-10-22
U0617,A048,2.0,2024-04-18
U0617,A058,4.5,2024-10-25
U0617,A027,2.5,2024-02-10
U0618,A055,3.0,2024-06-08
U0618,A024,3.5,2024-08-03
U0618,A032,2.5,2024-02-17
U0618,A051,3.0,2024-12-02
U0618,A045,2.5,2024-06-19
U0618,A057,3.5,2024-05-17
U0618,A043,3.5,2024-01-27
U0618,A039,1.5,2024-03-11
U0618,A011,3.0,2024-02-05
U0618,A027,3.5,2024-02-18
U0618,A035,3.0,2024-10-28
U0619,A018,4.5,2024-03-22
U0619,A024,4.5,2024-10-29
U0619,A032,3.5,2024-10-14
U0619,A045,2.5,2024-05-06
U0619,A060,3.0,2024-02-11
U0619,A038,4.5,2024-06-20
U0619,A001,3.0,2024-03-27
U0619,A035,3.0,2024-04-04
U0620,A026,3.5,2024-01-03
U0620,A057,3.5,2024-12-14
U0620,A060,3.5,2024-09-24
U0620,A019,3.5,2024-05-19
U0620,A021,3.5,2024-10-22
U0620,A042,2.5,2024-04-06
U0620,A058,4.0,2024-09-09
U0620,A003,2.0,2024-10-07
U0620,A012,3.5,2024-05-01
U0621,A055,2.5,2024-03-10
U0621,A051,3.0,2024-07-26
U0621,A034,3.0,2024-10-29
U0621,A026,2.0,2024-07-29
U0621,A037,2.5,2024-10-23
U0621,A006,4.0,2024-05-27
U0621,A056,3.5,2024-05-17
U0621,A029,3.0,2024-05-07
U0622,A005,2.5,2024-12-19
U0622,A017,1.0,2024-03-06
U0622,A057,2.5,2024-10-22
U0622,A022,4.5,2024-04-04
U0622,A013,3.0,2024-11-24
U0622,A042,3.5,2024-10-24
U0622,A038,3.0,2024-03-02
U0622,A011,3.0,2024-12-09
U0622,A029,4.5,2024-05-07
U0623,A051,3.5,2024-10-21
U0623,A047,5.0,2024-01-02
U0623,A040,2.5,2024-11-29
U0623,A019,3.0,2024-04-17
U0623,A016,4.0,2024-02-26
U0623,A013,3.5,2024-12-22
U0623,A050,4.0,2024-01-08
U0623,A004,3.5,2024-07-30
U0623,A048,4.0,2024-02-24
U0623,A049,2.5,2024-06-23
U0624,A055,3.5,2024-03-15
U0624,A025,3.5,2024-04-15
U0624,A030,3.5,2024-07-18
U0624,A060,2.0,2024-06-29
U0624,A050,2.5,2024-04-06
U0624,A037,1.5,2024-12-06
U0624,A048,3.5,2024-12-05
U0624,A059,3.0,2024-05-04
U0624,A011,3.5,2024-09-07
U0624,A052,2.0,2024-09-07
U0624,A029,4.0,2024-05-20
U0625,A051,2.5,2024-03-13
U0625,A054,4.0,2024-05-25
U0625,A019,2.5,2024-05-23
U0625,A046,2.0,2024-03-31
U0625,A031,4.0,2024-08-06
U0625,A043,2.5,2024-01-08
U0625,A057,2.0,2024-08-30
U0625,A013,4.0,2024-09-28
U0625,A021,2.5,2024-02-03
U0625,A042,3.0,2024-10-27
U0625,A037,4.5,2024-08-20
U0625,A001,2.0,2024-06-27
U0625,A033,2.5,2024-06-04
U0625,A027,3.0,2024-11-25
U0626,A007,3.0,2024-04-30
U0626,A051,4.0,2024-11-26
U0626,A046,3.5,2024-09-05
U0626,A060,3.5,2024-07-15
U0626,A043,3.5,2024-04-22
U0626,A041,3.5,2024-10-09
U0626,A031,3.0,2024-09-17
U0626,A050,3.0,2024-11-24
U0626,A038,2.0,2024-03-15
U0626,A033,4.0,2024-02-26
U0626,A058,4.0,2024-05-17
U0627,A055,2.5,2024-11-10
U0627,A024,1.5,2024-10-21
U0627,A005,2.5,2024-09-28
U0627,A017,2.5,2024-04-03
U0627,A034,3.5,2024-11-17
U0627,A045,3.0,2024-09-11
U0627,A057,4.5,2024-09-27
U0627,A040,2.5,2024-01-02
U0627,A026,4.0,2024-03-17
U0627,A009,3.5,2024-01-11
U0627,A048,4.0,2024-06-16
U0627,A027,3.5,2024-12-19
U0627,A035,1.5,2024-10-10
U0628,A028,3.0,2024-08-29
U0628,A002,4.0,2024-11-15
U0628,A034,3.5,2024-04-10
U0628,A036,4.0,2024-05-05
U0628,A017,3.0,2024-06-15
U0628,A045,2.5,2024-01-24
U0628,A031,3.0,2024-06-21
U0628,A043,3.0,2024-07-01
U0628,A060,3.5,2024-08-29
U0628,A042,3.5,2024-05-03
U0628,A037,3.5,2024-09-29
U0628,A038,3.5,2024-06-19
U0628,A003,3.0,2024-09-09
U0628,A035,3.5,2024-04-26
U0629,A055,2.0,2024-10-07
U0629,A008,3.5,2024-08-13
U0629,A002,2.5,2024-03-10
U0629,A032,3.5,2024-04-23
U0629,A024,3.0,2024-04-19
U0629,A011,2.5,2024-04-21
U0629,A057,4.0,2024-07-08
U0629,A016,3.0,2024-02-19
U0629,A053,3.5,2024-01-19
U0629,A037,3.0,2024-05-11
U0629,A001,3.0,2024-01-06
U0629,A033,3.5,2024-10-27
U0629,A058,2.5,2024-07-28
U0629,A012,3.5,2024-03-02
U0630,A024,4.5,2024-10-04
U0630,A032,2.0,2024-03-26
U0630,A017,4.0,2024-12-02
U0630,A036,4.0,2024-12-22
U0630,A046,2.5,2024-01-04
U0630,A039,3.0,2024-09-07
U0630,A016,2.0,2024-04-20
U0630,A020,3.5,2024-07-29
U0630,A042,4.5,2024-06-18
U0630,A048,3.5,2024-02-21
U0630,A059,4.5,2024-02-15
U0630,A010,2.5,2024-09-14
U0631,A049,2.0,2024-01-11
U0631,A055,3.0,2024-12-07
U0631,A018,4.0,2024-05-20
U0631,A032,3.0,2024-04-08
U0631,A045,2.5,2024-03-29
U0631,A046,3.0,2024-03-21
U0631,A022,2.5,2024-04-29
U0631,A013,1.5,2024-01-24
U0631,A011,3.0,2024-04-01
U0631,A027,3.0,2024-04-10
U0631,A012,3.5,2024-04-17
U0632,A034,3.0,2024-07-06
U0632,A054,2.5,2024-11-17
U0632,A030,4.0,2024-06-02
U0632,A057,3.0,2024-12-17
U0632,A015,3.0,2024-08-09
U0632,A056,3.5,2024-03-19
U0632,A001,2.5,2024-12-18
U0632,A058,3.0,2024-02-02
U0632,A003,4.5,2024-03-22
U0632,A027,3.0,2024-08-30
U0632,A014,3.5,2024-07-12
U0633,A025,3.5,2024-02-13
U0633,A045,3.5,2024-03-21
U0633,A015,3.0,2024-04-18
U0633,A013,3.5,2024-02-07
U0633,A009,3.0,2024-03-19
U0633,A044,3.0,2024-07-31
U0633,A011,3.0,2024-02-25
U0633,A014,4.0,2024-08-10
U0634,A008,3.5,2024-05-13
U0634,A051,1.5,2024-11-06
U0634,A034,3.0,2024-04-19
U0634,A058,3.5,2024-01-11
U0634,A046,3.0,2024-04-10
U0634,A060,3.0,2024-07-26
U0634,A006,3.5,2024-05-31
U0634,A038,2.0,2024-07-11
U0634,A033,3.5,2024-10-01
U0634,A059,2.5,2024-08-26
U0634,A035,3.0,2024-02-16
U0635,A033,3.5,2024-01-28
U0635,A040,3.0,2024-09-22
U0635,A060,4.0,2024-04-02
U0635,A015,4.5,2024-10-02
U0635,A023,4.0,2024-04-28
U0635,A009,2.5,2024-03-05
U0635,A004,3.0,2024-05-03
U0635,A008,2.0,2024-01-26
U0635,A012,3.0,2024-09-17
U0636,A018,3.5,2024-04-01
U0636,A024,3.0,2024-01-23
U0636,A051,3.0,2024-08-06
U0636,A040,2.5,2024-09-08
U0636,A016,3.5,2024-04-15
U0636,A009,3.0,2024-03-12
U0636,A006,3.0,2024-04-22
U0636,A033,2.0,2024-12-23
U0636,A027,3.0,2024-11-21
U0637,A032,3.0,2024-03-25
U0637,A036,2.0,2024-12-14
U0637,A045,3.5,2024-05-21
U0637,A057,2.5,2024-06-21
U0637,A046,2.5,2024-01-16
U0637,A021,3.0,2024-01-17
U0637,A009,3.0,2024-01-06
U0637,A038,3.5,2024-01-14
U0637,A033,3.0,2024-12-06
U0638,A012,3.0,2024-09-03
U0638,A002,3.5,2024-02-20
U0638,A047,2.0,2024-08-12
U0638,A022,3.5,2024-10-02
U0638,A050,4.5,2024-11-27
U0638,A058,3.0,2024-07-09
U0638,A052,3.5,2024-01-30
U0638,A014,2.5,2024-11-18
U0639,A018,3.0,2024-03-22
U0639,A043,3.5,2024-02-13
U0639,A037,2.5,2024-10-06
U0639,A006,3.0,2024-03-16
U0639,A035,3.0,2024-11-03
U0639,A048,3.0,2024-12-08
U0639,A049,3.0,2024-10-22
U0639,A027,2.5,2024-10-03
U0640,A001,3.5,2024-01-23
U0640,A032,2.0,2024-11-02
U0640,A047,4.0,2024-01-26
U0640,A054,3.5,2024-01-02
U0640,A046,2.0,2024-12-04
U0640,A041,3.0,2024-05-13
U0640,A043,4.0,2024-05-05
U0640,A021,2.0,2024-07-12
U0640,A037,4.0,2024-06-25
U0640,A006,2.0,2024-11-21
U0640,A038,2.5,2024-06-23
U0640,A039,2.5,2024-02-15
U0640,A033,4.0,2024-07-04
U0640,A027,2.5,2024-09-21
U0640,A029,2.5,2024-05-20
U0641,A007,3.5,2024-07-06
U0641,A032,2.5,2024-06-07
U0641,A034,2.5,2024-03-28
U0641,A036,4.0,2024-10-22
U0641,A041,2.5,2024-07-11
U0641,A043,3.0,2024-01-22
U0641,A013,2.5,2024-10-09
U0641,A021,3.0,2024-01-21
U0641,A037,3.5,2024-11-16
U0641,A059,3.0,2024-08-28
U0642,A007,4.5,2024-03-05
U0642,A033,3.0,2024-02-03
U0642,A045,4.0,2024-02-01
U0642,A060,3.5,2024-05-17
U0642,A031,3.0,2024-01-25
U0642,A050,3.0,2024-03-03
U0642,A042,4.5,2024-07-19
U0642,A059,3.5,2024-05-09
U0643,A033,3.0,2024-04-06
U0643,A007,3.0,2024-09-27
U0643,A034,3.5,2024-11-27
U0643,A031,4.5,2024-02-02
U0643,A020,2.0,2024-07-23
U0643,A021,3.5,2024-05-17
U0643,A038,4.0,2024-05-04
U0643,A059,2.5,2024-03-20
U0643,A058,3.0,2024-12-10
U0644,A033,3.5,2024-05-04
U0644,A005,2.5,2024-08-02
U0644,A045,1.5,2024-03-07
U0644,A022,4.5,2024-07-07
U0644,A060,2.5,2024-09-27
U0644,A015,3.0,2024-08-08
U0644,A013,4.0,2024-04-19
U0644,A059,4.5,2024-02-23
U0644,A003,2.0,2024-06-07
U0645,A044,4.0,2024-12-11
U0645,A024,3.5,2024-07-07
U0645,A007,3.5,2024-06-23
U0645,A017,4.0,2024-10-05
U0645,A054,4.0,2024-12-15
U0645,A026,2.5,2024-04-05
U0645,A015,3.0,2024-05-30
U0645,A037,3.0,2024-04-08
U0645,A001,4.5,2024-01-12
U0645,A011,3.5,2024-12-08
U0645,A049,3.5,2024-02-13
U0645,A029,3.5,2024-08-28
U0646,A028,4.0,2024-06-18
U0646,A055,3.5,2024-03-09
U0646,A032,1.5,2024-08-26
U0646,A034,3.0,2024-11-08
U0646,A031,3.0,2024-12-22
U0646,A043,4.0,2024-02-01
U0646,A021,4.5,2024-12-10
U0646,A009,3.5,2024-12-18
U0646,A042,3.5,2024-06-23
U0646,A056,3.5,2024-01-20
U0646,A058,3.0,2024-05-28
U0646,A027,2.0,2024-12-17
U0646,A035,3.0,2024-11-23
U0646,A029,3.5,2024-01-30
U0647,A024,2.5,2024-02-18
U0647,A032,3.5,2024-12-30
U0647,A002,2.5,2024-11-03
U0647,A036,3.0,2024-08-20
U0647,A019,3.0,2024-09-26
U0647,A026,3.5,2024-08-26
U0647,A016,3.5,2024-03-04
U0647,A015,3.5,2024-10-05
U0647,A050,3.5,2024-01-25
U0647,A042,3.5,2024-11-06
U0647,A059,3.5,2024-04-11
U0647,A027,2.5,2024-05-03
U0648,A034,2.5,2024-01-18
U0648,A036,3.0,2024-02-09
U0648,A026,3.0,2024-02-12
U0648,A060,3.0,2024-11-09
U0648,A016,4.0,2024-09-15
U0648,A037,2.0,2024-09-11
U0648,A039,2.5,2024-06-16
U0648,A008,3.5,2024-07-18
U0648,A058,2.5,2024-02-18
U0649,A055,2.0,2024-11-01
U0649,A007,4.5,2024-09-25
U0649,A032,4.0,2024-01-07
U0649,A047,2.5,2024-05-05
U0649,A040,2.5,2024-12-18
U0649,A013,3.5,2024-07-12
U0649,A021,2.0,2024-06-19
U0649,A009,3.5,2024-08-29
U0649,A023,2.0,2024-11-22
U0649,A050,4.0,2024-12-25
U0649,A053,3.0,2024-09-11
U0649,A044,3.5,2024-05-15
U0649,A033,3.0,2024-05-25
U0649,A003,2.0,2024-11-01
U0649,A012,4.0,2024-03-02
U0650,A018,3.0,2024-04-25
U0650,A024,5.0,2024-04-28
U0650,A034,3.5,2024-07-22
U0650,A057,3.0,2024-09-28
U0650,A022,3.0,2024-09-01
U0650,A060,4.0,2024-06-24
U0650,A041,3.0,2024-01-14
U0650,A013,3.5,2024-10-27
U0650,A009,4.0,2024-03-12
U0650,A056,4.0,2024-07-27
U0650,A039,3.5,2024-04-09
U0650,A027,4.0,2024-03-28
U0650,A035,3.5,2024-03-21
U0650,A014,2.5,2024-04-20
U0651,A012,3.5,2024-05-30
U0651,A007,3.5,2024-03-07
U0651,A032,4.5,2024-09-23
U0651,A036,3.5,2024-10-01
U0651,A031,3.5,2024-07-27
U0651,A020,4.0,2024-01-22
U0651,A016,4.0,2024-07-06
U0651,A035,4.0,2024-11-18
U0651,A052,4.0,2024-01-11
U0651,A014,2.0,2024-06-21
U0652,A002,3.5,2024-01-29
U0652,A007,2.5,2024-09-23
U0652,A047,2.5,2024-04-14
U0652,A054,3.5,2024-07-03
U0652,A057,3.5,2024-07-18
U0652,A060,2.5,2024-07-22
U0652,A041,3.5,2024-11-07
U0652,A031,4.0,2024-02-15
U0652,A037,3.5,2024-01-14
U0652,A039,3.5,2024-07-16
U0652,A058,2.5,2024-03-19
U0653,A018,2.5,2024-10-14
U0653,A024,4.5,2024-11-25
U0653,A040,3.0,2024-03-14
U0653,A045,3.5,2024-11-14
U0653,A060,3.5,2024-04-17
U0653,A020,3.5,2024-09-25
U0653,A019,4.5,2024-05-15
U0653,A013,4.0,2024-05-28
U0653,A042,3.5,2024-01-21
U0653,A009,3.0,2024-02-29
U0653,A027,2.5,2024-05-03
U0653,A056,5.0,2024-06-04
U0653,A058,3.0,2024-10-10
U0653,A049,3.0,2024-01-03
U0653,A052,3.5,2024-09-27
U0654,A018,3.5,2024-08-19
U0654,A034,5.0,2024-12-19
U0654,A040,4.5,2024-12-21
U0654,A046,3.5,2024-01-10
U0654,A060,2.5,2024-11-06
U0654,A043,3.5,2024-01-25
U0654,A057,3.5,2024-09-16
U0654,A013,4.0,2024-07-07
U0654,A050,4.5,2024-10-16
U0654,A042,3.0,2024-10-24
U0654,A056,3.5,2024-12-28
U0654,A004,3.0,2024-02-03
U0654,A044,2.5,2024-05-28
U0654,A033,3.5,2024-05-26
U0654,A059,4.0,2024-10-20
U0655,A033,3.5,2024-09-24
U0655,A032,2.0,2024-05-31
U0655,A051,3.0,2024-03-15
U0655,A030,3.0,2024-10-01
U0655,A046,2.5,2024-07-06
U0655,A022,2.5,2024-10-23
U0655,A031,3.0,2024-07-15
U0655,A060,3.0,2024-11-22
U0655,A059,2.5,2024-10-18
U0655,A029,2.0,2024-05-07
U0656,A028,2.0,2024-04-04
U0656,A024,3.5,2024-04-24
U0656,A005,2.5,2024-05-30
U0656,A013,3.0,2024-03-13
U0656,A021,2.5,2024-08-08
U0656,A042,4.0,2024-07-25
U0656,A059,4.5,2024-10-15
U0656,A058,2.5,2024-10-13
U0656,A003,4.0,2024-01-29
U0656,A014,2.5,2024-07-27
U0657,A054,2.5,2024-11-24
U0657,A019,2.5,2024-08-14
U0657,A040,3.5,2024-03-30
U0657,A060,3.0,2024-04-20
U0657,A045,4.0,2024-06-07
U0657,A015,2.5,2024-10-14
U0657,A009,2.5,2024-04-26
U0657,A039,2.5,2024-09-23
U0658,A024,2.5,2024-12-21
U0658,A051,3.5,2024-10-16
U0658,A026,3.0,2024-11-08
U0658,A057,3.5,2024-08-10
U0658,A019,3.0,2024-06-23
U0658,A023,3.0,2024-01-16
U0658,A006,3.5,2024-10-08
U0658,A044,2.5,2024-03-16
U0658,A033,2.0,2024-07-26
U0658,A058,3.0,2024-10-29
U0658,A052,4.0,2024-07-02
U0659,A055,3.0,2024-01-08
U0659,A029,3.0,2024-10-14
U0659,A017,3.0,2024-09-03
U0659,A034,3.5,2024-08-06
U0659,A045,3.5,2024-02-20
U0659,A060,3.0,2024-12-10
U0659,A053,3.0,2024-12-17
U0659,A006,3.0,2024-03-15
U0659,A011,4.0,2024-04-07
U0659,A014,3.0,2024-09-27
U0660,A051,2.5,2024-03-25
U0660,A047,2.5,2024-09-01
U0660,A019,3.0,2024-04-24
U0660,A041,3.0,2024-01-01
U0660,A013,3.5,2024-01-04
U0660,A050,2.0,2024-12-07
U0660,A042,3.5,2024-09-20
U0660,A021,3.0,2024-08-10
U0660,A044,3.5,2024-11-03
U0660,A027,2.0,2024-07-19
U0660,A010,3.5,2024-07-18
U0660,A035,3.5,2024-02-02
U0660,A014,4.0,2024-01-29
U0661,A024,2.5,2024-02-03
U0661,A007,2.0,2024-07-11
U0661,A034,3.0,2024-09-27
U0661,A036,2.5,2024-01-29
U0661,A047,4.0,2024-11-09
U0661,A057,3.5,2024-11-27
U0661,A042,2.0,2024-05-22
U0661,A009,3.0,2024-02-11
U0661,A039,3.0,2024-05-30
U0662,A028,4.0,2024-07-07
U0662,A030,3.5,2024-04-22
U0662,A057,2.5,2024-11-22
U0662,A060,3.0,2024-05-23
U0662,A041,2.5,2024-05-18
U0662,A020,3.5,2024-01-09
U0662,A053,3.0,2024-09-10
U0662,A039,2.5,2024-08-13
U0662,A058,3.0,2024-08-14
U0663,A054,3.0,2024-02-17
U0663,A057,3.5,2024-09-08
U0663,A022,4.0,2024-11-16
U0663,A053,3.5,2024-08-30
U0663,A023,2.0,2024-07-15
U0663,A037,3.5,2024-01-25
U0663,A021,3.5,2024-03-23
U0663,A044,2.5,2024-10-16
U0663,A033,2.5,2024-12-24
U0663,A058,2.5,2024-11-04
U0663,A049,3.5,2024-02-04
U0663,A029,3.0,2024-05-14
U0664,A007,3.0,2024-03-08
U0664,A002,3.5,2024-06-09
U0664,A054,4.0,2024-07-02
U0664,A026,4.0,2024-03-28
U0664,A057,3.0,2024-04-13
U0664,A021,3.0,2024-06-25
U0664,A004,3.5,2024-07-24
U0664,A027,3.5,2024-02-25
U0665,A018,3.0,2024-03-08
U0665,A024,3.0,2024-08-27
U0665,A032,3.0,2024-09-10
U0665,A047,3.5,2024-10-06
U0665,A025,3.0,2024-10-20
U0665,A034,3.0,2024-06-25
U0665,A026,2.0,2024-07-11
U0665,A013,3.0,2024-03-03
U0665,A053,3.0,2024-04-07
U0665,A050,3.5,2024-04-21
U0665,A021,3.0,2024-08-17
U0665,A038,3.0,2024-02-08
U0665,A011,3.5,2024-12-07
U0665,A049,2.5,2024-10-06
U0665,A014,1.5,2024-05-31
U0666,A028,3.5,2024-01-28
U0666,A051,3.0,2024-05-01
U0666,A017,3.5,2024-08-19
U0666,A025,3.0,2024-04-14
U0666,A047,4.0,2024-12-15
U0666,A045,3.0,2024-05-08
U0666,A057,3.5,2024-02-22
U0666,A041,3.0,2024-07-22
U0666,A039,3.0,2024-08-28
U0666,A010,3.0,2024-09-30
U0666,A035,3.0,2024-02-25
U0666,A029,3.5,2024-03-13
U0667,A055,5.0,2024-08-02
U0667,A032,3.5,2024-03-28
U0667,A047,3.0,2024-10-20
U0667,A041,2.5,2024-10-06
U0667,A015,3.5,2024-06-23
U0667,A020,2.5,2024-09-08
U0667,A021,2.5,2024-12-17
U0667,A042,2.5,2024-11-06
U0667,A035,3.0,2024-08-12
U0667,A056,4.5,2024-04-29
U0667,A048,3.0,2024-08-06
U0667,A008,2.5,2024-04-28
U0667,A011,4.0,2024-10-03
U0667,A003,3.0,2024-05-04
U0667,A012,4.0,2024-02-28
U0668,A028,4.5,2024-12-24
U0668,A054,3.0,2024-02-01
U0668,A030,3.0,2024-07-25
U0668,A057,3.0,2024-09-11
U0668,A060,2.5,2024-04-30
U0668,A013,2.5,2024-07-26
U0668,A038,1.5,2024-09-22
U0668,A058,2.5,2024-03-16
U0668,A012,3.5,2024-01-08
U0668,A029,3.5,2024-07-05
U0669,A028,2.5,2024-01-08
U0669,A018,3.5,2024-06-20
U0669,A025,2.0,2024-10-03
U0669,A060,2.5,2024-08-17
U0669,A050,3.0,2024-02-23
U0669,A048,2.0,2024-12-17
U0669,A033,3.0,2024-05-15
U0669,A029,3.0,2024-07-26
U0670,A018,2.0,2024-04-30
U0670,A002,4.5,2024-08-08
U0670,A025,2.0,2024-11-15
U0670,A040,4.0,2024-11-07
U0670,A022,3.0,2024-10-04
U0670,A043,3.5,2024-05-27
U0670,A038,3.0,2024-10-06
U0670,A001,2.0,2024-01-09
U0670,A058,3.0,2024-03-22
U0670,A029,3.5,2024-03-05
U0671,A045,1.5,2024-12-20
U0671,A022,3.0,2024-05-08
U0671,A050,2.5,2024-09-16
U0671,A023,3.0,2024-05-29
U0671,A021,3.0,2024-11-27
U0671,A059,4.0,2024-03-07
U0671,A010,4.0,2024-06-01
U0671,A012,3.5,2024-11-06
U0672,A018,3.5,2024-10-05
U0672,A024,3.0,2024-07-24
U0672,A002,3.5,2024-08-17
U0672,A017,3.5,2024-07-18
U0672,A030,4.0,2024-09-01
U0672,A058,3.0,2024-04-10
U0672,A060,3.0,2024-10-03
U0672,A020,4.0,2024-12-02
U0672,A013,4.0,2024-04-05
U0672,A042,3.5,2024-01-14
U0672,A048,2.0,2024-11-11
U0672,A059,2.0,2024-08-19
U0672,A011,3.5,2024-05-20
U0673,A049,4.0,2024-06-12
U0673,A055,3.0,2024-09-21
U0673,A033,4.5,2024-10-22
U0673,A054,4.0,2024-04-10
U0673,A057,2.5,2024-09-09
U0673,A046,5.0,2024-01-20
U0673,A020,4.0,2024-11-25
U0673,A060,3.0,2024-09-29
U0673,A053,4.5,2024-06-11
U0673,A056,4.0,2024-12-14
U0673,A048,2.5,2024-09-25
U0673,A008,3.5,2024-01-01
U0673,A003,4.0,2024-07-23
U0673,A012,2.0,2024-11-25
U0674,A028,3.0,2024-10-18
U0674,A018,3.5,2024-01-20
U0674,A036,3.5,2024-01-16
U0674,A054,3.0,2024-12-10
U0674,A019,3.5,2024-03-04
U0674,A057,3.0,2024-03-26
U0674,A050,3.5,2024-05-23
U0674,A001,3.5,2024-10-04
U0674,A027,5.0,2024-03-31
U0674,A012,2.5,2024-06-24
U0675,A055,3.0,2024-04-05
U0675,A051,3.0,2024-11-22
U0675,A005,4.0,2024-05-06
U0675,A030,4.5,2024-11-20
U0675,A022,3.0,2024-03-09
U0675,A060,2.0,2024-12-15
U0675,A015,2.0,2024-09-29
U0675,A050,3.5,2024-10-21
U0675,A056,4.0,2024-05-17
U0675,A059,3.5,2024-07-19
U0675,A003,3.5,2024-04-23
U0675,A035,2.5,2024-04-09
U0675,A029,4.0,2024-10-06
U0676,A018,4.0,2024-03-26
U0676,A002,3.5,2024-10-21
U0676,A058,2.5,2024-03-28
U0676,A019,2.0,2024-07-25
U0676,A060,2.5,2024-10-28
U0676,A020,3.0,2024-04-23
U0676,A044,3.5,2024-12-21
U0676,A033,3.0,2024-04-23
U0676,A059,3.0,2024-06-24
U0677,A055,3.0,2024-11-08
U0677,A044,2.5,2024-06-13
U0677,A024,3.0,2024-09-06
U0677,A032,3.0,2024-12-14
U0677,A036,2.5,2024-05-27
U0677,A046,4.5,2024-05-13
U0677,A043,4.5,2024-04-24
U0677,A039,3.0,2024-01-04
U0677,A053,3.5,2024-04-09
U0677,A004,3.5,2024-06-05
U0677,A001,3.0,2024-11-17
U0677,A059,3.5,2024-11-15
U0677,A029,2.5,2024-03-02
U0678,A044,2.5,2024-05-17
U0678,A032,2.5,2024-01-20
U0678,A030,2.5,2024-02-14
U0678,A026,4.0,2024-07-05
U0678,A060,4.0,2024-04-17
U0678,A050,3.5,2024-07-20
U0678,A056,2.5,2024-06-06
U0678,A039,3.5,2024-02-15
U0678,A003,2.5,2024-06-15
U0679,A025,2.5,2024-09-25
U0679,A036,2.5,2024-02-19
U0679,A058,2.5,2024-05-01
U0679,A040,3.0,2024-08-06
U0679,A045,1.5,2024-08-17
U0679,A046,4.0,2024-06-11
U0679,A042,2.5,2024-01-24
U0679,A004,2.5,2024-01-09
U0679,A008,2.5,2024-11-13
U0679,A059,2.0,2024-05-16
U0679,A010,3.5,2024-03-17
U0679,A014,2.5,2024-12-22
U0680,A018,3.0,2024-09-25
U0680,A007,3.0,2024-08-30
U0680,A032,1.0,2024-10-14
U0680,A017,3.5,2024-01-31
U0680,A025,4.0,2024-11-05
U0680,A046,2.5,2024-03-08
U0680,A022,2.0,2024-09-01
U0680,A013,2.5,2024-01-04
U0680,A014,2.5,2024-05-19
U0681,A055,4.0,2024-10-02
U0681,A045,4.0,2024-08-14
U0681,A031,3.5,2024-05-23
U0681,A020,2.5,2024-06-01
U0681,A015,2.5,2024-03-26
U0681,A042,2.0,2024-03-11
U0681,A053,3.5,2024-09-09
U0681,A021,4.0,2024-12-27
U0681,A037,3.0,2024-06-21
U0681,A059,3.0,2024-09-18
U0681,A058,3.5,2024-06-21
U0681,A003,2.5,2024-12-08
U0681,A010,3.5,2024-05-23
U0682,A028,3.5,2024-06-19
U0682,A055,3.0,2024-01-14
U0682,A012,5.0,2024-03-10
U0682,A007,2.5,2024-01-04
U0682,A017,4.0,2024-01-21
U0682,A045,3.5,2024-01-22
U0682,A040,3.0,2024-03-20
U0682,A022,3.5,2024-06-06
U0682,A043,2.5,2024-07-09
U0682,A015,3.0,2024-11-23
U0682,A041,3.5,2024-04-27
U0682,A057,2.0,2024-10-27
U0682,A052,4.0,2024-11-27
U0683,A028,2.5,2024-09-24
U0683,A024,2.5,2024-04-14
U0683,A047,3.0,2024-11-20
U0683,A057,3.5,2024-11-20
U0683,A020,3.5,2024-08-05
U0683,A016,3.5,2024-10-11
U0683,A006,2.5,2024-04-03
U0683,A044,4.0,2024-12-15
U0683,A059,3.0,2024-02-21
U0683,A049,3.0,2024-05-25
U0683,A014,2.0,2024-06-04
U0684,A007,3.5,2024-03-07
U0684,A054,3.5,2024-07-06
U0684,A045,5.0,2024-09-20
U0684,A022,4.0,2024-12-26
U0684,A060,3.5,2024-03-26
U0684,A020,3.5,2024-07-07
U0684,A043,3.0,2024-05-27
U0684,A050,4.0,2024-04-17
U0684,A023,4.0,2024-02-05
U0684,A033,3.5,2024-09-26
U0684,A011,3.0,2024-04-21
U0684,A003,2.0,2024-03-29
U0685,A049,2.0,2024-11-16
U0685,A032,3.0,2024-06-05
U0685,A026,3.5,2024-11-15
U0685,A031,4.5,2024-02-17
U0685,A015,2.5,2024-01-31
U0685,A058,2.5,2024-07-12
U0685,A003,2.5,2024-01-05
U0685,A010,4.0,2024-02-16
U0685,A012,2.5,2024-09-23
U0686,A028,3.0,2024-03-31
U0686,A033,4.0,2024-04-02
U0686,A054,3.5,2024-06-28
U0686,A030,2.5,2024-09-02
U0686,A019,1.5,2024-08-25
U0686,A040,3.5,2024-06-13
U0686,A053,3.5,2024-05-13
U0686,A038,3.0,2024-07-04
U0686,A001,4.0,2024-10-14
U0686,A059,3.5,2024-11-17
U0686,A058,3.0,2024-05-16
U0687,A024,3.0,2024-04-11
U0687,A032,3.0,2024-08-14
U0687,A047,3.0,2024-04-21
U0687,A046,3.0,2024-10-16
U0687,A031,3.0,2024-12-01
U0687,A041,3.5,2024-10-25
U0687,A060,3.5,2024-04-05
U0687,A021,3.0,2024-01-15
U0687,A037,4.0,2024-06-15
U0687,A006,2.5,2024-04-03
U0687,A042,3.5,2024-03-29
U0687,A053,3.5,2024-03-20
U0687,A038,3.0,2024-10-22
U0687,A058,3.0,2024-10-17
U0687,A049,3.0,2024-11-10
U0688,A055,3.0,2024-03-26
U0688,A040,3.5,2024-06-15
U0688,A019,3.5,2024-11-30
U0688,A026,3.0,2024-07-05
U0688,A041,4.0,2024-12-25
U0688,A043,3.0,2024-05-05
U0688,A015,3.5,2024-10-22
U0688,A053,4.5,2024-10-03
U0688,A009,4.0,2024-04-14
U0688,A004,4.5,2024-06-12
U0688,A052,3.5,2024-10-11
U0689,A028,3.5,2024-05-13
U0689,A024,3.0,2024-05-09
U0689,A005,2.5,2024-10-22
U0689,A047,3.0,2024-09-12
U0689,A030,3.5,2024-11-08
U0689,A019,4.0,2024-02-29
U0689,A060,2.0,2024-04-02
U0689,A020,3.5,2024-08-16
U0689,A042,4.0,2024-11-05
U0689,A059,2.0,2024-10-25
U0689,A058,3.0,2024-08-12
U0689,A049,2.5,2024-01-02
U0690,A028,1.5,2024-09-08
U0690,A032,3.5,2024-12-28
U0690,A034,3.5,2024-06-16
U0690,A057,4.0,2024-03-11
U0690,A046,2.5,2024-10-23
U0690,A038,3.5,2024-10-12
U0690,A048,3.0,2024-09-22
U0690,A008,3.5,2024-05-04
U0690,A058,3.5,2024-03-07
U0690,A049,2.5,2024-03-17
U0691,A024,3.0,2024-01-20
U0691,A033,3.5,2024-01-23
U0691,A034,3.5,2024-05-15
U0691,A015,3.0,2024-10-10
U0691,A021,3.0,2024-09-07
U0691,A039,4.0,2024-11-06
U0691,A059,2.0,2024-12-17
U0691,A029,4.0,2024-08-26
U0692,A007,3.0,2024-10-20
U0692,A051,3.0,2024-06-13
U0692,A034,2.5,2024-02-26
U0692,A057,3.0,2024-08-23
U0692,A031,4.0,2024-02-04
U0692,A022,2.5,2024-06-26
U0692,A021,3.5,2024-03-24
U0692,A053,3.0,2024-04-17
U0692,A023,3.5,2024-10-19
U0692,A027,3.0,2024-02-17
U0692,A042,3.0,2024-01-12
U0692,A044,3.0,2024-03-17
U0692,A059,4.0,2024-11-25
U0692,A003,3.5,2024-10-22
U0692,A052,3.5,2024-03-26
U0693,A051,3.0,2024-04-17
U0693,A030,3.0,2024-12-17
U0693,A057,4.0,2024-10-30
U0693,A060,3.0,2024-09-12
U0693,A043,4.0,2024-02-17
U0693,A016,2.5,2024-11-07
U0693,A013,3.5,2024-02-28
U0693,A042,4.0,2024-03-15
U0693,A037,3.5,2024-07-22
U0693,A039,3.5,2024-01-25
U0693,A058,2.5,2024-11-20
U0693,A010,3.5,2024-03-18
U0693,A014,2.5,2024-03-18
U0694,A002,3.0,2024-11-06
U0694,A034,1.5,2024-12-10
U0694,A046,2.5,2024-02-15
U0694,A060,3.5,2024-02-29
U0694,A020,2.5,2024-02-27
U0694,A039,3.0,2024-07-14
U0694,A033,3.0,2024-07-25
U0694,A049,2.0,2024-02-23
U0694,A014,4.0,2024-03-07
U0695,A044,3.0,2024-04-11
U0695,A055,3.5,2024-11-14
U0695,A047,3.5,2024-04-19
U0695,A025,3.5,2024-01-19
U0695,A057,3.0,2024-05-30
U0695,A046,2.5,2024-10-19
U0695,A050,4.0,2024-04-08
U0695,A039,4.5,2024-08-08
U0695,A008,3.5,2024-07-13
U0695,A012,3.0,2024-06-21
U0696,A029,2.0,2024-11-16
U0696,A024,3.0,2024-09-25
U0696,A025,3.5,2024-03-12
U0696,A017,3.5,2024-06-21
U0696,A030,4.0,2024-01-05
U0696,A040,2.5,2024-10-22
U0696,A015,3.0,2024-12-06
U0696,A023,2.5,2024-06-16
U0696,A058,2.0,2024-03-09
U0696,A027,3.0,2024-03-17
U0696,A014,2.5,2024-11-01
U0697,A028,4.0,2024-01-09
U0697,A002,4.0,2024-02-19
U0697,A036,3.5,2024-04-27
U0697,A019,3.0,2024-08-20
U0697,A057,1.0,2024-03-01
U0697,A022,3.5,2024-03-13
U0697,A046,3.0,2024-05-21
U0697,A016,3.0,2024-04-07
U0697,A013,1.5,2024-08-05
U0697,A037,3.5,2024-07-02
U0697,A044,2.0,2024-10-08
U0697,A003,3.0,2024-06-16
U0698,A002,2.0,2024-11-10
U0698,A047,2.5,2024-03-23
U0698,A017,4.0,2024-09-02
U0698,A025,3.5,2024-04-28
U0698,A054,2.5,2024-10-12
U0698,A057,2.0,2024-09-10
U0698,A041,3.0,2024-05-22
U0698,A013,2.0,2024-01-31
U0698,A053,3.0,2024-03-26
U0698,A042,5.0,2024-11-02
U0698,A006,2.0,2024-11-13
U0698,A048,3.0,2024-02-01
U0698,A033,4.0,2024-08-14
U0699,A007,4.0,2024-09-28
U0699,A017,3.0,2024-11-28
U0699,A045,4.0,2024-02-24
U0699,A041,3.0,2024-06-24
U0699,A050,2.0,2024-06-12
U0699,A039,3.0,2024-05-13
U0699,A049,3.5,2024-03-22
U0699,A010,3.5,2024-12-16
U0699,A029,3.0,2024-11-19
U0700,A024,3.0,2024-07-04
U0700,A051,3.0,2024-07-26
U0700,A047,1.5,2024-09-11
U0700,A057,3.0,2024-10-15
U0700,A050,2.5,2024-11-23
U0700,A023,3.5,2024-08-19
U0700,A056,2.5,2024-07-07
U0700,A058,3.0,2024-08-04
U0701,A032,3.0,2024-03-11
U0701,A051,3.0,2024-05-08
U0701,A026,2.0,2024-08-24
U0701,A057,3.0,2024-08-10
U0701,A060,3.0,2024-01-02
U0701,A020,3.0,2024-02-26
U0701,A053,3.5,2024-01-23
U0701,A006,3.5,2024-10-11
U0701,A044,2.5,2024-01-31
U0701,A059,3.0,2024-03-01
U0701,A003,3.0,2024-09-20
U0701,A052,3.0,2024-03-03
U0702,A024,3.0,2024-02-16
U0702,A019,4.5,2024-09-07
U0702,A057,3.0,2024-03-23
U0702,A026,3.5,2024-08-04
U0702,A060,3.5,2024-09-21
U0702,A037,2.5,2024-01-22
U0702,A004,3.0,2024-10-05
U0702,A027,3.0,2024-01-07
U0703,A044,3.0,2024-08-25
U0703,A018,2.5,2024-02-13
U0703,A024,3.5,2024-04-10
U0703,A031,4.0,2024-09-17
U0703,A023,2.5,2024-01-22
U0703,A038,2.5,2024-07-28
U0703,A048,4.5,2024-08-19
U0703,A003,3.5,2024-02-22
U0703,A012,3.0,2024-05-06
U0704,A018,3.0,2024-09-08
U0704,A051,2.5,2024-06-02
U0704,A026,3.5,2024-04-12
U0704,A040,3.5,2024-07-24
U0704,A031,3.0,2024-03-30
U0704,A038,3.5,2024-02-28
U0704,A044,3.0,2024-12-26
U0704,A027,3.5,2024-04-10
U0705,A055,4.0,2024-11-01
U0705,A036,3.0,2024-05-09
U0705,A019,3.0,2024-09-11
U0705,A037,3.0,2024-01-16
U0705,A006,2.5,2024-04-14
U0705,A039,3.0,2024-03-02
U0705,A008,4.0,2024-10-14
U0705,A003,4.0,2024-01-03
U0706,A028,5.0,2024-09-25
U0706,A032,4.5,2024-05-03
U0706,A034,3.5,2024-03-11
U0706,A060,3.5,2024-12-24
U0706,A041,2.5,2024-08-31
U0706,A043,2.5,2024-01-10
U0706,A015,3.0,2024-01-17
U0706,A042,3.5,2024-01-30
U0706,A053,2.0,2024-05-16
U0706,A037,4.0,2024-07-25
U0706,A008,3.0,2024-07-31
U0706,A014,3.0,2024-08-05
U0706,A029,3.5,2024-02-21
U0707,A002,4.0,2024-01-20
U0707,A054,3.0,2024-01-11
U0707,A040,4.0,2024-12-01
U0707,A031,3.5,2024-05-14
U0707,A022,3.5,2024-10-26
U0707,A060,3.0,2024-04-30
U0707,A020,5.0,2024-10-05
U0707,A006,1.5,2024-10-09
U0707,A001,4.0,2024-02-04
U0707,A059,4.0,2024-10-15
U0707,A011,2.5,2024-12-24
U0707,A014,5.0,2024-12-28
U0708,A017,2.5,2024-09-27
U0708,A019,2.5,2024-09-09
U0708,A057,2.0,2024-11-23
U0708,A031,2.5,2024-04-24
U0708,A043,2.5,2024-11-27
U0708,A022,4.5,2024-02-03
U0708,A042,3.5,2024-04-11
U0708,A056,3.5,2024-08-25
U0708,A001,2.5,2024-10-29
U0708,A008,3.5,2024-08-12
U0708,A049,2.0,2024-12-16
U0708,A052,3.0,2024-03-02
U0709,A007,3.5,2024-05-07
U0709,A002,3.0,2024-04-29
U0709,A051,4.5,2024-03-30
U0709,A017,2.5,2024-06-14
U0709,A040,4.0,2024-08-11
U0709,A019,4.0,2024-04-03
U0709,A060,4.5,2024-04-17
U0709,A046,3.5,2024-12-18
U0709,A020,2.5,2024-09-20
U0709,A053,4.5,2024-12-08
U0709,A056,3.0,2024-10-29
U0709,A001,2.5,2024-10-31
U0709,A058,3.0,2024-05-28
U0709,A027,2.5,2024-10-25
U0710,A060,2.5,2024-09-20
U0710,A020,2.5,2024-08-23
U0710,A039,2.5,2024-10-03
U0710,A013,4.0,2024-03-28
U0710,A023,3.5,2024-02-24
U0710,A048,2.0,2024-02-15
U0710,A058,3.5,2024-07-29
U0710,A003,2.5,2024-01-29
U0710,A035,2.5,2024-03-22
U0711,A032,2.0,2024-02-12
U0711,A051,2.5,2024-08-15
U0711,A036,2.5,2024-01-12
U0711,A060,3.5,2024-10-02
U0711,A009,3.0,2024-09-14
U0711,A004,3.0,2024-11-16
U0711,A003,2.5,2024-10-27
U0711,A014,2.5,2024-05-28
U0712,A033,3.0,2024-07-01
U0712,A024,3.5,2024-09-24
U0712,A017,3.5,2024-09-19
U0712,A057,3.0,2024-04-29
U0712,A060,3.5,2024-10-19
U0712,A021,3.5,2024-08-13
U0712,A037,3.0,2024-09-16
U0712,A059,2.5,2024-07-10
U0713,A005,2.5,2024-06-02
U0713,A047,3.5,2024-10-31
U0713,A030,3.5,2024-07-25
U0713,A040,3.5,2024-02-16
U0713,A057,2.0,2024-11-27
U0713,A060,2.5,2024-12-08
U0713,A022,3.0,2024-02-13
U0713,A015,3.5,2024-03-21
U0713,A021,2.5,2024-09-18
U0713,A023,4.0,2024-09-12
U0713,A053,3.0,2024-12-11
U0713,A039,3.5,2024-10-29
U0713,A059,2.0,2024-05-18
U0713,A058,3.0,2024-03-25
U0713,A029,2.0,2024-11-03
U0714,A028,3.5,2024-02-15
U0714,A032,3.0,2024-10-24
U0714,A054,3.5,2024-08-04
U0714,A026,2.0,2024-02-27
U0714,A057,4.0,2024-06-30
U0714,A060,2.5,2024-08-06
U0714,A031,3.0,2024-01-23
U0714,A043,3.5,2024-09-10
U0714,A021,3.5,2024-10-09
U0714,A009,3.0,2024-11-24
U0714,A038,2.0,2024-05-07
U0714,A011,3.5,2024-03-31
U0714,A003,4.0,2024-09-06
U0714,A035,2.5,2024-05-25
U0715,A018,4.5,2024-11-08
U0715,A019,2.5,2024-07-11
U0715,A046,2.5,2024-07-15
U0715,A040,3.5,2024-10-06
U0715,A057,4.0,2024-05-07
U0715,A045,2.5,2024-05-15
U0715,A037,3.5,2024-11-09
U0715,A027,2.5,2024-08-07
U0715,A044,3.5,2024-01-14
U0715,A049,2.5,2024-05-16
U0715,A035,4.0,2024-08-19
U0716,A032,3.5,2024-05-04
U0716,A036,4.0,2024-11-18
U0716,A003,3.5,2024-07-27
U0716,A048,3.0,2024-05-20
U0716,A015,3.5,2024-10-04
U0716,A053,3.0,2024-10-06
U0716,A056,3.5,2024-03-05
U0716,A038,2.5,2024-01-01
U0716,A001,2.5,2024-09-14
U0716,A033,2.5,2024-10-20
U0716,A059,3.5,2024-04-23
U0716,A049,2.5,2024-05-16
U0717,A024,4.5,2024-02-07
U0717,A005,2.5,2024-04-19
U0717,A025,3.0,2024-02-27
U0717,A017,2.0,2024-10-27
U0717,A030,3.0,2024-05-07
U0717,A057,2.5,2024-07-02
U0717,A031,3.0,2024-12-04
U0717,A060,4.0,2024-11-03
U0717,A022,3.0,2024-11-23
U0717,A042,3.0,2024-03-24
U0717,A021,3.0,2024-04-14
U0717,A001,2.5,2024-07-27
U0717,A014,3.5,2024-02-25
U0717,A029,3.5,2024-04-29
U0718,A024,3.5,2024-07-24
U0718,A036,3.0,2024-06-19
U0718,A026,4.0,2024-12-24
U0718,A031,3.5,2024-01-12
U0718,A020,1.5,2024-03-25
U0718,A013,3.5,2024-07-03
U0718,A037,4.0,2024-05-22
U0718,A006,4.0,2024-06-03
U0718,A009,3.5,2024-09-10
U0718,A033,4.5,2024-03-15
U0718,A035,3.5,2024-05-14
U0719,A032,4.0,2024-10-17
U0719,A051,4.0,2024-08-01
U0719,A045,3.5,2024-07-24
U0719,A031,4.5,2024-02-02
U0719,A006,4.5,2024-08-28
U0719,A004,3.0,2024-09-04
U0719,A039,5.0,2024-02-03
U0719,A010,4.5,2024-09-21
U0719,A035,3.0,2024-03-05
U0720,A055,1.5,2024-09-21
U0720,A005,3.5,2024-02-23
U0720,A045,2.5,2024-04-25
U0720,A057,3.5,2024-06-16
U0720,A022,2.5,2024-11-14
U0720,A046,3.0,2024-04-04
U0720,A037,3.5,2024-07-20
U0720,A023,3.0,2024-11-16
U0720,A008,3.0,2024-07-11
U0720,A058,4.0,2024-05-15
U0720,A035,2.5,2024-10-06
U0720,A014,2.5,2024-08-04
U0721,A028,2.5,2024-01-26
U0721,A018,3.5,2024-02-26
U0721,A051,3.0,2024-03-04
U0721,A030,4.5,2024-11-10
U0721,A040,2.5,2024-03-10
U0721,A060,4.0,2024-11-02
U0721,A022,3.0,2024-12-13
U0721,A056,3.0,2024-04-02
U0721,A044,3.0,2024-01-30
U0721,A011,2.5,2024-12-17
U0721,A035,3.5,2024-09-01
U0722,A024,3.5,2024-07-29
U0722,A047,5.0,2024-12-29
U0722,A030,3.0,2024-11-27
U0722,A040,3.0,2024-03-05
U0722,A057,2.5,2024-02-21
U0722,A045,3.0,2024-09-20
U0722,A060,4.5,2024-10-23
U0722,A050,4.0,2024-05-13
U0722,A037,3.0,2024-06-16
U0722,A042,3.5,2024-07-09
U0722,A004,2.5,2024-11-02
U0722,A059,2.5,2024-01-29
U0722,A029,3.5,2024-07-13
U0723,A055,2.5,2024-08-10
U0723,A005,2.5,2024-08-08
U0723,A047,3.0,2024-09-11
U0723,A025,3.0,2024-07-29
U0723,A019,3.0,2024-01-26
U0723,A022,3.5,2024-06-16
U0723,A041,3.5,2024-08-11
U0723,A013,3.5,2024-05-14
U0723,A021,2.5,2024-03-23
U0723,A023,2.5,2024-01-08
U0723,A001,3.5,2024-06-08
U0723,A027,3.5,2024-06-10
U0723,A010,2.5,2024-08-04
U0723,A035,3.5,2024-07-05
U0723,A029,2.5,2024-09-07
U0724,A049,2.5,2024-07-14
U0724,A018,4.5,2024-03-07
U0724,A007,3.0,2024-11-20
U0724,A005,4.0,2024-04-04
U0724,A034,4.0,2024-08-02
U0724,A036,2.5,2024-06-21
U0724,A019,4.0,2024-12-24
U0724,A031,3.5,2024-05-28
U0724,A039,2.5,2024-01-28
U0724,A004,3.5,2024-02-25
U0724,A021,2.5,2024-07-22
U0724,A038,4.0,2024-11-19
U0724,A044,3.5,2024-06-20
U0724,A058,3.0,2024-11-05
U0724,A027,4.0,2024-11-07
U0725,A008,2.0,2024-12-21
U0725,A007,3.5,2024-12-02
U0725,A047,4.5,2024-08-30
U0725,A060,5.0,2024-06-08
U0725,A020,2.5,2024-07-24
U0725,A015,4.0,2024-03-09
U0725,A023,3.5,2024-06-10
U0725,A004,4.0,2024-11-09
U0725,A033,3.0,2024-02-04
U0725,A058,4.0,2024-07-18
U0725,A059,2.5,2024-01-15
U0725,A049,5.0,2024-02-23
U0725,A014,3.5,2024-02-10
U0726,A055,3.5,2024-02-25
U0726,A018,2.5,2024-08-30
U0726,A002,3.0,2024-10-28
U0726,A017,3.5,2024-09-21
U0726,A045,2.5,2024-07-21
U0726,A057,2.5,2024-09-03
U0726,A031,3.0,2024-12-30
U0726,A043,2.5,2024-09-10
U0726,A001,4.0,2024-10-13
U0726,A014,3.5,2024-03-06
U0727,A018,3.5,2024-05-14
U0727,A054,4.5,2024-03-25
U0727,A045,3.0,2024-11-22
U0727,A022,2.5,2024-08-05
U0727,A043,2.5,2024-02-08
U0727,A041,2.5,2024-03-16
U0727,A056,3.0,2024-02-26
U0727,A038,3.0,2024-03-25
U0727,A039,3.0,2024-01-28
U0727,A003,3.0,2024-04-14
U0727,A014,3.0,2024-09-27
U0728,A028,4.0,2024-09-20
U0728,A051,3.0,2024-03-30
U0728,A045,2.0,2024-06-07
U0728,A060,2.0,2024-03-06
U0728,A020,3.0,2024-03-04
U0728,A016,2.5,2024-12-09
U0728,A039,3.5,2024-10-12
U0728,A041,3.0,2024-12-21
U0728,A037,3.0,2024-04-29
U0728,A006,4.0,2024-09-14
U0728,A044,2.0,2024-06-15
U0728,A058,2.5,2024-05-09
U0729,A033,3.5,2024-03-19
U0729,A002,4.0,2024-08-17
U0729,A047,4.0,2024-05-26
U0729,A017,4.5,2024-10-02
U0729,A030,4.0,2024-11-10
U0729,A025,3.0,2024-09-08
U0729,A034,2.5,2024-12-15
U0729,A048,2.5,2024-11-13
U0729,A037,3.5,2024-02-13
U0729,A004,3.0,2024-08-18
U0729,A044,3.0,2024-08-12
U0729,A059,3.5,2024-07-22
U0729,A052,2.5,2024-04-15
U0730,A055,2.5,2024-06-30
U0730,A033,4.5,2024-01-07
U0730,A025,3.5,2024-12-01
U0730,A031,3.5,2024-10-04
U0730,A020,2.5,2024-02-01
U0730,A016,3.5,2024-02-04
U0730,A053,4.0,2024-11-06
U0730,A009,3.0,2024-07-17
U0730,A038,3.0,2024-05-06
U0730,A048,3.0,2024-01-22
U0730,A059,4.0,2024-05-10
U0731,A034,4.0,2024-12-24
U0731,A047,4.0,2024-11-20
U0731,A025,4.5,2024-02-23
U0731,A026,2.5,2024-09-20
U0731,A043,3.5,2024-02-05
U0731,A013,2.5,2024-07-21
U0731,A021,2.5,2024-08-13
U0731,A037,3.5,2024-08-30
U0731,A042,3.5,2024-09-15
U0731,A050,4.0,2024-05-26
U0731,A044,3.0,2024-09-20
U0731,A059,3.0,2024-02-04
U0731,A012,3.5,2024-08-05
U0732,A005,2.5,2024-11-13
U0732,A025,2.5,2024-04-21
U0732,A017,3.0,2024-08-18
U0732,A051,3.0,2024-12-26
U0732,A034,2.5,2024-10-09
U0732,A036,4.0,2024-02-24
U0732,A046,3.0,2024-01-08
U0732,A022,4.5,2024-11-24
U0732,A048,2.5,2024-12-17
U0732,A053,2.0,2024-11-29
U0732,A009,3.5,2024-12-08
U0732,A001,4.5,2024-06-13
U0732,A052,4.0,2024-05-03
U0733,A055,5.0,2024-12-19
U0733,A025,3.5,2024-11-02
U0733,A030,3.0,2024-02-01
U0733,A045,2.0,2024-06-05
U0733,A043,3.5,2024-06-10
U0733,A041,3.0,2024-09-03
U0733,A037,3.5,2024-10-23
U0733,A009,2.5,2024-12-25
U0733,A010,4.5,2024-03-09
U0734,A002,3.5,2024-11-28
U0734,A024,4.0,2024-04-25
U0734,A051,3.5,2024-10-30
U0734,A034,3.0,2024-08-18
U0734,A045,2.5,2024-03-24
U0734,A046,4.0,2024-09-23
U0734,A043,4.0,2024-04-30
U0734,A015,5.0,2024-05-01
U0734,A037,4.0,2024-10-17
U0734,A035,3.0,2024-02-22
U0734,A009,2.5,2024-03-18
U0734,A001,3.0,2024-02-27
U0734,A033,3.0,2024-11-26
U0734,A058,5.0,2024-12-03
U0734,A012,4.0,2024-10-08
U0735,A007,3.0,2024-04-04
U0735,A034,2.5,2024-04-27
U0735,A025,2.5,2024-03-30
U0735,A047,3.0,2024-01-02
U0735,A040,3.5,2024-01-09
U0735,A041,3.5,2024-02-02
U0735,A013,3.0,2024-12-20
U0735,A050,3.5,2024-09-24
U0735,A023,3.0,2024-07-16
U0735,A021,3.5,2024-08-24
U0735,A033,4.5,2024-08-10
U0735,A058,3.5,2024-07-13
U0735,A010,3.5,2024-02-28
U0735,A012,3.5,2024-01-24
U0735,A014,4.5,2024-01-16
U0736,A001,2.5,2024-11-28
U0736,A017,4.0,2024-05-04
U0736,A036,2.5,2024-11-24
U0736,A019,3.5,2024-02-13
U0736,A057,3.0,2024-10-28
U0736,A039,3.5,2024-09-18
U0736,A016,5.0,2024-01-25
U0736,A053,3.5,2024-09-04
U0736,A009,3.5,2024-05-21
U0736,A050,3.5,2024-08-03
U0736,A048,3.0,2024-10-08
U0736,A059,3.5,2024-11-24
U0736,A052,4.5,2024-03-11
U0736,A012,4.0,2024-04-09
U0736,A014,5.0,2024-06-10
U0737,A044,3.5,2024-05-22
U0737,A025,4.0,2024-06-17
U0737,A030,3.5,2024-10-28
U0737,A045,3.5,2024-07-13
U0737,A019,2.5,2024-08-12
U0737,A031,3.5,2024-02-08
U0737,A039,2.5,2024-06-18
U0737,A013,2.0,2024-01-11
U0737,A004,3.5,2024-12-18
U0737,A048,4.0,2024-01-24
U0737,A059,3.0,2024-08-11
U0737,A010,3.0,2024-08-09
U0738,A028,2.0,2024-10-29
U0738,A024,2.0,2024-05-17
U0738,A005,3.0,2024-11-12
U0738,A047,3.5,2024-08-28
U0738,A030,3.0,2024-01-22
U0738,A040,3.0,2024-09-24
U0738,A026,3.5,2024-11-10
U0738,A031,3.5,2024-01-08
U0738,A053,3.0,2024-07-07
U0738,A037,3.0,2024-10-14
U0738,A056,2.5,2024-04-09
U0738,A048,3.5,2024-08-08
U0738,A059,2.0,2024-08-02
U0738,A029,2.5,2024-10-07
U0739,A055,3.0,2024-10-12
U0739,A007,4.0,2024-10-11
U0739,A025,3.0,2024-09-23
U0739,A046,3.5,2024-11-21
U0739,A022,2.5,2024-10-16
U0739,A031,3.0,2024-03-01
U0739,A042,3.5,2024-08-29
U0739,A037,3.0,2024-09-27
U0739,A003,4.5,2024-12-15
U0739,A035,3.5,2024-12-04
U0739,A029,4.0,2024-11-24
U0740,A001,3.5,2024-03-08
U0740,A002,3.5,2024-08-08
U0740,A047,3.5,2024-12-25
U0740,A030,4.0,2024-07-02
U0740,A045,3.5,2024-08-20
U0740,A057,3.0,2024-11-19
U0740,A022,5.0,2024-09-24
U0740,A060,2.5,2024-10-22
U0740,A041,4.5,2024-10-13
U0740,A048,2.5,2024-04-05
U0740,A053,4.0,2024-07-13
U0740,A042,4.5,2024-01-08
U0740,A056,2.0,2024-06-03
U0740,A044,3.5,2024-02-10
U0740,A003,4.0,2024-10-10
U0741,A028,3.5,2024-05-28
U0741,A002,3.0,2024-12-27
U0741,A036,2.5,2024-02-16
U0741,A054,3.5,2024-12-09
U0741,A020,3.0,2024-03-11
U0741,A038,4.0,2024-09-06
U0741,A049,3.5,2024-05-31
U0741,A014,3.0,2024-07-16
U0742,A032,4.0,2024-03-24
U0742,A022,4.0,2024-03-13
U0742,A041,2.5,2024-11-04
U0742,A037,4.5,2024-09-01
U0742,A048,2.5,2024-06-20
U0742,A033,4.5,2024-09-19
U0742,A029,4.5,2024-10-27
U0742,A049,3.5,2024-02-08
U0742,A035,4.0,2024-08-18
U0742,A014,5.0,2024-01-28
U0743,A001,3.0,2024-03-05
U0743,A033,4.5,2024-07-06
U0743,A025,3.5,2024-09-11
U0743,A036,3.5,2024-01-01
U0743,A046,2.0,2024-12-29
U0743,A057,2.5,2024-10-21
U0743,A037,2.5,2024-01-10
U0743,A044,2.5,2024-01-26
U0743,A059,3.5,2024-02-02
U0743,A058,3.5,2024-11-19
U0743,A010,3.5,2024-07-23
U0743,A014,2.5,2024-04-22
U0744,A032,3.5,2024-09-23
U0744,A025,2.5,2024-11-29
U0744,A026,3.0,2024-09-21
U0744,A057,2.5,2024-04-03
U0744,A060,2.5,2024-03-23
U0744,A041,3.0,2024-12-18
U0744,A020,3.0,2024-05-14
U0744,A039,2.5,2024-08-19
U0744,A046,3.0,2024-05-03
U0744,A037,3.5,2024-02-16
U0744,A044,3.5,2024-03-10
U0744,A027,2.0,2024-08-02
U0744,A035,3.0,2024-02-07
U0745,A055,4.0,2024-04-26
U0745,A018,3.0,2024-08-13
U0745,A032,3.5,2024-01-28
U0745,A047,4.0,2024-10-18
U0745,A036,3.5,2024-03-10
U0745,A054,3.5,2024-04-12
U0745,A040,2.5,2024-01-23
U0745,A057,4.0,2024-01-17
U0745,A048,3.5,2024-08-24
U0745,A037,3.0,2024-02-06
U0745,A056,4.0,2024-08-08
U0745,A044,5.0,2024-10-30
U0745,A003,2.0,2024-06-09
U0745,A052,2.5,2024-12-14
U0746,A044,3.5,2024-11-26
U0746,A040,2.0,2024-03-13
U0746,A060,3.0,2024-10-17
U0746,A043,4.0,2024-09-24
U0746,A016,2.5,2024-08-27
U0746,A001,4.5,2024-07-30
U0746,A027,3.5,2024-10-30
U0746,A035,2.5,2024-10-11
U0747,A032,2.5,2024-08-30
U0747,A025,2.0,2024-04-13
U0747,A040,4.0,2024-06-08
U0747,A045,3.0,2024-10-02
U0747,A043,4.0,2024-02-12
U0747,A041,2.0,2024-04-19
U0747,A038,2.5,2024-02-06
U0747,A044,2.5,2024-01-19
U0747,A059,4.0,2024-05-12
U0747,A010,3.5,2024-06-19
U0747,A029,1.5,2024-01-24
U0748,A028,3.0,2024-08-12
U0748,A002,2.5,2024-05-11
U0748,A051,4.0,2024-09-25
U0748,A036,2.5,2024-05-03
U0748,A058,4.0,2024-06-21
U0748,A026,3.0,2024-03-18
U0748,A046,2.0,2024-08-03
U0748,A050,3.5,2024-09-28
U0748,A011,4.0,2024-01-31
U0748,A029,3.0,2024-07-26
U0749,A018,2.5,2024-07-14
U0749,A034,4.0,2024-11-18
U0749,A017,3.5,2024-06-01
U0749,A030,4.5,2024-07-26
U0749,A045,3.5,2024-03-11
U0749,A026,4.0,2024-10-03
U0749,A016,2.5,2024-01-25
U0749,A021,3.0,2024-06-18
U0749,A039,3.5,2024-06-20
U0749,A033,1.5,2024-01-28
U0749,A035,3.5,2024-08-16
U0749,A029,2.5,2024-08-15
U0750,A028,3.0,2024-01-05
U0750,A018,3.0,2024-10-31
U0750,A030,3.5,2024-01-18
U0750,A057,4.0,2024-10-03
U0750,A050,3.5,2024-06-19
U0750,A037,4.0,2024-06-15
U0750,A006,4.0,2024-02-24
U0750,A059,3.0,2024-01-22
U0750,A058,4.0,2024-09-09
U0750,A003,2.5,2024-11-18
U0750,A012,3.0,2024-12-24
U0750,A014,3.5,2024-06-07
U0751,A007,3.5,2024-03-13
U0751,A032,3.0,2024-06-17
U0751,A030,3.5,2024-05-31
U0751,A057,3.5,2024-12-26
U0751,A031,1.5,2024-08-15
U0751,A021,3.5,2024-12-15
U0751,A004,3.0,2024-07-18
U0751,A014,3.0,2024-01-28
U0752,A049,1.5,2024-01-01
U0752,A047,2.5,2024-02-12
U0752,A036,3.0,2024-12-07
U0752,A017,1.5,2024-03-10
U0752,A045,3.0,2024-04-03
U0752,A004,3.0,2024-08-12
U0752,A048,3.0,2024-06-09
U0752,A011,2.0,2024-10-16
U0752,A003,3.5,2024-07-01
U0752,A052,2.5,2024-01-31
U0753,A002,3.5,2024-04-03
U0753,A036,3.5,2024-06-26
U0753,A060,2.5,2024-12-01
U0753,A048,4.0,2024-12-17
U0753,A006,4.5,2024-12-17
U0753,A004,3.0,2024-10-28
U0753,A039,3.5,2024-05-12
U0753,A033,4.5,2024-08-13
U0754,A044,2.0,2024-12-28
U0754,A024,2.5,2024-10-29
U0754,A047,3.5,2024-12-11
U0754,A054,3.0,2024-07-06
U0754,A017,3.0,2024-11-25
U0754,A034,2.5,2024-01-15
U0754,A025,2.0,2024-04-28
U0754,A060,3.0,2024-12-07
U0754,A030,3.5,2024-02-03
U0754,A022,2.5,2024-01-25
U0754,A039,4.0,2024-01-05
U0754,A038,3.0,2024-07-20
U0754,A001,2.5,2024-05-27
U0755,A001,4.0,2024-09-16
U0755,A036,3.5,2024-11-09
U0755,A022,3.5,2024-12-23
U0755,A043,3.5,2024-05-25
U0755,A013,3.0,2024-02-02
U0755,A023,3.5,2024-02-06
U0755,A037,3.5,2024-10-04
U0755,A004,3.0,2024-06-02
U0755,A048,3.5,2024-11-16
U0755,A058,3.5,2024-11-10
U0755,A027,2.5,2024-02-18
U0756,A028,3.5,2024-01-18
U0756,A018,3.0,2024-01-31
U0756,A036,2.5,2024-07-27
U0756,A057,2.5,2024-09-06
U0756,A022,3.5,2024-10-18
U0756,A041,2.0,2024-10-22
U0756,A037,2.5,2024-01-07
U0756,A004,3.0,2024-11-25
U0756,A039,2.5,2024-01-10
U0756,A059,3.0,2024-07-22
U0756,A058,3.0,2024-10-19
U0757,A005,2.0,2024-04-09
U0757,A034,3.0,2024-10-18
U0757,A054,3.0,2024-05-27
U0757,A045,4.5,2024-06-06
U0757,A040,2.5,2024-10-24
U0757,A046,4.0,2024-12-23
U0757,A057,4.5,2024-07-10
U0757,A060,4.0,2024-04-25
U0757,A015,4.5,2024-01-11
U0757,A042,4.5,2024-01-02
U0757,A035,3.5,2024-07-20
U0757,A039,4.0,2024-09-08
U0757,A011,3.5,2024-08-22
U0757,A012,3.5,2024-07-12
U0758,A028,2.0,2024-05-10
U0758,A007,3.5,2024-03-07
U0758,A047,3.5,2024-07-19
U0758,A020,3.5,2024-04-04
U0758,A016,3.5,2024-05-26
U0758,A023,3.0,2024-02-24
U0758,A059,4.0,2024-08-23
U0758,A058,4.0,2024-10-02
U0758,A052,3.0,2024-05-10
U0758,A014,3.5,2024-04-04
U0759,A025,3.0,2024-01-24
U0759,A026,2.5,2024-07-01
U0759,A057,3.0,2024-05-05
U0759,A019,3.0,2024-01-03
U0759,A006,3.5,2024-11-22
U0759,A039,1.0,2024-10-03
U0759,A011,2.5,2024-10-11
U0759,A035,3.5,2024-07-30
U0760,A032,2.5,2024-12-13
U0760,A030,3.5,2024-06-20
U0760,A045,4.0,2024-08-21
U0760,A057,4.0,2024-06-20
U0760,A041,3.0,2024-10-15
U0760,A043,4.0,2024-10-11
U0760,A042,5.0,2024-10-05
U0760,A053,3.5,2024-08-18
U0760,A023,3.5,2024-06-14
U0760,A001,4.0,2024-10-16
U0760,A058,3.5,2024-04-05
U0760,A049,4.0,2024-02-14
U0761,A025,3.0,2024-12-21
U0761,A047,2.5,2024-03-13
U0761,A019,4.0,2024-08-22
U0761,A026,3.0,2024-07-08
U0761,A060,3.0,2024-06-30
U0761,A045,3.5,2024-09-23
U0761,A013,3.0,2024-04-05
U0761,A004,2.0,2024-02-09
U0761,A033,3.0,2024-05-10
U0761,A027,3.5,2024-08-24
U0762,A044,2.5,2024-09-25
U0762,A002,3.0,2024-03-04
U0762,A034,3.5,2024-09-24
U0762,A025,3.0,2024-10-20
U0762,A036,2.0,2024-09-07
U0762,A045,2.5,2024-01-03
U0762,A057,3.0,2024-12-17
U0762,A031,3.5,2024-07-06
U0762,A041,3.0,2024-10-16
U0762,A048,2.5,2024-02-18
U0762,A038,3.5,2024-08-10
U0762,A001,4.5,2024-02-24
U0762,A033,4.0,2024-02-27
U0762,A058,4.5,2024-09-14
U0762,A014,2.5,2024-08-11
U0763,A018,4.0,2024-07-14
U0763,A024,2.0,2024-10-11
U0763,A032,3.5,2024-09-21
U0763,A036,3.0,2024-01-23
U0763,A030,3.0,2024-12-28
U0763,A022,3.5,2024-01-26
U0763,A009,2.5,2024-06-22
U0763,A038,3.0,2024-05-01
U0763,A044,2.0,2024-09-02
U0763,A033,3.0,2024-09-30
U0763,A012,1.5,2024-12-24
U0764,A055,4.0,2024-09-20
U0764,A024,4.5,2024-03-11
U0764,A032,3.5,2024-03-27
U0764,A005,2.5,2024-09-01
U0764,A060,3.5,2024-03-24
U0764,A041,2.0,2024-01-01
U0764,A037,3.0,2024-01-28
U0764,A056,3.5,2024-03-31
U0764,A039,5.0,2024-10-09
U0764,A003,3.5,2024-04-19
U0764,A052,3.5,2024-11-10
U0765,A049,3.0,2024-02-26
U0765,A008,4.5,2024-02-03
U0765,A051,3.0,2024-08-03
U0765,A017,1.5,2024-07-03
U0765,A057,1.5,2024-10-22
U0765,A041,5.0,2024-11-04
U0765,A042,1.5,2024-12-29
U0765,A021,3.0,2024-04-10
U0765,A033,2.0,2024-12-24
U0765,A059,2.5,2024-01-06
U0765,A003,2.5,2024-12-10
U0765,A035,1.5,2024-03-05
U0766,A047,4.0,2024-08-12
U0766,A026,2.5,2024-09-11
U0766,A003,3.0,2024-07-02
U0766,A004,4.0,2024-03-06
U0766,A039,4.0,2024-12-22
U0766,A058,4.5,2024-02-22
U0766,A049,3.5,2024-05-04
U0766,A035,4.0,2024-07-09
U0767,A028,3.5,2024-12-15
U0767,A024,4.0,2024-01-30
U0767,A026,2.0,2024-06-25
U0767,A060,3.5,2024-10-31
U0767,A041,3.0,2024-04-28
U0767,A031,3.0,2024-08-13
U0767,A053,2.5,2024-08-21
U0767,A023,3.0,2024-08-23
U0767,A037,3.0,2024-07-01
U0767,A039,3.5,2024-07-22
U0767,A059,2.5,2024-10-26
U0768,A024,4.0,2024-08-28
U0768,A047,2.5,2024-06-01
U0768,A040,3.0,2024-07-12
U0768,A057,3.0,2024-11-07
U0768,A042,3.0,2024-01-21
U0768,A037,2.5,2024-03-22
U0768,A056,2.0,2024-10-25
U0768,A033,3.0,2024-09-28
U0768,A049,2.5,2024-04-21
U0769,A055,3.5,2024-03-24
U0769,A005,3.0,2024-03-18
U0769,A034,2.5,2024-10-17
U0769,A045,3.0,2024-02-11
U0769,A057,3.5,2024-04-13
U0769,A043,2.0,2024-03-01
U0769,A013,4.0,2024-08-02
U0769,A010,3.5,2024-09-06
U0769,A029,3.0,2024-01-08
U0770,A028,2.5,2024-12-24
U0770,A018,2.0,2024-07-20
U0770,A030,3.0,2024-03-19
U0770,A060,3.0,2024-02-13
U0770,A016,2.0,2024-10-19
U0770,A053,2.5,2024-09-19
U0770,A023,3.5,2024-07-20
U0770,A029,2.5,2024-07-04
U0771,A007,3.5,2024-04-25
U0771,A005,2.5,2024-10-17
U0771,A051,3.5,2024-08-01
U0771,A011,3.0,2024-06-25
U0771,A026,1.0,2024-01-05
U0771,A046,2.5,2024-06-03
U0771,A022,3.0,2024-11-27
U0771,A031,2.5,2024-11-05
U0771,A043,3.5,2024-07-11
U0771,A053,2.5,2024-03-26
U0771,A059,3.5,2024-08-20
U0771,A058,2.5,2024-04-07
U0771,A035,4.0,2024-03-07
U0772,A002,2.5,2024-12-06
U0772,A040,3.0,2024-03-11
U0772,A045,3.5,2024-06-24
U0772,A043,4.0,2024-12-01
U0772,A053,2.5,2024-10-11
U0772,A037,4.5,2024-12-22
U0772,A042,3.0,2024-06-13
U0772,A033,3.5,2024-05-16
U0772,A049,3.0,2024-12-10
U0772,A027,3.0,2024-03-18
U0773,A024,5.0,2024-11-23
U0773,A007,3.5,2024-05-02
U0773,A047,3.5,2024-06-08
U0773,A060,3.0,2024-12-30
U0773,A022,3.5,2024-02-13
U0773,A041,3.5,2024-12-02
U0773,A021,2.5,2024-11-03
U0773,A009,2.0,2024-10-19
U0773,A010,2.5,2024-12-15
U0774,A018,4.5,2024-05-05
U0774,A005,3.5,2024-05-13
U0774,A041,2.5,2024-04-13
U0774,A016,2.5,2024-01-18
U0774,A020,4.0,2024-12-19
U0774,A021,2.5,2024-05-03
U0774,A050,3.0,2024-02-09
U0774,A042,2.0,2024-02-10
U0774,A023,3.5,2024-12-27
U0774,A004,3.5,2024-07-06
U0774,A044,2.0,2024-12-08
U0774,A059,3.5,2024-09-27
U0774,A011,3.5,2024-09-12
U0774,A035,3.5,2024-07-26
U0775,A054,3.5,2024-07-24
U0775,A045,2.5,2024-10-27
U0775,A060,2.5,2024-12-30
U0775,A006,3.5,2024-05-17
U0775,A038,2.5,2024-11-21
U0775,A044,3.5,2024-06-20
U0775,A059,4.0,2024-04-12
U0775,A027,4.0,2024-07-03
U0776,A017,2.0,2024-02-10
U0776,A025,2.0,2024-03-31
U0776,A030,3.0,2024-06-24
U0776,A019,2.5,2024-05-26
U0776,A057,3.0,2024-07-08
U0776,A060,2.5,2024-01-12
U0776,A050,2.5,2024-10-01
U0776,A059,4.5,2024-12-23
U0776,A010,3.0,2024-01-05
U0776,A035,2.0,2024-10-20
U0776,A029,3.5,2024-06-19
U0777,A008,2.5,2024-02-27
U0777,A007,2.5,2024-05-02
U0777,A036,2.5,2024-01-07
U0777,A057,4.5,2024-08-20
U0777,A060,3.0,2024-05-21
U0777,A015,4.0,2024-03-10
U0777,A037,3.0,2024-05-02
U0777,A006,3.5,2024-07-07
U0777,A033,3.5,2024-10-28
U0777,A059,2.5,2024-03-01
U0777,A003,2.5,2024-05-16
U0777,A010,3.5,2024-04-02
U0778,A055,3.0,2024-01-29
U0778,A007,3.0,2024-08-19
U0778,A032,3.0,2024-10-17
U0778,A051,3.0,2024-07-30
U0778,A047,3.5,2024-04-22
U0778,A034,3.0,2024-12-02
U0778,A040,3.0,2024-08-22
U0778,A016,2.5,2024-04-25
U0778,A015,2.5,2024-02-23
U0778,A050,2.5,2024-12-14
U0778,A006,3.5,2024-01-10
U0778,A056,3.0,2024-01-16
U0778,A059,3.0,2024-09-30
U0778,A027,3.5,2024-11-26
U0779,A028,3.5,2024-06-11
U0779,A036,4.0,2024-03-21
U0779,A057,4.5,2024-04-17
U0779,A060,3.5,2024-07-04
U0779,A041,4.0,2024-12-02
U0779,A038,3.0,2024-05-23
U0779,A048,3.5,2024-03-31
U0779,A003,4.0,2024-08-09
U0779,A035,3.0,2024-09-15
U0780,A012,3.0,2024-08-24
U0780,A032,4.0,2024-08-19
U0780,A051,4.0,2024-03-08
U0780,A054,4.0,2024-10-22
U0780,A030,2.5,2024-08-08
U0780,A058,3.0,2024-07-23
U0780,A057,1.5,2024-12-15
U0780,A036,3.5,2024-06-14
U0780,A026,4.0,2024-07-27
U0780,A042,3.5,2024-04-06
U0780,A023,4.0,2024-04-09
U0780,A037,4.0,2024-08-27
U0780,A038,3.0,2024-01-02
U0780,A011,2.0,2024-02-27
U0780,A035,4.5,2024-05-22
U0781,A028,3.5,2024-12-03
U0781,A040,2.0,2024-01-24
U0781,A031,3.5,2024-01-19
U0781,A021,4.5,2024-01-13
U0781,A008,4.0,2024-03-18
U0781,A059,3.5,2024-09-04
U0781,A049,3.0,2024-12-15
U0781,A052,3.0,2024-04-01
U0782,A024,2.5,2024-06-03
U0782,A032,3.0,2024-04-26
U0782,A017,3.0,2024-10-20
U0782,A045,2.5,2024-12-20
U0782,A020,3.5,2024-03-04
U0782,A016,3.0,2024-04-21
U0782,A006,3.5,2024-07-22
U0782,A039,3.0,2024-09-27
U0782,A003,1.5,2024-11-17
U0782,A010,4.0,2024-12-21
U0783,A032,4.5,2024-06-28
U0783,A025,3.0,2024-12-29
U0783,A031,2.0,2024-03-19
U0783,A020,2.5,2024-09-22
U0783,A016,3.5,2024-07-19
U0783,A022,3.0,2024-03-31
U0783,A042,2.5,2024-01-14
U0783,A037,3.0,2024-11-03
U0783,A052,2.5,2024-11-26
U0784,A018,3.5,2024-03-27
U0784,A034,3.0,2024-03-18
U0784,A046,4.5,2024-11-23
U0784,A015,4.0,2024-12-20
U0784,A042,4.5,2024-08-14
U0784,A050,3.5,2024-04-26
U0784,A059,4.5,2024-12-24
U0784,A003,3.0,2024-11-11
U0784,A010,3.0,2024-04-07
U0784,A052,4.5,2024-09-24
U0785,A005,2.0,2024-02-14
U0785,A034,3.0,2024-09-16
U0785,A046,3.5,2024-06-28
U0785,A015,3.0,2024-01-18
U0785,A013,2.0,2024-08-28
U0785,A042,4.5,2024-07-22
U0785,A050,5.0,2024-02-16
U0785,A037,3.0,2024-01-26
U0785,A053,3.0,2024-10-09
U0785,A052,2.5,2024-08-23
U0786,A055,3.0,2024-02-20
U0786,A007,3.0,2024-01-08
U0786,A026,2.5,2024-09-08
U0786,A046,2.5,2024-03-04
U0786,A013,2.5,2024-03-20
U0786,A053,2.0,2024-07-21
U0786,A058,2.5,2024-02-21
U0786,A014,4.0,2024-06-30
U0787,A029,4.0,2024-03-15
U0787,A008,3.0,2024-04-17
U0787,A018,3.5,2024-04-20
U0787,A034,2.0,2024-12-19
U0787,A046,2.5,2024-03-19
U0787,A043,2.5,2024-03-13
U0787,A015,3.5,2024-03-23
U0787,A037,3.5,2024-12-30
U0787,A059,3.5,2024-09-17
U0787,A058,2.5,2024-01-09
U0787,A014,2.0,2024-11-20
U0788,A018,4.0,2024-01-30
U0788,A007,4.0,2024-07-12
U0788,A051,4.0,2024-04-03
U0788,A025,2.0,2024-11-12
U0788,A041,3.0,2024-06-21
U0788,A044,3.0,2024-04-18
U0788,A003,2.5,2024-07-09
U0788,A010,4.5,2024-12-01
U0788,A012,2.5,2024-01-26
U0789,A024,2.5,2024-10-13
U0789,A002,4.0,2024-06-05
U0789,A032,3.5,2024-03-03
U0789,A034,2.5,2024-11-30
U0789,A036,2.0,2024-10-14
U0789,A030,3.5,2024-06-14
U0789,A045,1.0,2024-03-17
U0789,A046,2.5,2024-01-07
U0789,A031,4.5,2024-12-03
U0789,A020,4.5,2024-02-06
U0789,A001,3.5,2024-04-22
U0789,A059,3.5,2024-07-16
U0789,A058,2.0,2024-03-30
U0789,A035,2.5,2024-07-24
U0790,A018,2.5,2024-06-09
U0790,A002,3.5,2024-05-21
U0790,A051,4.5,2024-08-31
U0790,A019,2.5,2024-01-24
U0790,A046,3.5,2024-07-04
U0790,A016,3.5,2024-06-12
U0790,A053,2.5,2024-05-08
U0790,A009,2.5,2024-10-18
U0791,A018,2.5,2024-12-10
U0791,A002,2.0,2024-06-24
U0791,A032,2.0,2024-06-17
U0791,A024,2.0,2024-08-07
U0791,A051,2.5,2024-05-19
U0791,A060,3.5,2024-01-09
U0791,A048,3.5,2024-10-18
U0791,A003,2.5,2024-12-09
U0791,A010,2.0,2024-02-16
U0792,A018,3.5,2024-12-07
U0792,A001,3.0,2024-01-08
U0792,A033,4.5,2024-02-06
U0792,A047,4.0,2024-11-14
U0792,A030,4.5,2024-11-29
U0792,A003,3.5,2024-09-11
U0792,A057,3.5,2024-02-19
U0792,A022,2.5,2024-03-10
U0792,A053,3.0,2024-12-04
U0792,A044,3.5,2024-02-15
U0792,A008,3.5,2024-03-17
U0792,A058,3.0,2024-06-06
U0792,A049,2.5,2024-02-07
U0792,A035,4.0,2024-04-13
U0793,A007,4.5,2024-09-08
U0793,A054,4.5,2024-09-04
U0793,A045,2.5,2024-04-28
U0793,A022,3.0,2024-02-10
U0793,A041,3.0,2024-11-04
U0793,A013,3.5,2024-04-04
U0793,A021,4.0,2024-03-08
U0793,A042,2.5,2024-08-12
U0793,A056,3.5,2024-11-29
U0793,A038,4.0,2024-07-18
U0793,A014,2.5,2024-12-11
U0794,A028,3.5,2024-11-22
U0794,A036,3.0,2024-04-16
U0794,A046,3.5,2024-11-19
U0794,A060,3.5,2024-12-16
U0794,A042,3.5,2024-10-19
U0794,A056,3.5,2024-12-23
U0794,A011,2.5,2024-12-20
U0794,A029,2.5,2024-06-07
U0795,A044,3.5,2024-03-15
U0795,A002,3.0,2024-01-24
U0795,A041,3.5,2024-03-22
U0795,A016,3.0,2024-03-02
U0795,A053,4.5,2024-10-27
U0795,A050,3.0,2024-02-05
U0795,A023,2.5,2024-06-29
U0795,A048,4.5,2024-01-13
U0795,A010,3.5,2024-06-27
U0795,A035,3.5,2024-09-05
U0795,A014,4.5,2024-07-12
U0796,A047,4.0,2024-10-05
U0796,A017,3.0,2024-12-06
U0796,A054,3.5,2024-08-10
U0796,A030,3.5,2024-09-11
U0796,A043,3.5,2024-07-24
U0796,A053,3.5,2024-06-01
U0796,A027,3.0,2024-10-20
U0796,A038,2.0,2024-08-17
U0796,A039,3.5,2024-10-30
U0796,A049,3.5,2024-08-18
U0796,A035,2.0,2024-06-07
U0796,A029,4.5,2024-02-15
U0797,A034,3.5,2024-10-28
U0797,A030,3.0,2024-07-16
U0797,A045,3.5,2024-05-19
U0797,A057,2.0,2024-10-16
U0797,A026,4.0,2024-08-06
U0797,A039,2.5,2024-11-11
U0797,A016,4.5,2024-04-05
U0797,A042,3.0,2024-08-25
U0797,A037,3.5,2024-08-13
U0797,A023,1.5,2024-02-10
U0797,A053,2.0,2024-02-26
U0797,A006,3.0,2024-11-21
U0797,A044,1.5,2024-10-16
U0797,A059,3.5,2024-11-28
U0798,A036,4.0,2024-09-27
U0798,A046,3.5,2024-03-23
U0798,A060,4.0,2024-08-24
U0798,A041,4.0,2024-07-30
U0798,A057,2.5,2024-12-11
U0798,A013,3.0,2024-04-15
U0798,A050,3.5,2024-08-06
U0798,A015,4.5,2024-06-02
U0798,A044,3.5,2024-04-30
U0798,A058,4.0,2024-02-10
U0798,A049,3.0,2024-06-09
U0798,A010,4.0,2024-11-10
U0798,A052,4.5,2024-05-28
U0799,A012,3.0,2024-05-11
U0799,A007,2.5,2024-02-07
U0799,A005,3.5,2024-06-05
U0799,A051,3.0,2024-11-09
U0799,A036,3.0,2024-03-03
U0799,A045,3.0,2024-07-21
U0799,A026,2.5,2024-10-18
U0799,A037,2.0,2024-11-04
U0799,A056,2.5,2024-10-28
U0799,A004,2.5,2024-05-05
U0799,A059,3.5,2024-11-07
U0799,A027,3.5,2024-05-04
U0799,A035,3.0,2024-12-27
U0800,A028,3.0,2024-09-13
U0800,A005,2.5,2024-08-03
U0800,A017,4.0,2024-03-06
U0800,A051,4.0,2024-11-05
U0800,A047,5.0,2024-09-01
U0800,A019,3.5,2024-04-21
U0800,A046,2.0,2024-10-21
U0800,A025,4.0,2024-12-08
U0800,A013,3.0,2024-09-29
U0800,A004,2.5,2024-11-24
U0800,A058,3.0,2024-09-24
U0800,A035,4.5,2024-10-25
U0801,A002,3.0,2024-04-08
U0801,A032,4.5,2024-05-26
U0801,A025,3.0,2024-11-18
U0801,A036,3.5,2024-12-29
U0801,A060,3.5,2024-07-30
U0801,A041,4.0,2024-07-08
U0801,A016,3.0,2024-06-21
U0801,A031,4.0,2024-08-29
U0801,A023,2.5,2024-10-26
U0801,A038,3.0,2024-03-08
U0801,A044,3.0,2024-03-05
U0801,A035,3.5,2024-01-20
U0802,A002,3.0,2024-01-28
U0802,A033,4.0,2024-01-15
U0802,A017,3.0,2024-03-13
U0802,A034,3.0,2024-07-01
U0802,A057,2.5,2024-02-24
U0802,A043,4.5,2024-03-10
U0802,A013,3.5,2024-02-28
U0802,A056,3.5,2024-04-14
U0802,A059,3.0,2024-08-24
U0802,A010,3.5,2024-06-19
U0802,A029,3.0,2024-07-20
U0803,A044,2.5,2024-07-22
U0803,A034,3.0,2024-07-17
U0803,A036,4.0,2024-04-23
U0803,A060,3.5,2024-02-13
U0803,A016,3.5,2024-02-07
U0803,A023,3.5,2024-04-24
U0803,A038,4.0,2024-10-04
U0803,A048,3.5,2024-10-08
U0803,A059,2.5,2024-07-08
U0803,A027,3.5,2024-01-25
U0803,A010,2.5,2024-04-14
U0803,A035,2.0,2024-05-31
U0803,A029,3.5,2024-04-03
U0804,A005,3.5,2024-07-27
U0804,A047,4.0,2024-04-16
U0804,A034,4.5,2024-12-01
U0804,A025,3.5,2024-02-25
U0804,A045,3.0,2024-01-10
U0804,A043,3.0,2024-06-03
U0804,A016,3.5,2024-04-28
U0804,A015,3.5,2024-12-05
U0804,A038,1.5,2024-08-18
U0804,A049,3.0,2024-10-23
U0804,A027,2.5,2024-07-31
U0805,A028,3.5,2024-02-02
U0805,A047,2.5,2024-08-26
U0805,A017,4.0,2024-05-14
U0805,A057,3.0,2024-04-06
U0805,A060,4.0,2024-01-20
U0805,A041,4.0,2024-06-03
U0805,A015,3.5,2024-04-16
U0805,A046,3.0,2024-06-12
U0805,A009,4.5,2024-01-30
U0805,A023,3.0,2024-03-20
U0805,A056,3.5,2024-04-26
U0805,A048,3.0,2024-10-01
U0805,A059,4.0,2024-07-06
U0805,A011,4.0,2024-01-25
U0806,A036,3.0,2024-11-15
U0806,A054,3.0,2024-04-29
U0806,A045,3.0,2024-01-05
U0806,A041,3.5,2024-03-10
U0806,A015,5.0,2024-01-09
U0806,A016,3.0,2024-03-09
U0806,A037,4.0,2024-06-18
U0806,A033,4.0,2024-07-24
U0806,A058,3.0,2024-10-20
U0806,A027,4.0,2024-02-25
U0807,A044,2.5,2024-01-06
U0807,A002,3.0,2024-08-12
U0807,A024,2.5,2024-08-06
U0807,A046,2.5,2024-03-13
U0807,A031,3.0,2024-09-01
U0807,A016,3.5,2024-11-08
U0807,A042,4.5,2024-11-08
U0807,A050,3.0,2024-06-26
U0807,A037,4.0,2024-06-10
U0807,A039,3.5,2024-05-07
U0807,A035,1.5,2024-01-30
U0808,A018,2.5,2024-04-30
U0808,A024,4.0,2024-01-15
U0808,A017,3.0,2024-04-20
U0808,A030,3.0,2024-05-18
U0808,A015,3.0,2024-03-08
U0808,A013,3.0,2024-01-24
U0808,A042,2.5,2024-03-06
U0808,A016,5.0,2024-10-03
U0808,A033,2.0,2024-05-31
U0808,A035,3.0,2024-08-22
U0809,A051,3.5,2024-01-30
U0809,A040,4.5,2024-08-12
U0809,A031,4.0,2024-07-30
U0809,A020,4.5,2024-05-12
U0809,A015,4.0,2024-12-04
U0809,A013,3.0,2024-10-06
U0809,A006,3.0,2024-08-24
U0809,A033,3.5,2024-02-22
U0809,A058,3.5,2024-08-31
U0810,A028,3.5,2024-02-02
U0810,A044,3.0,2024-04-02
U0810,A007,3.0,2024-03-20
U0810,A051,3.5,2024-06-11
U0810,A017,3.0,2024-11-02
U0810,A034,3.0,2024-01-21
U0810,A030,2.0,2024-10-26
U0810,A060,2.5,2024-12-18
U0810,A015,3.0,2024-06-24
U0810,A053,2.5,2024-07-16
U0810,A009,2.0,2024-07-20
U0810,A006,3.5,2024-09-30
U0810,A039,3.5,2024-05-24
U0810,A033,3.5,2024-12-30
U0810,A014,2.5,2024-05-10
U0811,A024,3.0,2024-01-25
U0811,A034,3.0,2024-03-02
U0811,A054,2.5,2024-09-28
U0811,A040,3.0,2024-08-22
U0811,A020,3.5,2024-09-19
U0811,A015,2.5,2024-01-22
U0811,A042,3.0,2024-04-30
U0811,A004,3.0,2024-12-22
U0811,A048,4.0,2024-06-26
U0811,A011,3.5,2024-12-18
U0812,A002,3.5,2024-12-21
U0812,A051,3.0,2024-06-30
U0812,A034,2.0,2024-04-01
U0812,A046,3.5,2024-11-02
U0812,A057,3.0,2024-06-11
U0812,A041,4.5,2024-02-26
U0812,A043,3.5,2024-09-09
U0812,A013,2.5,2024-02-22
U0812,A023,2.5,2024-03-29
U0812,A006,4.0,2024-03-30
U0812,A038,4.0,2024-03-13
U0812,A048,4.5,2024-09-09
U0812,A011,4.0,2024-07-17
U0812,A012,3.5,2024-05-10
U0813,A049,4.0,2024-07-11
U0813,A018,4.0,2024-12-13
U0813,A025,4.0,2024-06-13
U0813,A045,3.5,2024-12-16
U0813,A060,3.0,2024-05-13
U0813,A041,3.5,2024-10-29
U0813,A023,4.5,2024-11-26
U0813,A004,5.0,2024-07-14
U0813,A059,3.5,2024-04-08
U0813,A003,3.5,2024-04-09
U0813,A014,4.0,2024-01-01
U0814,A005,3.5,2024-01-06
U0814,A017,4.0,2024-07-10
U0814,A051,2.5,2024-11-10
U0814,A025,3.5,2024-12-15
U0814,A060,3.0,2024-07-12
U0814,A020,4.0,2024-09-16
U0814,A013,3.5,2024-12-16
U0814,A038,4.0,2024-06-27
U0814,A044,3.0,2024-02-06
U0814,A058,3.0,2024-11-09
U0814,A035,3.0,2024-06-09
U0815,A007,2.5,2024-04-29
U0815,A005,2.5,2024-05-17
U0815,A034,2.5,2024-04-04
U0815,A046,4.0,2024-08-19
U0815,A022,3.0,2024-09-11
U0815,A041,3.5,2024-08-30
U0815,A020,3.5,2024-06-12
U0815,A015,3.5,2024-03-28
U0815,A053,3.0,2024-03-22
U0815,A037,2.5,2024-07-02
U0815,A059,4.0,2024-10-17
U0816,A002,3.0,2024-10-30
U0816,A025,3.0,2024-05-26
U0816,A041,3.5,2024-02-29
U0816,A013,4.0,2024-02-06
U0816,A021,4.0,2024-06-14
U0816,A037,3.5,2024-07-29
U0816,A044,4.0,2024-04-21
U0816,A049,4.5,2024-01-22
U0816,A052,3.0,2024-03-18
U0816,A029,3.0,2024-10-29
U0817,A033,2.5,2024-06-20
U0817,A007,3.5,2024-12-05
U0817,A034,2.5,2024-05-12
U0817,A058,3.0,2024-11-15
U0817,A045,3.5,2024-09-20
U0817,A020,4.0,2024-01-14
U0817,A016,4.0,2024-11-26
U0817,A048,3.0,2024-12-08
U0817,A037,2.5,2024-10-09
U0817,A056,3.0,2024-06-22
U0817,A001,3.0,2024-02-19
U0817,A059,4.0,2024-04-09
U0817,A011,3.0,2024-04-14
U0818,A024,3.0,2024-11-24
U0818,A058,3.0,2024-02-12
U0818,A013,3.5,2024-03-31
U0818,A050,2.5,2024-03-18
U0818,A009,3.0,2024-02-18
U0818,A042,2.5,2024-03-29
U0818,A001,3.5,2024-02-09
U0818,A011,3.0,2024-07-09
U0818,A027,4.5,2024-05-31
U0819,A028,3.5,2024-01-05
U0819,A055,3.5,2024-02-23
U0819,A007,3.0,2024-10-25
U0819,A019,2.0,2024-02-26
U0819,A046,3.0,2024-09-28
U0819,A043,2.5,2024-06-16
U0819,A015,3.0,2024-05-14
U0819,A037,3.5,2024-10-11
U0819,A009,3.0,2024-10-02
U0820,A017,4.5,2024-10-18
U0820,A045,3.0,2024-09-14
U0820,A031,3.5,2024-09-11
U0820,A060,3.0,2024-08-14
U0820,A039,4.0,2024-11-22
U0820,A033,3.5,2024-09-25
U0820,A058,3.5,2024-09-02
U0820,A035,4.5,2024-05-05
U0821,A055,3.5,2024-12-03
U0821,A028,3.0,2024-04-02
U0821,A024,2.0,2024-02-27
U0821,A005,4.5,2024-11-08
U0821,A017,2.5,2024-03-13
U0821,A058,3.5,2024-08-11
U0821,A019,2.5,2024-03-15
U0821,A060,3.0,2024-04-01
U0821,A053,2.5,2024-02-08
U0821,A042,2.0,2024-04-08
U0821,A011,3.5,2024-04-03
U0821,A027,3.5,2024-01-09
U0821,A029,4.0,2024-06-05
U0822,A005,3.5,2024-11-10
U0822,A025,3.5,2024-08-16
U0822,A054,3.5,2024-03-19
U0822,A026,2.5,2024-07-27
U0822,A057,3.0,2024-10-28
U0822,A013,3.5,2024-11-08
U0822,A021,3.5,2024-10-31
U0822,A038,2.0,2024-11-09
U0822,A059,2.5,2024-05-22
U0823,A032,3.5,2024-01-11
U0823,A025,2.5,2024-12-18
U0823,A047,4.5,2024-03-27
U0823,A026,3.0,2024-12-27
U0823,A057,4.0,2024-01-02
U0823,A019,3.0,2024-02-01
U0823,A021,3.5,2024-01-03
U0823,A050,3.5,2024-06-27
U0823,A037,3.0,2024-04-10
U0824,A047,2.0,2024-05-18
U0824,A036,1.5,2024-05-05
U0824,A057,3.0,2024-09-28
U0824,A060,2.5,2024-04-30
U0824,A031,3.5,2024-10-08
U0824,A021,2.5,2024-12-29
U0824,A006,3.0,2024-01-01
U0824,A004,2.5,2024-06-30
U0824,A059,4.0,2024-10-10
U0824,A058,3.5,2024-12-18
U0825,A047,2.5,2024-05-04
U0825,A054,2.0,2024-04-26
U0825,A045,2.0,2024-03-31
U0825,A031,4.0,2024-10-11
U0825,A060,2.5,2024-04-15
U0825,A015,2.5,2024-09-13
U0825,A037,3.5,2024-11-08
U0825,A056,2.5,2024-07-16
U0825,A003,2.0,2024-12-10
U0825,A029,2.0,2024-04-14
U0826,A055,3.0,2024-05-06
U0826,A002,3.5,2024-08-10
U0826,A032,3.0,2024-10-09
U0826,A036,3.5,2024-06-05
U0826,A019,3.5,2024-02-25
U0826,A060,3.5,2024-01-01
U0826,A053,2.5,2024-02-08
U0826,A038,3.0,2024-04-07
U0826,A048,3.5,2024-03-20
U0826,A011,3.0,2024-12-05
U0826,A003,3.0,2024-09-15
U0827,A018,2.0,2024-06-15
U0827,A002,3.5,2024-12-28
U0827,A034,4.5,2024-12-24
U0827,A025,4.0,2024-01-11
U0827,A030,4.0,2024-07-26
U0827,A026,3.5,2024-09-03
U0827,A040,4.0,2024-09-09
U0827,A020,3.0,2024-07-16
U0827,A050,3.0,2024-02-18
U0827,A056,3.5,2024-11-29
U0828,A018,2.0,2024-11-14
U0828,A002,3.0,2024-03-06
U0828,A034,3.0,2024-08-27
U0828,A019,3.5,2024-11-06
U0828,A040,3.5,2024-08-15
U0828,A001,2.0,2024-07-28
U0828,A059,3.0,2024-02-29
U0828,A058,2.0,2024-08-23
U0829,A012,4.0,2024-03-18
U0829,A018,4.0,2024-12-25
U0829,A030,1.5,2024-07-19
U0829,A045,4.5,2024-07-11
U0829,A043,3.5,2024-07-07
U0829,A041,4.0,2024-12-22
U0829,A013,3.0,2024-07-23
U0829,A042,3.5,2024-09-30
U0829,A052,2.0,2024-07-15
U0830,A055,2.5,2024-10-16
U0830,A024,2.0,2024-03-24
U0830,A025,3.5,2024-06-24
U0830,A036,3.0,2024-06-15
U0830,A034,1.5,2024-04-24
U0830,A046,3.5,2024-11-04
U0830,A022,4.0,2024-05-19
U0830,A035,3.5,2024-12-09
U0830,A056,3.0,2024-08-10
U0830,A052,1.5,2024-11-17
U0831,A017,2.0,2024-11-17
U0831,A057,3.5,2024-08-31
U0831,A043,3.0,2024-03-14
U0831,A020,3.0,2024-11-12
U0831,A056,2.5,2024-07-29
U0831,A038,2.5,2024-08-04
U0831,A058,3.5,2024-10-29
U0831,A012,3.5,2024-06-04
U0832,A055,4.0,2024-12-17
U0832,A028,3.5,2024-11-12
U0832,A005,2.5,2024-10-19
U0832,A054,4.0,2024-05-25
U0832,A030,3.0,2024-07-26
U0832,A013,4.0,2024-05-21
U0832,A023,4.5,2024-02-08
U0832,A027,3.5,2024-09-17
U0832,A029,3.0,2024-04-09
U0833,A055,3.5,2024-06-10
U0833,A032,3.0,2024-01-06
U0833,A051,3.0,2024-11-05
U0833,A054,3.0,2024-03-26
U0833,A036,3.0,2024-12-05
U0833,A045,3.0,2024-11-23
U0833,A026,3.0,2024-09-20
U0833,A022,2.5,2024-07-20
U0833,A057,3.0,2024-01-06
U0833,A027,3.0,2024-06-16
U0833,A035,4.5,2024-03-28
U0833,A029,2.5,2024-03-01
U0834,A007,3.5,2024-10-10
U0834,A054,4.0,2024-11-04
U0834,A045,3.5,2024-02-01
U0834,A057,2.0,2024-01-10
U0834,A019,3.5,2024-10-05
U0834,A041,2.5,2024-04-01
U0834,A049,4.0,2024-05-18
U0834,A035,3.5,2024-09-30
U0835,A028,2.5,2024-02-24
U0835,A005,3.5,2024-10-10
U0835,A051,3.0,2024-06-26
U0835,A036,3.0,2024-07-31
U0835,A046,2.5,2024-05-01
U0835,A020,1.5,2024-01-08
U0835,A013,3.5,2024-03-17
U0835,A021,3.0,2024-08-16
U0835,A042,2.5,2024-07-08
U0835,A001,3.0,2024-01-07
U0835,A058,2.5,2024-01-25
U0835,A014,4.0,2024-01-01
U0836,A047,4.0,2024-05-29
U0836,A019,3.0,2024-02-19
U0836,A057,3.5,2024-10-12
U0836,A060,3.5,2024-05-13
U0836,A016,4.0,2024-10-16
U0836,A006,3.5,2024-04-08
U0836,A056,4.0,2024-08-12
U0836,A044,3.0,2024-10-04
U0836,A059,2.0,2024-12-06
U0836,A010,4.0,2024-05-30
U0836,A029,3.5,2024-08-09
U0837,A001,2.5,2024-04-28
U0837,A034,2.5,2024-05-18
U0837,A036,4.0,2024-05-31
U0837,A019,3.5,2024-06-04
U0837,A046,2.5,2024-05-09
U0837,A031,1.5,2024-03-08
U0837,A057,2.5,2024-11-03
U0837,A048,3.0,2024-10-31
U0837,A013,2.5,2024-01-23
U0837,A009,2.5,2024-07-20
U0837,A056,2.5,2024-09-04
U0837,A038,3.0,2024-05-20
U0837,A039,3.5,2024-12-06
U0837,A003,3.0,2024-06-24
U0837,A012,3.0,2024-08-04
U0838,A018,3.0,2024-03-11
U0838,A007,3.5,2024-06-10
U0838,A017,3.5,2024-08-05
U0838,A047,3.5,2024-04-01
U0838,A019,3.0,2024-04-04
U0838,A003,2.0,2024-04-02
U0838,A040,4.0,2024-03-04
U0838,A041,3.0,2024-11-07
U0838,A056,3.0,2024-01-05
U0838,A044,4.0,2024-06-18
U0838,A008,2.5,2024-04-30
U0838,A049,3.0,2024-04-20
U0838,A010,3.0,2024-11-21
U0838,A052,3.0,2024-11-27
U0839,A018,3.5,2024-03-28
U0839,A051,3.5,2024-02-19
U0839,A054,2.0,2024-04-28
U0839,A060,3.0,2024-09-30
U0839,A043,4.0,2024-04-25
U0839,A042,3.5,2024-06-09
U0839,A023,3.0,2024-01-04
U0839,A037,1.5,2024-09-07
U0839,A038,2.5,2024-02-11
U0839,A059,4.5,2024-03-11
U0839,A035,2.5,2024-05-27
U0839,A029,4.0,2024-06-19
U0840,A024,2.5,2024-05-01
U0840,A007,3.5,2024-11-23
U0840,A032,2.5,2024-03-14
U0840,A002,1.5,2024-11-20
U0840,A034,3.0,2024-08-25
U0840,A026,3.0,2024-09-10
U0840,A057,3.0,2024-03-21
U0840,A060,3.0,2024-08-05
U0840,A023,3.5,2024-05-18
U0840,A056,2.5,2024-10-01
U0840,A033,3.0,2024-11-24
U0840,A058,3.0,2024-10-06
U0840,A003,2.5,2024-05-06
U0841,A055,2.0,2024-07-07
U0841,A012,3.0,2024-11-10
U0841,A024,4.5,2024-02-13
U0841,A036,4.0,2024-08-17
U0841,A057,1.5,2024-02-04
U0841,A041,2.0,2024-01-29
U0841,A020,2.5,2024-06-21
U0841,A037,2.0,2024-01-27
U0841,A044,2.0,2024-09-27
U0841,A033,3.0,2024-11-22
U0841,A059,3.5,2024-01-25
U0841,A049,3.5,2024-07-04
U0841,A052,2.5,2024-06-06
U0842,A028,3.0,2024-06-01
U0842,A008,3.0,2024-08-12
U0842,A005,3.0,2024-09-27
U0842,A034,3.0,2024-05-31
U0842,A030,5.0,2024-02-27
U0842,A020,2.5,2024-08-24
U0842,A041,3.5,2024-03-01
U0842,A050,3.5,2024-07-01
U0842,A059,2.5,2024-10-24
U0843,A028,3.5,2024-09-28
U0843,A008,3.0,2024-04-21
U0843,A047,3.0,2024-08-03
U0843,A046,2.5,2024-02-12
U0843,A022,2.0,2024-02-05
U0843,A016,2.5,2024-12-18
U0843,A048,3.0,2024-04-12
U0843,A009,2.0,2024-05-02
U0843,A039,2.5,2024-11-25
U0843,A059,3.0,2024-09-23
U0843,A058,4.0,2024-11-03
U0843,A027,3.0,2024-04-03
U0844,A032,1.0,2024-12-16
U0844,A017,3.0,2024-02-02
U0844,A036,2.5,2024-06-09
U0844,A031,2.0,2024-04-02
U0844,A060,3.5,2024-03-03
U0844,A015,2.0,2024-08-15
U0844,A021,3.5,2024-12-20
U0844,A037,2.0,2024-06-05
U0844,A006,3.0,2024-07-28
U0844,A038,3.5,2024-06-16
U0844,A039,3.0,2024-12-04
U0844,A033,4.0,2024-04-18
U0844,A058,4.5,2024-06-16
U0844,A049,3.0,2024-04-25
U0845,A007,3.0,2024-10-28
U0845,A032,2.5,2024-02-03
U0845,A005,2.5,2024-06-07
U0845,A017,2.5,2024-04-24
U0845,A054,3.0,2024-04-17
U0845,A060,3.5,2024-07-21
U0845,A020,3.0,2024-03-10
U0845,A015,2.0,2024-10-27
U0845,A022,4.0,2024-11-05
U0845,A050,3.5,2024-10-21
U0845,A023,3.0,2024-05-11
U0845,A053,3.5,2024-07-11
U0845,A037,3.0,2024-11-18
U0845,A052,2.5,2024-08-08
U0845,A029,3.0,2024-05-14
U0846,A028,3.5,2024-10-03
U0846,A044,3.5,2024-10-31
U0846,A002,3.0,2024-07-28
U0846,A024,3.5,2024-12-05
U0846,A046,4.0,2024-09-24
U0846,A031,4.0,2024-05-28
U0846,A021,4.0,2024-05-27
U0846,A023,2.5,2024-03-28
U0846,A050,4.0,2024-11-29
U0846,A042,3.0,2024-05-30
U0846,A039,4.5,2024-07-18
U0846,A033,3.5,2024-05-21
U0846,A014,3.5,2024-09-20
U0847,A028,4.0,2024-03-14
U0847,A001,4.5,2024-02-06
U0847,A033,3.0,2024-08-13
U0847,A032,2.5,2024-10-25
U0847,A054,2.5,2024-08-24
U0847,A030,3.5,2024-10-02
U0847,A041,3.0,2024-11-07
U0847,A044,2.0,2024-12-04
U0847,A008,3.0,2024-12-05
U0847,A058,3.5,2024-11-19
U0847,A059,3.5,2024-02-07
U0847,A010,4.0,2024-03-11
U0848,A028,4.0,2024-08-05
U0848,A002,3.5,2024-09-11
U0848,A024,3.5,2024-03-22
U0848,A047,4.0,2024-09-24
U0848,A017,3.0,2024-07-19
U0848,A026,3.0,2024-09-24
U0848,A046,3.5,2024-02-23
U0848,A022,3.5,2024-02-12
U0848,A020,2.5,2024-04-03
U0848,A016,3.0,2024-04-21
U0848,A044,3.0,2024-11-22
U0848,A059,3.0,2024-01-16
U0849,A032,2.5,2024-06-21
U0849,A054,3.5,2024-10-22
U0849,A022,3.5,2024-01-06
U0849,A021,2.5,2024-01-12
U0849,A009,4.0,2024-11-12
U0849,A042,2.5,2024-12-02
U0849,A056,2.5,2024-10-20
U0849,A044,2.0,2024-11-18
U0849,A014,3.0,2024-03-26
U0849,A035,4.0,2024-02-23
U0849,A029,2.5,2024-08-15
U0850,A044,3.0,2024-04-09
U0850,A018,4.5,2024-03-05
U0850,A024,3.0,2024-12-10
U0850,A036,3.0,2024-07-21
U0850,A026,4.5,2024-01-11
U0850,A022,3.0,2024-03-03
U0850,A041,2.0,2024-03-03
U0850,A016,3.0,2024-10-21
U0850,A021,4.5,2024-05-03
U0850,A037,2.5,2024-10-26
U0850,A053,3.0,2024-02-10
U0850,A023,4.0,2024-01-06
U0850,A038,2.5,2024-05-07
U0850,A039,3.0,2024-09-29
U0850,A059,4.0,2024-03-05
U0851,A001,3.0,2024-04-18
U0851,A024,3.0,2024-08-24
U0851,A005,3.0,2024-04-15
U0851,A057,3.0,2024-07-24
U0851,A060,3.5,2024-02-05
U0851,A039,4.0,2024-06-24
U0851,A016,2.0,2024-12-22
U0851,A048,3.0,2024-09-28
U0851,A043,4.5,2024-09-11
U0851,A009,2.5,2024-04-15
U0851,A044,3.5,2024-07-13
U0851,A033,3.5,2024-07-24
U0851,A059,2.0,2024-03-12
U0851,A049,3.0,2024-08-13
U0851,A035,3.0,2024-02-10
U0852,A018,5.0,2024-10-05
U0852,A036,3.5,2024-06-13
U0852,A045,3.5,2024-08-08
U0852,A022,2.0,2024-02-16
U0852,A016,5.0,2024-07-06
U0852,A013,4.0,2024-11-20
U0852,A021,3.5,2024-05-29
U0852,A042,3.0,2024-08-18
U0852,A056,3.5,2024-12-06
U0852,A039,4.0,2024-05-06
U0852,A052,2.5,2024-02-14
U0853,A018,3.5,2024-12-13
U0853,A032,3.0,2024-11-10
U0853,A017,2.5,2024-01-22
U0853,A040,3.0,2024-12-03
U0853,A026,2.0,2024-03-09
U0853,A060,3.0,2024-09-17
U0853,A019,2.5,2024-05-02
U0853,A015,3.5,2024-08-29
U0853,A053,3.5,2024-09-05
U0853,A006,1.5,2024-04-03
U0853,A038,3.0,2024-08-21
U0853,A004,1.5,2024-01-15
U0853,A010,3.0,2024-03-22
U0854,A018,4.5,2024-02-09
U0854,A032,3.5,2024-01-18
U0854,A051,3.0,2024-02-23
U0854,A047,3.0,2024-11-15
U0854,A017,3.0,2024-12-22
U0854,A045,3.5,2024-08-24
U0854,A019,1.5,2024-06-14
U0854,A057,3.0,2024-11-20
U0854,A015,2.5,2024-04-14
U0854,A053,3.5,2024-06-20
U0854,A042,3.5,2024-10-01
U0854,A037,2.0,2024-11-21
U0854,A059,3.0,2024-06-02
U0854,A011,3.5,2024-07-28
U0855,A033,3.0,2024-08-02
U0855,A032,2.5,2024-04-16
U0855,A047,3.5,2024-08-04
U0855,A057,3.0,2024-03-09
U0855,A031,4.0,2024-09-17
U0855,A060,3.0,2024-02-22
U0855,A015,3.5,2024-05-14
U0855,A016,2.5,2024-11-20
U0855,A020,2.5,2024-05-12
U0855,A004,3.5,2024-12-12
U0855,A059,4.0,2024-05-18
U0855,A027,3.5,2024-08-20
U0856,A007,3.5,2024-05-13
U0856,A026,2.5,2024-12-21
U0856,A060,3.0,2024-12-03
U0856,A039,4.0,2024-11-06
U0856,A053,4.0,2024-11-16
U0856,A023,3.5,2024-12-20
U0856,A038,2.5,2024-01-02
U0856,A044,3.5,2024-10-18
U0856,A058,3.5,2024-03-29
U0857,A018,3.5,2024-06-17
U0857,A032,3.5,2024-10-02
U0857,A005,2.0,2024-08-20
U0857,A034,4.0,2024-03-10
U0857,A020,5.0,2024-09-08
U0857,A009,3.0,2024-03-04
U0857,A006,4.5,2024-08-20
U0857,A056,4.0,2024-05-16
U0857,A059,2.5,2024-04-10
U0857,A012,4.0,2024-01-11
U0858,A005,4.0,2024-11-29
U0858,A047,2.5,2024-07-02
U0858,A026,3.0,2024-09-19
U0858,A057,2.5,2024-04-23
U0858,A040,3.5,2024-04-29
U0858,A043,4.0,2024-04-19
U0858,A016,2.5,2024-07-26
U0858,A046,3.0,2024-05-25
U0858,A021,3.0,2024-08-31
U0858,A009,2.0,2024-08-18
U0858,A038,2.5,2024-01-08
U0858,A048,3.5,2024-05-08
U0858,A010,2.5,2024-02-18
U0858,A029,3.0,2024-04-29
U0859,A032,4.0,2024-10-06
U0859,A045,2.5,2024-03-06
U0859,A041,3.0,2024-07-21
U0859,A013,2.5,2024-03-09
U0859,A023,3.5,2024-06-27
U0859,A058,3.0,2024-05-15
U0859,A010,4.5,2024-03-26
U0859,A052,4.0,2024-01-21
U0860,A002,3.0,2024-02-03
U0860,A051,2.5,2024-01-11
U0860,A017,3.5,2024-01-29
U0860,A057,3.0,2024-12-28
U0860,A020,2.5,2024-12-19
U0860,A015,2.5,2024-09-10
U0860,A013,3.5,2024-12-19
U0860,A023,3.0,2024-10-29
U0860,A008,1.5,2024-12-26
U0860,A058,2.5,2024-05-19
U0860,A049,3.0,2024-02-21
U0860,A052,3.0,2024-10-16
U0861,A018,3.0,2024-03-14
U0861,A002,4.0,2024-05-21
U0861,A047,4.5,2024-10-05
U0861,A040,3.5,2024-08-26
U0861,A020,5.0,2024-01-15
U0861,A043,4.0,2024-10-27
U0861,A042,3.0,2024-10-12
U0861,A056,3.0,2024-08-31
U0861,A033,4.5,2024-03-18
U0861,A058,3.5,2024-07-18
U0861,A027,4.0,2024-05-10
U0862,A049,1.5,2024-02-25
U0862,A024,3.5,2024-09-30
U0862,A002,2.5,2024-11-14
U0862,A017,3.0,2024-01-27
U0862,A026,3.5,2024-01-19
U0862,A046,3.5,2024-04-08
U0862,A045,3.5,2024-06-05
U0862,A041,3.0,2024-07-14
U0862,A042,3.0,2024-09-26
U0862,A023,4.0,2024-08-08
U0862,A035,4.0,2024-02-20
U0862,A058,2.5,2024-12-18
U0862,A003,3.0,2024-07-14
U0862,A052,3.5,2024-04-20
U0863,A045,3.0,2024-01-17
U0863,A060,5.0,2024-10-31
U0863,A020,3.5,2024-06-20
U0863,A015,1.5,2024-05-01
U0863,A013,2.5,2024-07-19
U0863,A023,3.0,2024-07-31
U0863,A001,2.5,2024-03-10
U0863,A058,3.0,2024-02-05
U0864,A036,3.0,2024-05-04
U0864,A057,3.5,2024-03-10
U0864,A031,2.5,2024-06-19
U0864,A022,3.0,2024-10-15
U0864,A016,3.0,2024-01-07
U0864,A013,3.0,2024-01-14
U0864,A053,2.5,2024-08-24
U0864,A009,4.0,2024-04-20
U0864,A060,4.0,2024-11-11
U0864,A046,3.5,2024-08-24
U0864,A039,4.0,2024-02-15
U0864,A008,3.5,2024-04-07
U0864,A052,3.0,2024-01-18
U0865,A002,2.0,2024-01-13
U0865,A032,4.5,2024-05-09
U0865,A025,3.0,2024-06-10
U0865,A034,3.5,2024-12-29
U0865,A030,4.0,2024-05-23
U0865,A045,3.0,2024-07-27
U0865,A057,3.5,2024-02-27
U0865,A060,4.5,2024-09-10
U0865,A041,3.0,2024-02-26
U0865,A015,4.0,2024-10-18
U0865,A040,2.0,2024-03-26
U0865,A021,4.0,2024-10-07
U0865,A023,2.5,2024-02-05
U0865,A038,4.0,2024-08-30
U0865,A049,3.5,2024-01-04
U0866,A049,3.0,2024-04-02
U0866,A044,4.5,2024-04-19
U0866,A051,3.5,2024-10-27
U0866,A017,2.0,2024-05-18
U0866,A047,3.0,2024-02-12
U0866,A045,3.0,2024-03-13
U0866,A043,4.0,2024-12-06
U0866,A015,3.0,2024-01-09
U0866,A041,3.0,2024-10-25
U0866,A050,3.0,2024-05-19
U0866,A001,3.5,2024-06-05
U0866,A058,3.0,2024-08-16
U0866,A003,3.0,2024-08-30
U0866,A052,3.0,2024-04-02
U0866,A014,3.5,2024-07-11
U0867,A028,3.0,2024-07-28
U0867,A008,3.0,2024-02-10
U0867,A002,3.5,2024-11-29
U0867,A025,2.0,2024-08-26
U0867,A016,3.5,2024-11-04
U0867,A053,3.5,2024-06-02
U0867,A059,3.0,2024-10-12
U0867,A003,4.5,2024-01-13
U0868,A028,4.0,2024-06-12
U0868,A024,3.0,2024-10-01
U0868,A043,4.0,2024-10-24
U0868,A048,2.5,2024-02-16
U0868,A041,4.0,2024-03-28
U0868,A053,4.0,2024-08-08
U0868,A023,3.0,2024-10-03
U0868,A044,3.0,2024-07-26
U0868,A059,2.0,2024-12-25
U0868,A014,2.0,2024-05-26
U0869,A055,4.0,2024-05-12
U0869,A051,2.5,2024-01-13
U0869,A047,4.5,2024-09-18
U0869,A054,3.0,2024-04-28
U0869,A017,5.0,2024-08-12
U0869,A045,3.0,2024-12-02
U0869,A046,3.5,2024-10-12
U0869,A060,3.0,2024-02-15
U0869,A020,3.0,2024-10-16
U0869,A037,4.0,2024-02-26
U0869,A004,2.5,2024-10-19
U0869,A039,3.0,2024-01-17
U0869,A059,3.5,2024-09-08
U0869,A058,4.0,2024-05-29
U0870,A055,3.5,2024-11-07
U0870,A032,3.0,2024-11-16
U0870,A045,3.5,2024-03-06
U0870,A019,3.0,2024-04-11
U0870,A031,3.0,2024-06-15
U0870,A022,3.0,2024-04-27
U0870,A039,4.0,2024-05-22
U0870,A058,2.0,2024-10-03
U0870,A027,3.5,2024-05-17
U0870,A029,3.5,2024-09-18
U0871,A044,2.0,2024-04-12
U0871,A007,4.0,2024-09-08
U0871,A051,4.5,2024-12-17
U0871,A034,3.0,2024-03-16
U0871,A025,2.0,2024-01-08
U0871,A045,4.5,2024-07-02
U0871,A057,4.0,2024-06-17
U0871,A041,4.0,2024-01-01
U0871,A021,3.0,2024-04-16
U0871,A038,3.0,2024-04-21
U0871,A039,4.5,2024-01-02
U0871,A033,3.5,2024-02-01
U0871,A003,3.5,2024-01-11
U0871,A027,3.0,2024-01-10
U0872,A024,3.0,2024-05-09
U0872,A032,3.0,2024-03-01
U0872,A017,3.0,2024-07-26
U0872,A045,2.0,2024-01-02
U0872,A046,2.0,2024-01-12
U0872,A057,2.0,2024-10-23
U0872,A022,3.0,2024-02-17
U0872,A021,2.5,2024-07-15
U0872,A009,3.0,2024-10-17
U0872,A056,4.0,2024-11-17
U0872,A039,2.0,2024-03-18
U0872,A058,3.5,2024-04-30
U0872,A010,2.5,2024-03-12
U0872,A014,2.0,2024-12-16
U0873,A032,3.0,2024-11-01
U0873,A017,4.5,2024-10-28
U0873,A054,3.0,2024-09-20
U0873,A030,4.0,2024-05-21
U0873,A019,3.5,2024-12-16
U0873,A036,2.5,2024-04-22
U0873,A031,2.0,2024-05-07
U0873,A045,2.5,2024-08-10
U0873,A016,4.0,2024-03-01
U0873,A060,4.5,2024-02-19
U0873,A026,3.0,2024-05-05
U0873,A009,3.0,2024-08-16
U0873,A047,3.5,2024-02-12
U0873,A057,3.0,2024-02-19
U0873,A039,4.0,2024-09-24
U0874,A018,3.5,2024-01-10
U0874,A005,2.5,2024-04-06
U0874,A017,2.5,2024-11-21
U0874,A036,4.5,2024-05-13
U0874,A041,4.5,2024-12-06
U0874,A033,3.0,2024-01-07
U0874,A010,2.0,2024-02-05
U0874,A052,3.5,2024-07-04
U0874,A014,3.5,2024-04-14
U0875,A028,3.5,2024-03-16
U0875,A007,3.5,2024-01-28
U0875,A034,3.0,2024-02-18
U0875,A030,3.5,2024-01-30
U0875,A045,3.5,2024-10-08
U0875,A046,2.5,2024-03-11
U0875,A022,2.0,2024-05-16
U0875,A037,3.0,2024-11-25
U0875,A001,2.5,2024-01-09
U0875,A059,3.5,2024-03-12
U0875,A027,3.5,2024-12-27
U0875,A035,2.5,2024-10-03
U0875,A029,3.5,2024-02-16
U0876,A055,3.5,2024-06-26
U0876,A030,3.5,2024-09-13
U0876,A031,3.5,2024-02-05
U0876,A043,4.0,2024-09-11
U0876,A041,3.5,2024-05-14
U0876,A013,1.5,2024-12-18
U0876,A042,4.0,2024-06-15
U0876,A033,4.0,2024-03-10
U0876,A003,3.5,2024-08-27
U0876,A029,3.5,2024-04-26
U0877,A008,4.0,2024-10-13
U0877,A007,3.0,2024-03-12
U0877,A036,2.5,2024-10-09
U0877,A040,3.5,2024-12-25
U0877,A057,2.0,2024-06-18
U0877,A022,5.0,2024-02-24
U0877,A048,3.0,2024-10-08
U0877,A050,4.5,2024-02-29
U0877,A039,5.0,2024-12-17
U0877,A059,4.0,2024-08-02
U0877,A058,3.5,2024-02-05
U0877,A003,3.0,2024-11-17
U0877,A027,3.0,2024-03-31
U0878,A001,4.0,2024-05-15
U0878,A017,3.5,2024-08-06
U0878,A025,3.0,2024-07-28
U0878,A019,3.5,2024-01-13
U0878,A040,3.5,2024-01-28
U0878,A060,4.0,2024-02-13
U0878,A031,3.0,2024-03-06
U0878,A056,2.0,2024-10-14
U0878,A004,3.5,2024-05-04
U0878,A039,4.0,2024-09-24
U0878,A059,2.5,2024-03-14
U0878,A011,4.0,2024-08-22
U0878,A010,2.5,2024-02-14
U0879,A024,3.5,2024-03-05
U0879,A032,2.5,2024-01-16
U0879,A041,3.0,2024-12-01
U0879,A015,4.0,2024-05-15
U0879,A016,3.5,2024-09-29
U0879,A037,3.5,2024-07-10
U0879,A052,3.5,2024-01-06
U0879,A014,3.5,2024-09-11
U0880,A049,4.0,2024-07-15
U0880,A018,5.0,2024-01-13
U0880,A051,2.5,2024-02-24
U0880,A057,4.0,2024-11-14
U0880,A042,4.5,2024-02-15
U0880,A037,4.0,2024-06-19
U0880,A050,4.0,2024-05-01
U0880,A035,3.0,2024-01-04
U0880,A038,4.5,2024-07-06
U0880,A059,4.0,2024-09-12
U0880,A058,3.0,2024-11-16
U0880,A027,3.5,2024-04-14
U0880,A012,4.0,2024-06-07
U0880,A029,4.0,2024-09-08
U0881,A007,3.5,2024-06-11
U0881,A025,2.5,2024-02-21
U0881,A030,4.0,2024-12-13
U0881,A026,2.5,2024-03-05
U0881,A019,2.5,2024-08-22
U0881,A041,3.0,2024-12-08
U0881,A048,4.5,2024-04-03
U0881,A021,2.0,2024-07-20
U0881,A044,3.5,2024-08-19
U0881,A035,2.0,2024-01-02
U0882,A018,3.0,2024-08-27
U0882,A007,3.0,2024-02-11
U0882,A005,2.5,2024-12-05
U0882,A030,4.5,2024-03-22
U0882,A019,4.0,2024-10-23
U0882,A040,4.0,2024-01-31
U0882,A022,4.0,2024-11-23
U0882,A060,3.0,2024-04-16
U0882,A015,3.0,2024-07-04
U0882,A053,3.0,2024-01-08
U0882,A038,3.0,2024-01-19
U0882,A003,5.0,2024-07-30
U0882,A010,2.5,2024-02-25
U0882,A035,3.0,2024-09-18
U0883,A055,2.5,2024-08-02
U0883,A005,4.0,2024-07-12
U0883,A047,2.5,2024-10-07
U0883,A026,3.0,2024-03-19
U0883,A046,3.0,2024-02-26
U0883,A015,4.5,2024-03-18
U0883,A050,3.0,2024-02-14
U0883,A056,3.0,2024-06-21
U0883,A052,4.0,2024-11-22
U0883,A058,4.5,2024-08-09
U0883,A059,3.5,2024-05-09
U0883,A035,3.0,2024-11-05
U0884,A002,3.5,2024-04-10
U0884,A032,2.0,2024-10-06
U0884,A051,3.5,2024-10-08
U0884,A057,4.5,2024-02-11
U0884,A060,3.5,2024-09-28
U0884,A046,4.5,2024-03-16
U0884,A023,3.5,2024-08-25
U0884,A006,3.5,2024-05-07
U0884,A027,2.5,2024-01-02
U0884,A056,3.5,2024-12-08
U0884,A058,3.0,2024-08-07
U0884,A003,3.0,2024-04-29
U0884,A035,3.0,2024-06-06
U0885,A029,3.5,2024-06-26
U0885,A045,4.0,2024-02-20
U0885,A022,3.0,2024-02-21
U0885,A031,3.0,2024-01-23
U0885,A013,2.0,2024-04-03
U0885,A053,3.5,2024-02-16
U0885,A033,3.0,2024-03-23
U0885,A052,4.0,2024-07-08
U0885,A027,3.5,2024-06-08
U0885,A035,4.0,2024-04-10
U0885,A014,3.0,2024-12-02
U0886,A034,3.5,2024-01-03
U0886,A040,4.5,2024-05-02
U0886,A057,3.5,2024-09-11
U0886,A031,3.5,2024-03-13
U0886,A060,3.0,2024-02-21
U0886,A013,3.5,2024-11-24
U0886,A021,4.0,2024-09-15
U0886,A037,3.5,2024-07-16
U0886,A056,3.0,2024-01-28
U0886,A059,4.5,2024-01-30
U0886,A058,3.5,2024-04-13
U0886,A012,3.5,2024-03-24
U0887,A002,4.0,2024-01-07
U0887,A034,2.5,2024-04-17
U0887,A046,3.0,2024-06-01
U0887,A031,3.5,2024-08-31
U0887,A021,3.5,2024-02-29
U0887,A023,3.0,2024-05-03
U0887,A035,2.5,2024-02-24
U0887,A014,3.0,2024-12-19
U0888,A028,2.5,2024-01-05
U0888,A018,2.5,2024-11-17
U0888,A002,2.0,2024-03-02
U0888,A032,2.5,2024-02-09
U0888,A047,3.0,2024-04-15
U0888,A025,3.5,2024-08-12
U0888,A060,3.0,2024-06-23
U0888,A022,3.5,2024-04-24
U0888,A021,2.5,2024-06-21
U0888,A038,3.5,2024-09-28
U0888,A039,3.0,2024-03-25
U0888,A029,3.0,2024-12-27
U0888,A027,3.0,2024-03-02
U0888,A052,2.5,2024-01-12
U0888,A014,2.0,2024-08-29
U0889,A055,3.5,2024-07-31
U0889,A025,3.5,2024-02-24
U0889,A054,3.0,2024-08-06
U0889,A040,2.5,2024-01-15
U0889,A020,1.5,2024-10-09
U0889,A042,3.0,2024-12-19
U0889,A009,3.0,2024-09-19
U0889,A023,2.5,2024-02-26
U0889,A038,3.0,2024-11-11
U0889,A008,3.0,2024-08-28
U0890,A002,4.0,2024-06-22
U0890,A051,1.0,2024-04-26
U0890,A034,2.5,2024-01-21
U0890,A054,3.0,2024-08-17
U0890,A020,3.5,2024-08-02
U0890,A037,2.0,2024-10-13
U0890,A009,3.0,2024-02-24
U0890,A008,3.0,2024-01-04
U0890,A058,4.0,2024-04-03
U0890,A049,3.0,2024-05-26
U0891,A028,3.5,2024-04-09
U0891,A005,2.0,2024-03-10
U0891,A036,4.0,2024-04-19
U0891,A057,3.0,2024-07-21
U0891,A041,3.5,2024-04-05
U0891,A008,2.0,2024-03-24
U0891,A011,3.0,2024-03-03
U0891,A035,4.0,2024-07-19
U0892,A047,4.0,2024-08-14
U0892,A054,4.5,2024-12-15
U0892,A037,2.5,2024-12-15
U0892,A009,3.0,2024-07-01
U0892,A038,3.0,2024-02-03
U0892,A044,3.0,2024-08-11
U0892,A059,4.0,2024-11-13
U0892,A029,3.5,2024-12-19
U0893,A012,3.0,2024-06-01
U0893,A002,4.0,2024-03-15
U0893,A022,2.5,2024-07-17
U0893,A031,5.0,2024-02-07
U0893,A015,3.5,2024-01-03
U0893,A037,3.5,2024-09-02
U0893,A004,4.0,2024-01-05
U0893,A059,3.5,2024-04-21
U0893,A052,3.5,2024-04-11
U0894,A032,2.5,2024-01-08
U0894,A051,3.0,2024-06-10
U0894,A057,3.0,2024-04-27
U0894,A016,4.0,2024-01-24
U0894,A048,3.5,2024-03-16
U0894,A050,3.0,2024-02-21
U0894,A009,2.5,2024-07-07
U0894,A037,2.5,2024-02-06
U0894,A001,4.0,2024-07-12
U0894,A058,3.0,2024-08-31
U0894,A003,4.0,2024-07-05
U0894,A035,2.5,2024-10-08
U0894,A014,4.0,2024-07-17
U0895,A032,4.0,2024-05-21
U0895,A036,2.5,2024-09-12
U0895,A058,3.5,2024-08-03
U0895,A040,4.0,2024-05-12
U0895,A057,3.5,2024-03-20
U0895,A042,3.5,2024-09-08
U0895,A050,3.0,2024-09-15
U0895,A037,4.5,2024-10-26
U0895,A059,1.5,2024-08-05
U0895,A011,2.5,2024-03-03
U0895,A027,2.0,2024-06-12
U0895,A014,4.5,2024-08-29
U0896,A028,2.0,2024-03-09
U0896,A024,4.0,2024-04-29
U0896,A054,2.5,2024-10-30
U0896,A036,2.0,2024-07-09
U0896,A040,3.0,2024-10-15
U0896,A046,4.5,2024-09-11
U0896,A009,3.5,2024-09-16
U0896,A006,2.5,2024-02-20
U0896,A048,3.0,2024-06-23
U0896,A049,4.0,2024-07-04
U0896,A012,4.0,2024-05-12
U0897,A051,2.0,2024-05-23
U0897,A034,3.0,2024-08-04
U0897,A017,3.0,2024-08-24
U0897,A030,4.0,2024-08-27
U0897,A019,3.5,2024-03-13
U0897,A045,3.5,2024-01-19
U0897,A031,1.5,2024-07-02
U0897,A015,3.5,2024-02-03
U0897,A052,2.0,2024-08-14
U0897,A029,3.0,2024-02-22
U0898,A028,3.5,2024-11-29
U0898,A007,3.0,2024-09-03
U0898,A030,4.0,2024-09-29
U0898,A057,3.0,2024-11-24
U0898,A013,4.5,2024-04-27
U0898,A008,3.5,2024-09-03
U0898,A058,2.0,2024-12-06
U0898,A035,3.0,2024-02-01
U0899,A044,2.5,2024-12-27
U0899,A017,2.5,2024-08-23
U0899,A046,3.0,2024-12-09
U0899,A057,3.5,2024-04-02
U0899,A060,3.0,2024-07-15
U0899,A048,3.5,2024-01-26
U0899,A039,3.5,2024-03-23
U0899,A059,2.5,2024-10-15
U0899,A058,4.0,2024-03-29
U0899,A049,3.0,2024-06-19
U0899,A035,3.0,2024-05-12
U0900,A047,3.5,2024-02-04
U0900,A054,3.5,2024-12-27
U0900,A030,2.0,2024-04-15
U0900,A003,3.5,2024-06-22
U0900,A046,3.5,2024-04-16
U0900,A026,3.5,2024-10-07
U0900,A020,4.0,2024-07-24
U0900,A015,3.0,2024-08-31
U0900,A053,4.0,2024-08-01
U0900,A001,2.5,2024-12-20
U0900,A058,2.5,2024-03-11
U0900,A027,3.5,2024-07-02
U0900,A035,3.0,2024-11-05
U0900,A029,3.5,2024-03-05
U0901,A055,4.5,2024-03-31
U0901,A007,4.5,2024-01-30
U0901,A057,2.5,2024-12-21
U0901,A060,3.5,2024-06-20
U0901,A013,1.5,2024-07-08
U0901,A050,3.5,2024-04-30
U0901,A009,3.5,2024-05-12
U0901,A037,2.5,2024-01-04
U0901,A038,3.0,2024-06-26
U0901,A027,2.5,2024-01-14
U0901,A010,3.5,2024-12-17
U0902,A018,3.0,2024-04-08
U0902,A007,1.5,2024-12-15
U0902,A051,2.5,2024-12-01
U0902,A057,4.0,2024-06-13
U0902,A046,2.5,2024-07-29
U0902,A022,3.0,2024-08-18
U0902,A016,3.0,2024-01-30
U0902,A060,3.0,2024-08-30
U0902,A053,2.0,2024-09-13
U0902,A006,3.5,2024-10-31
U0903,A028,3.0,2024-08-21
U0903,A005,3.0,2024-04-15
U0903,A025,3.5,2024-04-02
U0903,A054,3.0,2024-01-31
U0903,A026,2.5,2024-12-27
U0903,A046,3.5,2024-03-31
U0903,A060,5.0,2024-03-30
U0903,A039,2.5,2024-11-25
U0903,A048,3.0,2024-03-16
U0903,A043,2.5,2024-09-03
U0903,A041,2.5,2024-02-22
U0903,A016,3.5,2024-02-24
U0903,A044,3.5,2024-02-08
U0903,A049,3.0,2024-08-25
U0903,A029,4.0,2024-07-08
U0904,A044,3.5,2024-10-23
U0904,A024,4.0,2024-01-05
U0904,A025,2.0,2024-04-16
U0904,A019,4.0,2024-10-26
U0904,A057,2.0,2024-04-01
U0904,A060,3.5,2024-04-05
U0904,A043,3.0,2024-01-16
U0904,A003,4.0,2024-04-02
U0904,A053,3.5,2024-07-30
U0904,A001,4.5,2024-10-18
U0904,A059,4.0,2024-10-08
U0904,A058,3.0,2024-01-08
U0904,A027,4.0,2024-02-18
U0904,A035,3.0,2024-05-16
U0904,A014,2.5,2024-04-04
U0905,A007,2.5,2024-08-16
U0905,A032,3.5,2024-01-21
U0905,A017,2.5,2024-06-24
U0905,A034,2.0,2024-12-16
U0905,A045,2.0,2024-01-06
U0905,A057,3.5,2024-01-17
U0905,A031,3.5,2024-05-29
U0905,A048,3.0,2024-10-25
U0905,A050,3.0,2024-04-11
U0905,A009,3.0,2024-04-16
U0905,A023,3.5,2024-04-04
U0905,A038,2.5,2024-07-30
U0905,A001,3.0,2024-08-22
U0905,A008,3.0,2024-04-03
U0906,A024,3.5,2024-10-03
U0906,A007,4.0,2024-04-23
U0906,A005,2.5,2024-10-15
U0906,A034,2.5,2024-01-17
U0906,A030,2.0,2024-07-22
U0906,A016,3.0,2024-06-15
U0906,A013,3.5,2024-05-13
U0906,A037,2.5,2024-02-01
U0906,A009,3.5,2024-03-21
U0906,A038,3.0,2024-06-28
U0906,A059,2.0,2024-11-11
U0906,A003,3.5,2024-11-09
U0907,A024,3.5,2024-06-27
U0907,A007,4.0,2024-11-29
U0907,A034,3.5,2024-01-25
U0907,A026,4.0,2024-06-01
U0907,A020,3.0,2024-10-15
U0907,A015,3.5,2024-08-07
U0907,A004,3.5,2024-01-31
U0907,A009,3.5,2024-03-05
U0907,A038,4.0,2024-08-08
U0907,A048,4.0,2024-08-02
U0907,A058,2.5,2024-08-19
U0907,A003,3.0,2024-07-21
U0907,A012,3.0,2024-11-26
U0908,A028,4.5,2024-09-15
U0908,A025,2.5,2024-10-06
U0908,A046,3.5,2024-08-10
U0908,A060,3.5,2024-06-03
U0908,A022,4.0,2024-01-02
U0908,A039,3.0,2024-08-02
U0908,A006,2.5,2024-09-10
U0908,A056,2.5,2024-07-05
U0908,A004,3.0,2024-07-30
U0908,A001,3.0,2024-01-12
U0908,A059,3.5,2024-03-27
U0908,A058,2.0,2024-01-23
U0908,A027,4.0,2024-10-06
U0909,A049,2.5,2024-06-02
U0909,A024,3.5,2024-05-01
U0909,A032,3.5,2024-11-13
U0909,A036,3.5,2024-01-17
U0909,A057,4.0,2024-05-23
U0909,A022,4.0,2024-05-12
U0909,A041,2.5,2024-10-04
U0909,A003,3.0,2024-10-20
U0910,A028,2.5,2024-02-04
U0910,A057,4.0,2024-01-21
U0910,A015,4.0,2024-03-19
U0910,A016,4.0,2024-07-10
U0910,A050,4.0,2024-11-29
U0910,A044,3.5,2024-06-18
U0910,A058,3.0,2024-06-25
U0910,A049,4.0,2024-01-31
U0911,A055,3.0,2024-10-10
U0911,A026,2.5,2024-10-13
U0911,A022,3.0,2024-05-25
U0911,A023,3.5,2024-12-21
U0911,A006,2.0,2024-04-16
U0911,A037,3.0,2024-11-15
U0911,A004,1.5,2024-04-09
U0911,A059,3.0,2024-05-05
U0911,A035,3.5,2024-04-08
U0912,A007,3.5,2024-06-26
U0912,A017,4.0,2024-10-15
U0912,A019,3.0,2024-10-02
U0912,A057,3.5,2024-11-26
U0912,A022,2.5,2024-04-28
U0912,A042,3.0,2024-03-03
U0912,A023,3.0,2024-03-05
U0912,A009,3.0,2024-05-17
U0912,A058,2.0,2024-05-18
U0912,A049,3.0,2024-02-16
U0913,A028,3.5,2024-05-04
U0913,A001,2.5,2024-09-11
U0913,A025,5.0,2024-07-24
U0913,A045,3.5,2024-04-11
U0913,A046,2.5,2024-02-08
U0913,A057,1.5,2024-09-03
U0913,A015,2.5,2024-08-23
U0913,A006,3.5,2024-06-07
U0913,A039,3.5,2024-10-28
U0913,A010,3.0,2024-07-09
U0914,A002,4.5,2024-08-16
U0914,A033,3.5,2024-02-08
U0914,A007,3.0,2024-12-25
U0914,A025,3.5,2024-04-27
U0914,A047,3.0,2024-02-21
U0914,A054,3.5,2024-09-03
U0914,A040,1.5,2024-07-09
U0914,A022,3.0,2024-04-28
U0914,A016,1.5,2024-07-24
U0914,A053,3.0,2024-03-06
U0914,A056,3.0,2024-08-04
U0914,A059,4.0,2024-05-20
U0915,A032,3.5,2024-06-10
U0915,A017,4.0,2024-03-11
U0915,A025,1.0,2024-05-18
U0915,A034,3.0,2024-02-01
U0915,A045,2.0,2024-04-07
U0915,A019,3.5,2024-03-26
U0915,A057,3.0,2024-12-27
U0915,A020,4.5,2024-02-24
U0915,A048,3.5,2024-02-02
U0915,A023,3.0,2024-06-30
U0915,A006,4.0,2024-12-19
U0915,A056,3.0,2024-04-27
U0915,A039,3.0,2024-06-18
U0915,A033,3.5,2024-06-30
U0915,A059,4.5,2024-01-06
U0916,A055,3.5,2024-08-26
U0916,A024,3.0,2024-11-05
U0916,A032,3.0,2024-03-05
U0916,A005,3.0,2024-07-10
U0916,A017,3.0,2024-12-20
U0916,A030,2.0,2024-05-08
U0916,A046,4.0,2024-03-08
U0916,A041,4.0,2024-03-19
U0916,A020,3.0,2024-02-17
U0916,A004,2.5,2024-09-13
U0916,A039,2.5,2024-10-06
U0916,A059,1.0,2024-04-30
U0916,A058,3.0,2024-12-28
U0917,A028,3.5,2024-10-21
U0917,A024,5.0,2024-04-11
U0917,A054,3.5,2024-04-16
U0917,A019,2.5,2024-04-30
U0917,A046,3.5,2024-03-28
U0917,A060,3.5,2024-10-28
U0917,A043,4.0,2024-10-28
U0917,A023,3.0,2024-10-12
U0917,A056,3.0,2024-08-08
U0917,A001,2.5,2024-06-30
U0917,A033,3.5,2024-02-18
U0917,A012,5.0,2024-07-02
U0918,A055,3.5,2024-06-19
U0918,A051,4.0,2024-11-21
U0918,A036,2.5,2024-09-14
U0918,A060,4.5,2024-07-02
U0918,A038,4.0,2024-09-26
U0918,A001,4.0,2024-09-28
U0918,A058,3.0,2024-04-08
U0918,A035,3.0,2024-10-04
U0919,A047,4.0,2024-07-04
U0919,A046,2.0,2024-06-05
U0919,A015,3.5,2024-04-20
U0919,A037,2.5,2024-11-22
U0919,A006,3.0,2024-06-12
U0919,A038,3.0,2024-07-10
U0919,A033,2.5,2024-02-11
U0919,A058,2.5,2024-10-26
U0919,A035,3.5,2024-07-19
U0919,A029,5.0,2024-03-27
U0920,A033,3.0,2024-08-16
U0920,A032,4.5,2024-03-29
U0920,A025,3.5,2024-10-09
U0920,A041,3.0,2024-07-29
U0920,A037,4.0,2024-04-06
U0920,A035,3.5,2024-10-28
U0920,A039,3.5,2024-05-08
U0920,A059,2.0,2024-04-02
U0920,A049,2.5,2024-11-26
U0920,A012,4.0,2024-01-07
U0921,A032,4.5,2024-01-07
U0921,A025,3.0,2024-11-06
U0921,A034,2.5,2024-12-25
U0921,A041,2.0,2024-12-01
U0921,A043,2.0,2024-08-01
U0921,A023,4.0,2024-07-20
U0921,A056,3.0,2024-03-28
U0921,A033,3.5,2024-12-21
U0921,A027,3.0,2024-08-15
U0922,A044,3.0,2024-08-08
U0922,A007,4.0,2024-04-09
U0922,A005,3.0,2024-04-04
U0922,A045,3.0,2024-02-04
U0922,A041,3.5,2024-09-01
U0922,A013,3.0,2024-05-25
U0922,A006,3.0,2024-11-27
U0922,A001,2.5,2024-01-21
U0923,A032,4.0,2024-04-12
U0923,A034,4.5,2024-10-02
U0923,A040,4.5,2024-11-13
U0923,A031,4.0,2024-03-31
U0923,A050,5.0,2024-03-09
U0923,A042,3.0,2024-03-23
U0923,A052,2.5,2024-06-01
U0923,A012,3.0,2024-08-25
U0924,A047,4.5,2024-09-05
U0924,A026,3.0,2024-12-03
U0924,A031,3.0,2024-01-20
U0924,A041,3.5,2024-06-13
U0924,A020,2.5,2024-07-23
U0924,A037,2.0,2024-05-23
U0924,A039,3.5,2024-07-23
U0924,A014,4.0,2024-02-26
U0924,A029,2.5,2024-12-16
U0925,A055,2.0,2024-03-29
U0925,A051,3.5,2024-04-12
U0925,A047,4.5,2024-05-18
U0925,A036,2.0,2024-08-04
U0925,A019,3.5,2024-02-16
U0925,A060,3.5,2024-08-15
U0925,A031,3.5,2024-08-05
U0925,A020,4.5,2024-12-03
U0925,A013,4.0,2024-03-16
U0925,A050,3.0,2024-04-24
U0925,A038,3.0,2024-12-10
U0925,A004,3.0,2024-02-26
U0925,A044,3.5,2024-04-15
U0925,A003,4.0,2024-04-11
U0926,A028,3.5,2024-04-01
U0926,A008,4.0,2024-08-25
U0926,A002,4.5,2024-08-28
U0926,A051,2.0,2024-12-03
U0926,A017,3.0,2024-07-17
U0926,A025,2.5,2024-09-24
U0926,A005,3.0,2024-07-04
U0926,A057,2.5,2024-09-01
U0926,A013,3.5,2024-08-03
U0926,A053,3.5,2024-01-17
U0926,A059,4.0,2024-08-04
U0926,A058,4.0,2024-12-20
U0926,A012,4.0,2024-04-16
U0926,A014,3.5,2024-05-08
U0927,A055,3.0,2024-01-11
U0927,A032,3.5,2024-02-14
U0927,A017,3.5,2024-09-10
U0927,A030,3.5,2024-11-13
U0927,A031,2.5,2024-11-11
U0927,A060,4.5,2024-10-16
U0927,A015,3.0,2024-04-06
U0927,A022,3.5,2024-03-29
U0927,A048,3.5,2024-06-02
U0927,A006,1.5,2024-12-23
U0927,A038,2.5,2024-04-03
U0927,A044,3.0,2024-01-22
U0928,A051,3.5,2024-08-07
U0928,A005,3.0,2024-06-20
U0928,A036,3.0,2024-04-10
U0928,A046,2.5,2024-09-13
U0928,A020,3.0,2024-07-18
U0928,A041,3.5,2024-10-20
U0928,A004,3.0,2024-05-10
U0928,A058,4.0,2024-08-17
U0928,A035,3.5,2024-10-18
U0928,A014,3.5,2024-01-06
U0929,A028,4.0,2024-12-18
U0929,A055,3.0,2024-08-27
U0929,A051,4.5,2024-03-29
U0929,A005,4.0,2024-04-11
U0929,A031,3.5,2024-09-21
U0929,A021,3.5,2024-08-10
U0929,A037,2.0,2024-12-27
U0929,A006,4.5,2024-05-16
U0929,A058,3.0,2024-02-02
U0929,A003,3.0,2024-11-30
U0930,A055,2.5,2024-03-30
U0930,A018,3.5,2024-02-16
U0930,A043,3.0,2024-07-19
U0930,A042,2.5,2024-05-22
U0930,A038,4.5,2024-04-30
U0930,A001,4.0,2024-06-13
U0930,A010,3.0,2024-10-29
U0930,A052,4.5,2024-11-04
U0931,A024,3.5,2024-06-05
U0931,A047,3.0,2024-09-07
U0931,A026,2.0,2024-11-27
U0931,A031,3.5,2024-11-21
U0931,A043,4.0,2024-07-29
U0931,A038,3.0,2024-02-18
U0931,A011,3.5,2024-05-30
U0931,A029,2.5,2024-04-23
U0932,A018,3.5,2024-12-13
U0932,A033,3.0,2024-07-17
U0932,A054,3.0,2024-04-29
U0932,A030,2.5,2024-07-25
U0932,A019,3.0,2024-10-10
U0932,A057,3.5,2024-02-04
U0932,A060,2.0,2024-07-07
U0932,A045,2.0,2024-12-03
U0932,A021,3.0,2024-06-01
U0932,A053,3.0,2024-12-21
U0932,A004,3.0,2024-02-14
U0932,A039,3.5,2024-09-22
U0932,A059,3.5,2024-07-09
U0932,A027,4.0,2024-09-21
U0932,A012,4.0,2024-11-07
U0933,A002,2.5,2024-09-21
U0933,A046,3.0,2024-06-06
U0933,A022,3.0,2024-06-20
U0933,A015,4.0,2024-01-21
U0933,A023,2.5,2024-12-23
U0933,A038,2.5,2024-08-20
U0933,A039,3.5,2024-11-28
U0933,A049,4.5,2024-10-14
U0934,A005,3.5,2024-07-21
U0934,A047,3.5,2024-09-04
U0934,A036,3.5,2024-11-26
U0934,A017,4.5,2024-08-13
U0934,A019,3.0,2024-12-06
U0934,A034,3.5,2024-04-18
U0934,A026,2.0,2024-01-12
U0934,A057,2.5,2024-07-26
U0934,A016,3.0,2024-08-29
U0934,A050,3.5,2024-12-24
U0934,A037,2.5,2024-03-02
U0934,A038,3.5,2024-10-07
U0934,A010,3.0,2024-03-10
U0934,A029,4.5,2024-04-03
U0935,A007,3.0,2024-09-16
U0935,A054,1.0,2024-08-08
U0935,A046,5.0,2024-06-17
U0935,A022,3.5,2024-04-21
U0935,A039,3.5,2024-09-14
U0935,A021,2.5,2024-06-17
U0935,A048,2.0,2024-12-12
U0935,A059,2.0,2024-11-02
U0935,A011,3.0,2024-01-24
U0935,A029,3.5,2024-07-17
U0936,A025,4.5,2024-03-12
U0936,A036,3.0,2024-03-01
U0936,A030,4.5,2024-12-21
U0936,A047,4.0,2024-08-21
U0936,A060,2.5,2024-01-31
U0936,A043,3.5,2024-05-14
U0936,A031,4.0,2024-11-27
U0936,A021,2.5,2024-10-14
U0936,A037,3.5,2024-08-04
U0936,A056,4.5,2024-12-24
U0936,A004,2.5,2024-02-09
U0936,A044,2.5,2024-10-06
U0936,A059,4.0,2024-07-24
U0936,A011,3.0,2024-12-15
U0936,A003,2.5,2024-08-14
U0937,A024,2.5,2024-10-22
U0937,A025,2.0,2024-12-12
U0937,A026,3.5,2024-01-08
U0937,A060,3.0,2024-08-30
U0937,A037,3.5,2024-04-08
U0937,A023,3.5,2024-10-24
U0937,A033,3.0,2024-10-24
U0937,A029,2.0,2024-03-31
U0938,A025,2.0,2024-02-16
U0938,A054,3.5,2024-08-22
U0938,A036,2.5,2024-01-04
U0938,A040,4.0,2024-09-30
U0938,A046,3.5,2024-08-04
U0938,A016,4.0,2024-06-06
U0938,A053,2.5,2024-11-08
U0938,A042,3.0,2024-05-14
U0938,A058,4.0,2024-03-28
U0939,A002,4.0,2024-10-16
U0939,A005,3.0,2024-11-08
U0939,A017,2.0,2024-08-02
U0939,A036,3.0,2024-08-18
U0939,A003,3.5,2024-01-14
U0939,A016,3.5,2024-07-13
U0939,A042,3.0,2024-11-02
U0939,A023,3.5,2024-04-01
U0939,A056,3.0,2024-02-02
U0939,A052,2.5,2024-11-11
U0939,A011,2.5,2024-06-23
U0939,A027,5.0,2024-10-02
U0939,A012,3.5,2024-08-12
U0939,A014,4.0,2024-04-07
U0940,A012,3.5,2024-05-22
U0940,A036,3.0,2024-12-03
U0940,A043,2.0,2024-05-05
U0940,A042,3.0,2024-01-28
U0940,A021,4.0,2024-12-23
U0940,A058,2.0,2024-03-16
U0940,A010,4.5,2024-12-21
U0940,A035,2.5,2024-12-13
U0941,A007,3.5,2024-12-05
U0941,A030,3.5,2024-04-23
U0941,A045,4.0,2024-12-13
U0941,A057,3.5,2024-02-28
U0941,A046,3.5,2024-06-24
U0941,A060,3.0,2024-11-26
U0941,A009,2.0,2024-09-27
U0941,A001,3.5,2024-10-23
U0941,A027,4.0,2024-01-27
U0942,A008,3.5,2024-02-28
U0942,A001,2.5,2024-08-31
U0942,A047,4.5,2024-01-28
U0942,A045,3.0,2024-11-02
U0942,A057,2.5,2024-03-20
U0942,A043,2.5,2024-07-30
U0942,A004,3.5,2024-11-18
U0942,A044,3.5,2024-06-01
U0942,A033,2.5,2024-01-22
U0943,A024,3.5,2024-09-26
U0943,A047,3.0,2024-06-16
U0943,A017,3.5,2024-01-16
U0943,A030,2.0,2024-12-04
U0943,A031,2.0,2024-01-10
U0943,A041,2.5,2024-08-22
U0943,A060,3.5,2024-03-16
U0943,A042,1.5,2024-09-21
U0943,A009,3.5,2024-09-16
U0943,A053,3.5,2024-12-03
U0943,A039,3.0,2024-10-23
U0943,A033,2.0,2024-06-22
U0943,A011,2.5,2024-10-16
U0943,A003,3.5,2024-04-04
U0943,A035,4.0,2024-11-24
U0944,A055,3.0,2024-05-02
U0944,A032,3.5,2024-11-15
U0944,A051,4.0,2024-03-02
U0944,A054,3.0,2024-08-21
U0944,A019,3.0,2024-01-30
U0944,A057,2.5,2024-11-21
U0944,A045,2.0,2024-03-30
U0944,A041,4.5,2024-08-03
U0944,A031,5.0,2024-04-09
U0944,A053,3.5,2024-12-10
U0944,A009,3.0,2024-05-15
U0944,A039,4.5,2024-05-23
U0944,A029,3.5,2024-05-17
U0944,A049,2.5,2024-04-21
U0944,A014,2.5,2024-06-15
U0945,A049,3.5,2024-11-01
U0945,A028,2.5,2024-01-10
U0945,A008,1.5,2024-10-26
U0945,A024,2.5,2024-02-16
U0945,A017,4.5,2024-03-20
U0945,A011,4.0,2024-04-24
U0945,A041,4.0,2024-08-22
U0945,A016,3.5,2024-07-05
U0945,A013,3.0,2024-05-07
U0945,A021,3.0,2024-01-05
U0945,A053,3.5,2024-04-03
U0945,A059,3.0,2024-10-09
U0945,A058,2.5,2024-05-16
U0945,A027,3.0,2024-10-18
U0946,A028,2.0,2024-04-23
U0946,A018,3.5,2024-12-23
U0946,A007,3.0,2024-08-05
U0946,A034,3.0,2024-05-10
U0946,A017,4.0,2024-09-13
U0946,A047,1.0,2024-02-10
U0946,A019,4.0,2024-12-24
U0946,A057,3.5,2024-09-29
U0946,A060,1.5,2024-08-13
U0946,A041,3.5,2024-07-07
U0946,A016,3.5,2024-05-22
U0946,A013,3.5,2024-12-13
U0946,A059,2.0,2024-01-09
U0946,A058,3.5,2024-05-04
U0946,A035,3.5,2024-07-23
U0947,A028,2.5,2024-03-06
U0947,A054,4.0,2024-04-28
U0947,A019,3.0,2024-08-07
U0947,A046,2.5,2024-01-20
U0947,A057,3.0,2024-07-14
U0947,A021,3.0,2024-07-25
U0947,A042,4.0,2024-08-25
U0947,A037,2.0,2024-11-05
U0947,A004,3.5,2024-11-15
U0947,A033,4.5,2024-09-27
U0947,A059,4.0,2024-07-27
U0947,A049,4.5,2024-05-25
U0948,A036,3.5,2024-11-05
U0948,A030,2.5,2024-09-25
U0948,A003,2.5,2024-07-17
U0948,A041,4.5,2024-04-04
U0948,A043,3.0,2024-03-25
U0948,A039,3.0,2024-07-29
U0948,A033,4.0,2024-10-15
U0948,A049,3.0,2024-11-13
U0948,A027,3.5,2024-03-06
U0949,A024,2.5,2024-04-06
U0949,A007,3.5,2024-06-25
U0949,A022,2.0,2024-07-12
U0949,A037,3.5,2024-11-08
U0949,A056,2.5,2024-10-29
U0949,A038,2.5,2024-11-03
U0949,A033,3.0,2024-12-02
U0949,A029,4.0,2024-03-20
U0950,A055,4.5,2024-08-10
U0950,A033,4.0,2024-01-07
U0950,A046,3.0,2024-06-03
U0950,A060,2.5,2024-03-03
U0950,A022,3.5,2024-05-06
U0950,A021,3.0,2024-05-10
U0950,A038,3.0,2024-09-25
U0950,A044,3.0,2024-03-29
U0950,A008,3.5,2024-01-26
U0950,A058,3.0,2024-09-24
U0950,A059,3.5,2024-05-08
U0951,A018,2.5,2024-05-28
U0951,A007,3.5,2024-06-01
U0951,A032,3.0,2024-01-26
U0951,A024,4.0,2024-11-30
U0951,A057,3.0,2024-12-03
U0951,A041,3.5,2024-12-23
U0951,A013,3.5,2024-08-26
U0951,A021,3.0,2024-07-23
U0951,A001,2.5,2024-03-16
U0951,A058,2.0,2024-11-11
U0951,A010,3.5,2024-02-04
U0952,A002,4.0,2024-10-05
U0952,A011,2.5,2024-08-28
U0952,A026,3.5,2024-03-08
U0952,A057,4.0,2024-01-17
U0952,A022,2.5,2024-10-29
U0952,A046,2.0,2024-11-09
U0952,A016,2.5,2024-10-03
U0952,A013,3.5,2024-08-10
U0952,A004,4.0,2024-11-25
U0952,A059,3.5,2024-06-16
U0952,A058,4.0,2024-12-09
U0952,A027,1.5,2024-07-15
U0953,A047,3.0,2024-10-18
U0953,A036,4.0,2024-09-05
U0953,A022,4.5,2024-08-06
U0953,A043,3.0,2024-08-07
U0953,A041,3.0,2024-11-07
U0953,A016,3.0,2024-02-22
U0953,A009,3.0,2024-11-14
U0953,A001,2.5,2024-05-13
U0953,A033,4.0,2024-10-13
U0953,A058,2.0,2024-11-13
U0953,A003,3.0,2024-07-24
U0953,A052,3.5,2024-03-05
U0954,A001,4.0,2024-08-17
U0954,A025,2.5,2024-11-11
U0954,A047,2.5,2024-07-28
U0954,A019,4.5,2024-07-28
U0954,A060,2.0,2024-02-21
U0954,A048,3.0,2024-09-26
U0954,A042,4.0,2024-08-08
U0954,A044,4.0,2024-10-19
U0955,A024,3.0,2024-04-09
U0955,A005,3.0,2024-09-03
U0955,A030,3.0,2024-12-04
U0955,A026,3.5,2024-11-12
U0955,A057,2.5,2024-06-10
U0955,A040,2.0,2024-07-26
U0955,A043,5.0,2024-02-19
U0955,A015,3.5,2024-01-07
U0955,A004,3.5,2024-01-27
U0955,A059,3.0,2024-09-11
U0955,A011,4.0,2024-09-07
U0955,A049,3.0,2024-09-10
U0955,A035,1.5,2024-04-10
U0956,A028,2.5,2024-06-19
U0956,A032,3.5,2024-11-14
U0956,A034,2.0,2024-10-25
U0956,A025,3.0,2024-11-01
U0956,A057,3.5,2024-02-06
U0956,A031,2.5,2024-10-29
U0956,A053,2.5,2024-04-11
U0956,A038,1.5,2024-09-21
U0956,A010,4.0,2024-09-04
U0956,A012,4.5,2024-04-09
U0957,A051,4.5,2024-08-08
U0957,A017,3.5,2024-01-14
U0957,A005,3.0,2024-08-15
U0957,A030,2.5,2024-09-30
U0957,A046,2.5,2024-07-31
U0957,A057,2.5,2024-03-06
U0957,A043,4.0,2024-04-25
U0957,A015,3.5,2024-06-10
U0957,A013,3.5,2024-02-03
U0957,A004,4.0,2024-01-03
U0957,A059,2.5,2024-12-20
U0958,A055,2.0,2024-06-29
U0958,A002,3.5,2024-07-15
U0958,A033,3.0,2024-04-08
U0958,A051,3.0,2024-05-10
U0958,A036,3.0,2024-01-19
U0958,A030,3.0,2024-11-05
U0958,A026,4.0,2024-02-07
U0958,A057,4.0,2024-10-12
U0958,A031,4.0,2024-06-30
U0958,A022,4.0,2024-09-17
U0958,A053,4.0,2024-01-01
U0958,A044,3.5,2024-06-25
U0958,A059,4.5,2024-06-26
U0958,A011,2.0,2024-10-05
U0958,A014,2.5,2024-02-10
U0959,A024,3.0,2024-09-08
U0959,A005,2.0,2024-08-30
U0959,A045,2.5,2024-01-02
U0959,A057,2.0,2024-01-26
U0959,A060,3.0,2024-05-25
U0959,A004,3.5,2024-01-06
U0959,A059,3.5,2024-10-27
U0959,A011,2.5,2024-05-05
U0959,A052,3.5,2024-01-07
U0960,A002,3.0,2024-10-28
U0960,A024,3.0,2024-07-14
U0960,A051,3.5,2024-07-20
U0960,A017,3.5,2024-03-23
U0960,A034,2.5,2024-01-21
U0960,A026,2.5,2024-05-02
U0960,A057,2.5,2024-09-20
U0960,A039,4.5,2024-07-09
U0960,A021,3.0,2024-10-05
U0960,A044,3.0,2024-10-10
U0960,A033,3.0,2024-07-23
U0960,A058,2.0,2024-12-16
U0961,A055,3.0,2024-02-16
U0961,A012,3.0,2024-07-14
U0961,A028,3.5,2024-05-24
U0961,A060,3.5,2024-12-20
U0961,A015,5.0,2024-08-11
U0961,A021,3.5,2024-12-29
U0961,A023,4.0,2024-11-03
U0961,A053,3.0,2024-04-15
U0961,A056,4.0,2024-04-14
U0961,A039,4.0,2024-05-01
U0961,A058,3.5,2024-06-24
U0961,A052,3.5,2024-08-01
U0962,A007,3.0,2024-09-06
U0962,A054,2.5,2024-01-22
U0962,A031,3.0,2024-09-15
U0962,A043,2.5,2024-11-05
U0962,A016,3.0,2024-10-12
U0962,A042,3.0,2024-09-04
U0962,A023,3.0,2024-01-22
U0962,A009,3.0,2024-11-01
U0962,A059,3.0,2024-03-27
U0962,A010,2.5,2024-01-22
U0963,A002,3.0,2024-07-18
U0963,A017,4.0,2024-07-12
U0963,A040,2.0,2024-02-21
U0963,A041,4.0,2024-02-19
U0963,A016,3.5,2024-06-20
U0963,A021,2.5,2024-10-02
U0963,A050,3.5,2024-05-21
U0963,A056,2.5,2024-10-10
U0963,A048,3.5,2024-06-22
U0964,A002,4.0,2024-12-01
U0964,A025,2.0,2024-07-25
U0964,A057,3.0,2024-01-17
U0964,A041,2.5,2024-05-31
U0964,A050,3.5,2024-08-20
U0964,A037,3.0,2024-12-16
U0964,A044,4.5,2024-12-10
U0964,A010,3.5,2024-03-22
U0965,A017,4.0,2024-12-30
U0965,A046,1.5,2024-05-22
U0965,A020,3.5,2024-05-31
U0965,A016,3.5,2024-09-02
U0965,A013,2.0,2024-12-23
U0965,A039,3.5,2024-01-30
U0965,A038,3.5,2024-09-29
U0965,A044,2.0,2024-12-13
U0965,A010,2.5,2024-12-13
U0965,A052,5.0,2024-03-11
U0966,A054,3.0,2024-07-17
U0966,A045,1.5,2024-07-27
U0966,A057,3.5,2024-03-08
U0966,A050,3.0,2024-07-27
U0966,A037,2.5,2024-04-02
U0966,A035,3.5,2024-05-07
U0966,A038,2.5,2024-06-16
U0966,A048,3.5,2024-12-25
U0966,A059,3.0,2024-10-22
U0966,A027,2.5,2024-07-11
U0966,A012,2.5,2024-01-02
U0967,A055,2.5,2024-09-21
U0967,A047,2.5,2024-07-24
U0967,A019,3.5,2024-01-25
U0967,A057,2.5,2024-06-18
U0967,A060,4.5,2024-01-27
U0967,A016,4.0,2024-07-20
U0967,A015,3.0,2024-05-01
U0967,A013,1.5,2024-01-22
U0967,A006,3.5,2024-07-21
U0967,A038,3.0,2024-07-21
U0967,A001,4.0,2024-05-02
U0967,A033,3.5,2024-08-10
U0967,A035,4.0,2024-01-05
U0968,A047,3.0,2024-11-23
U0968,A040,3.0,2024-01-15
U0968,A057,3.0,2024-03-14
U0968,A019,3.5,2024-07-05
U0968,A043,3.0,2024-03-10
U0968,A021,3.0,2024-01-12
U0968,A050,3.5,2024-11-07
U0968,A023,2.0,2024-05-14
U0968,A042,4.0,2024-06-22
U0968,A056,3.0,2024-03-21
U0968,A058,4.0,2024-12-18
U0968,A049,2.5,2024-04-12
U0968,A010,2.5,2024-08-23
U0969,A002,3.0,2024-06-27
U0969,A025,2.5,2024-09-09
U0969,A036,3.5,2024-05-31
U0969,A046,3.0,2024-12-04
U0969,A022,3.5,2024-06-13
U0969,A031,3.5,2024-05-11
U0969,A060,3.0,2024-05-19
U0969,A057,2.5,2024-11-18
U0969,A050,4.0,2024-10-29
U0969,A053,2.0,2024-03-11
U0969,A038,2.5,2024-01-23
U0969,A039,2.5,2024-06-12
U0969,A058,3.5,2024-05-26
U0970,A055,3.0,2024-07-22
U0970,A044,3.0,2024-07-26
U0970,A034,3.5,2024-03-21
U0970,A036,3.0,2024-03-26
U0970,A011,3.5,2024-11-01
U0970,A057,3.0,2024-12-17
U0970,A037,3.0,2024-07-08
U0970,A048,4.0,2024-03-17
U0970,A059,3.0,2024-03-04
U0970,A058,3.5,2024-09-09
U0970,A052,3.0,2024-11-11
U0970,A014,1.5,2024-09-10
U0971,A032,3.5,2024-06-07
U0971,A036,2.0,2024-10-04
U0971,A060,2.0,2024-08-04
U0971,A041,4.0,2024-01-16
U0971,A050,2.5,2024-08-17
U0971,A023,2.5,2024-01-06
U0971,A053,2.0,2024-05-31
U0971,A029,3.0,2024-08-17
U0972,A028,2.5,2024-02-06
U0972,A002,2.5,2024-07-10
U0972,A025,1.0,2024-04-11
U0972,A036,2.5,2024-12-14
U0972,A019,3.5,2024-01-03
U0972,A057,1.5,2024-02-04
U0972,A050,2.5,2024-08-13
U0972,A037,3.0,2024-04-27
U0972,A023,3.5,2024-12-13
U0972,A059,3.0,2024-11-21
U0973,A007,3.0,2024-10-19
U0973,A036,3.0,2024-02-01
U0973,A054,4.0,2024-07-10
U0973,A040,1.5,2024-03-07
U0973,A021,4.5,2024-04-01
U0973,A037,2.5,2024-05-10
U0973,A006,2.0,2024-06-03
U0973,A039,3.0,2024-02-08
U0973,A008,3.0,2024-04-17
U0974,A028,2.5,2024-12-14
U0974,A017,1.5,2024-06-12
U0974,A030,4.0,2024-12-21
U0974,A026,2.0,2024-08-27
U0974,A022,2.5,2024-10-25
U0974,A023,1.5,2024-01-28
U0974,A006,2.5,2024-06-12
U0974,A056,4.0,2024-08-23
U0974,A014,3.0,2024-03-04
U0974,A035,2.5,2024-10-20
U0974,A029,3.0,2024-02-10
U0975,A055,4.0,2024-05-15
U0975,A018,3.0,2024-11-17
U0975,A007,5.0,2024-12-09
U0975,A024,3.5,2024-10-13
U0975,A051,4.0,2024-08-23
U0975,A030,2.5,2024-07-21
U0975,A019,3.5,2024-10-07
U0975,A060,3.5,2024-01-04
U0975,A016,2.5,2024-07-10
U0975,A053,3.5,2024-12-17
U0975,A056,4.5,2024-08-27
U0975,A004,3.5,2024-01-26
U0975,A044,2.5,2024-04-05
U0975,A012,4.5,2024-05-04
U0976,A055,3.5,2024-12-19
U0976,A007,2.0,2024-12-27
U0976,A034,2.5,2024-11-05
U0976,A036,3.0,2024-12-23
U0976,A025,3.0,2024-09-02
U0976,A057,3.0,2024-04-18
U0976,A060,3.0,2024-12-15
U0976,A043,3.0,2024-03-09
U0976,A041,2.5,2024-04-17
U0976,A016,2.5,2024-10-16
U0976,A056,3.0,2024-07-26
U0976,A038,3.5,2024-05-28
U0976,A039,3.5,2024-05-12
U0976,A058,3.0,2024-01-21
U0976,A014,3.5,2024-04-05
U0977,A018,3.5,2024-08-30
U0977,A007,3.5,2024-05-01
U0977,A022,4.0,2024-11-14
U0977,A020,3.5,2024-12-29
U0977,A016,4.0,2024-03-22
U0977,A037,5.0,2024-04-24
U0977,A038,5.0,2024-09-30
U0977,A033,2.5,2024-06-22
U0977,A003,2.5,2024-11-29
U0977,A027,3.0,2024-03-13
U0978,A057,3.0,2024-11-11
U0978,A015,3.0,2024-04-06
U0978,A013,2.0,2024-04-26
U0978,A004,2.0,2024-03-30
U0978,A059,2.5,2024-09-21
U0978,A029,3.5,2024-05-22
U0978,A003,3.5,2024-05-30
U0978,A014,3.0,2024-03-11
U0979,A028,4.0,2024-06-17
U0979,A024,4.5,2024-05-17
U0979,A051,2.5,2024-12-19
U0979,A025,4.0,2024-06-24
U0979,A046,2.0,2024-03-05
U0979,A057,2.5,2024-07-18
U0979,A038,3.5,2024-01-30
U0979,A048,3.0,2024-08-14
U0979,A011,3.5,2024-06-14
U0979,A010,3.0,2024-08-11
U0979,A052,2.5,2024-10-18
U0980,A024,2.5,2024-04-04
U0980,A005,3.0,2024-08-09
U0980,A034,3.0,2024-11-16
U0980,A042,4.5,2024-03-18
U0980,A023,3.0,2024-03-06
U0980,A050,3.0,2024-09-09
U0980,A001,3.0,2024-08-18
U0980,A049,3.5,2024-08-27
U0980,A029,3.5,2024-08-27
U0981,A032,4.5,2024-01-02
U0981,A047,5.0,2024-04-16
U0981,A026,2.0,2024-10-12
U0981,A060,4.5,2024-07-04
U0981,A020,4.5,2024-01-27
U0981,A021,3.0,2024-05-01
U0981,A023,3.0,2024-07-12
U0981,A037,4.0,2024-01-18
U0981,A038,3.0,2024-06-20
U0981,A027,4.0,2024-11-10
U0981,A029,3.5,2024-06-09
U0982,A002,4.0,2024-09-10
U0982,A017,3.0,2024-05-18
U0982,A030,2.5,2024-01-10
U0982,A043,2.5,2024-12-11
U0982,A013,3.0,2024-11-27
U0982,A023,3.5,2024-08-10
U0982,A056,3.0,2024-08-30
U0982,A058,3.5,2024-07-06
U0982,A049,3.5,2024-09-16
U0982,A027,2.5,2024-03-26
U0983,A007,1.5,2024-05-24
U0983,A032,2.5,2024-10-20
U0983,A060,4.0,2024-08-17
U0983,A020,2.5,2024-05-16
U0983,A013,3.5,2024-06-10
U0983,A042,3.0,2024-10-31
U0983,A037,2.0,2024-09-05
U0983,A023,2.5,2024-11-26
U0983,A053,3.5,2024-10-27
U0983,A044,2.5,2024-04-16
U0983,A059,2.5,2024-02-23
U0983,A058,3.5,2024-09-24
U0983,A049,3.0,2024-04-21
U0983,A027,3.5,2024-10-27
U0984,A051,3.5,2024-04-20
U0984,A025,3.5,2024-03-06
U0984,A017,3.0,2024-03-08
U0984,A019,2.5,2024-04-23
U0984,A060,4.0,2024-10-29
U0984,A022,4.0,2024-05-11
U0984,A031,2.0,2024-07-14
U0984,A013,3.5,2024-02-21
U0984,A016,3.0,2024-03-07
U0984,A053,2.5,2024-02-21
U0984,A056,3.5,2024-03-21
U0984,A059,3.5,2024-10-07
U0984,A027,3.0,2024-10-26
U0984,A052,2.5,2024-12-26
U0984,A014,4.0,2024-09-30
U0985,A028,2.5,2024-01-03
U0985,A005,2.5,2024-12-24
U0985,A017,3.0,2024-02-07
U0985,A057,3.0,2024-04-03
U0985,A009,4.0,2024-12-16
U0985,A023,2.0,2024-08-18
U0985,A056,3.0,2024-08-11
U0985,A004,4.5,2024-12-23
U0985,A059,3.0,2024-03-24
U0986,A055,2.0,2024-09-19
U0986,A005,5.0,2024-09-13
U0986,A054,3.5,2024-09-26
U0986,A040,3.0,2024-03-13
U0986,A046,3.5,2024-03-06
U0986,A016,2.0,2024-04-14
U0986,A037,3.5,2024-08-18
U0986,A059,2.5,2024-09-26
U0986,A049,3.0,2024-11-25
U0986,A010,3.0,2024-10-06
U0987,A028,3.0,2024-10-21
U0987,A008,3.0,2024-11-02
U0987,A032,2.0,2024-10-01
U0987,A051,3.5,2024-05-18
U0987,A047,4.0,2024-07-19
U0987,A034,3.5,2024-01-13
U0987,A036,2.0,2024-12-13
U0987,A040,2.0,2024-06-15
U0987,A045,2.5,2024-09-20
U0987,A053,4.0,2024-08-07
U0987,A021,3.0,2024-12-17
U0987,A056,2.0,2024-08-15
U0987,A039,4.5,2024-11-15
U0987,A059,4.0,2024-05-17
U0987,A011,2.0,2024-10-17
U0988,A055,2.5,2024-02-12
U0988,A024,5.0,2024-07-15
U0988,A025,4.5,2024-07-24
U0988,A034,2.5,2024-03-08
U0988,A057,2.5,2024-01-04
U0988,A042,2.0,2024-02-20
U0988,A053,2.5,2024-08-02
U0988,A023,3.0,2024-06-14
U0988,A037,2.5,2024-07-01
U0988,A038,4.5,2024-06-12
U0988,A039,2.0,2024-08-18
U0988,A058,3.0,2024-12-16
U0988,A004,1.5,2024-09-16
U0988,A010,3.0,2024-07-27
U0989,A024,2.5,2024-01-03
U0989,A005,2.5,2024-01-04
U0989,A036,2.5,2024-01-27
U0989,A030,2.0,2024-07-16
U0989,A045,3.5,2024-09-25
U0989,A046,3.5,2024-08-16
U0989,A020,2.0,2024-06-21
U0989,A006,3.5,2024-09-23
U0989,A027,3.5,2024-07-31
U0989,A059,3.5,2024-09-28
U0989,A049,4.0,2024-03-08
U0989,A052,3.0,2024-05-29
U0990,A033,5.0,2024-03-30
U0990,A005,2.0,2024-05-11
U0990,A036,3.5,2024-06-03
U0990,A060,3.0,2024-05-13
U0990,A044,3.5,2024-02-05
U0990,A014,3.5,2024-09-19
U0990,A052,3.5,2024-10-28
U0990,A029,4.0,2024-11-09
U0991,A005,4.0,2024-01-11
U0991,A034,4.5,2024-05-05
U0991,A036,3.0,2024-07-28
U0991,A047,3.5,2024-04-09
U0991,A046,2.5,2024-01-24
U0991,A031,3.0,2024-11-14
U0991,A041,4.0,2024-06-01
U0991,A060,3.0,2024-05-17
U0991,A042,2.5,2024-03-19
U0991,A009,3.0,2024-04-18
U0991,A037,3.0,2024-09-19
U0991,A023,2.5,2024-11-25
U0991,A004,4.0,2024-07-29
U0991,A008,3.0,2024-02-01
U0991,A014,4.0,2024-03-29
U0992,A028,2.5,2024-05-17
U0992,A047,4.0,2024-12-08
U0992,A026,3.0,2024-10-23
U0992,A013,2.0,2024-01-07
U0992,A021,4.0,2024-10-25
U0992,A050,2.5,2024-08-09
U0992,A048,3.5,2024-11-22
U0992,A035,3.5,2024-02-03
U0993,A055,3.0,2024-06-01
U0993,A051,3.5,2024-06-11
U0993,A047,3.5,2024-01-22
U0993,A030,1.0,2024-08-25
U0993,A026,3.5,2024-04-14
U0993,A022,3.5,2024-06-30
U0993,A021,2.5,2024-07-12
U0993,A053,1.5,2024-12-19
U0993,A006,3.0,2024-09-08
U0993,A056,3.0,2024-06-02
U0993,A038,2.5,2024-09-17
U0993,A059,3.0,2024-01-08
U0993,A003,4.0,2024-10-20
U0993,A035,4.5,2024-06-13
U0993,A014,3.0,2024-09-12
U0994,A005,3.5,2024-03-16
U0994,A031,2.5,2024-11-29
U0994,A039,3.5,2024-01-23
U0994,A043,4.5,2024-04-29
U0994,A053,4.0,2024-02-16
U0994,A023,4.0,2024-06-30
U0994,A044,3.0,2024-09-28
U0994,A033,3.0,2024-11-03
U0994,A058,4.0,2024-03-12
U0994,A027,3.0,2024-06-19
U0994,A010,3.5,2024-09-23
U0995,A024,2.5,2024-08-29
U0995,A051,2.5,2024-05-26
U0995,A025,2.0,2024-09-29
U0995,A054,2.5,2024-08-11
U0995,A034,4.0,2024-08-23
U0995,A057,2.5,2024-07-04
U0995,A022,2.0,2024-11-08
U0995,A046,3.0,2024-07-06
U0995,A016,3.5,2024-02-28
U0995,A060,2.0,2024-12-02
U0995,A056,4.0,2024-06-07
U0995,A011,2.0,2024-02-04
U0996,A055,2.5,2024-03-22
U0996,A002,3.5,2024-05-05
U0996,A025,3.5,2024-11-27
U0996,A017,3.5,2024-04-22
U0996,A060,3.0,2024-03-27
U0996,A041,4.0,2024-08-07
U0996,A050,3.0,2024-01-16
U0996,A009,3.0,2024-11-25
U0996,A037,2.5,2024-07-03
U0996,A001,3.5,2024-10-07
U0996,A059,2.0,2024-07-11
U0996,A011,4.0,2024-11-14
U0996,A010,3.0,2024-05-23
U0996,A052,2.5,2024-03-25
U0997,A055,3.5,2024-09-13
U0997,A024,4.0,2024-03-17
U0997,A032,3.5,2024-05-30
U0997,A034,5.0,2024-03-16
U0997,A047,4.0,2024-07-14
U0997,A019,2.5,2024-07-04
U0997,A046,3.5,2024-06-23
U0997,A060,3.0,2024-10-15
U0997,A006,2.5,2024-06-08
U0997,A004,2.5,2024-07-31
U0997,A048,3.5,2024-11-14
U0997,A008,3.5,2024-10-07
U0997,A003,2.5,2024-10-30
U0997,A035,4.0,2024-01-12
U0997,A029,3.5,2024-08-03
U0998,A024,4.0,2024-10-23
U0998,A034,3.0,2024-01-14
U0998,A054,3.5,2024-03-18
U0998,A046,2.5,2024-03-28
U0998,A016,3.0,2024-04-26
U0998,A021,2.5,2024-08-29
U0998,A038,2.5,2024-12-13
U0998,A033,5.0,2024-10-20
U0998,A049,4.0,2024-01-29
U0998,A010,3.5,2024-01-19
U0999,A018,3.5,2024-04-13
U0999,A002,3.0,2024-10-30
U0999,A036,2.0,2024-09-25
U0999,A030,3.5,2024-02-09
U0999,A045,3.0,2024-10-05
U0999,A046,2.5,2024-10-03
U0999,A031,3.5,2024-11-15
U0999,A043,3.0,2024-12-16
U0999,A020,3.0,2024-01-21
U0999,A038,3.0,2024-08-19
U0999,A044,3.0,2024-04-17
U0999,A008,2.5,2024-08-24
U0999,A052,3.5,2024-09-20
U0999,A035,2.0,2024-02-03
U1000,A025,4.0,2024-10-08
U1000,A057,2.5,2024-09-19
U1000,A022,3.0,2024-08-14
U1000,A020,5.0,2024-07-29
U1000,A060,4.0,2024-04-15
U1000,A043,3.5,2024-09-25
U1000,A042,4.5,2024-01-12
U1000,A035,3.0,2024-03-20
U1000,A006,3.5,2024-01-09
U1000,A048,3.0,2024-12-16
U1000,A010,4.0,2024-09-02
U1000,A052,4.0,2024-07-23
U1000,A029,3.5,2024-02-10
